brand,model,model_year,milage,fuel_type,engine,transmission,ext_col,int_col,accident,clean_title,price,data_source,listing_date,body_style_source,mpg_combined_source
Mercedes-Benz,AMG GT 53,2026,"1,424 mi.",Gasoline,6 Cyl,Automatic,Silver,Unknown,None reported,Yes,"$126,680",carfax_rebrowser_sample_oneprice,2026-04-22,Coupe,21.0
Porsche,911 Carrera 4,2026,884 mi.,Gasoline,6 Cyl,Automatic,Blue,Black,None reported,Yes,"$250,780",carfax_rebrowser_sample_oneprice,2026-04-22,Coupe,19.0
Chevrolet,Corvette E-Ray,2025,"3,992 mi.",Hybrid,8 Cyl,Automatic,Blue,Black,None reported,Yes,"$95,050",carfax_rebrowser_sample_oneprice,2026-04-22,Coupe,
Porsche,718 Cayman S,2025,"4,700 mi.",Gasoline,4 Cyl,Manual,Blue,Black,None reported,Yes,"$94,960",carfax_rebrowser_sample_oneprice,2026-04-22,Coupe,21.0
Chevrolet,Corvette Z06,2024,"10,667 mi.",Gasoline,8 Cyl,Automatic,Black,Black,None reported,Yes,"$97,820",carfax_rebrowser_sample_oneprice,2026-04-22,Coupe,14.0
Chevrolet,Corvette E-Ray,2024,"23,850 mi.",Hybrid,8 Cyl,Automatic,Red,Black,None reported,Yes,"$99,440",carfax_rebrowser_sample_oneprice,2026-04-22,Coupe,
Lotus,Emira First Edition,2024,"3,032 mi.",Gasoline,6 Cyl,Manual,Green,Tan,None reported,Yes,"$96,900",carfax_rebrowser_sample_oneprice,2026-04-22,Coupe,19.0
Lotus,Emira First Edition,2024,"3,707 mi.",Gasoline,6 Cyl,Manual,Silver,Red,None reported,Yes,"$91,340",carfax_rebrowser_sample_oneprice,2026-04-22,Coupe,19.0
Lexus,LC 500,2024,"12,935 mi.",Gasoline,8 Cyl,Automatic,Silver,Black,None reported,Yes,"$97,660",carfax_rebrowser_sample_oneprice,2026-04-22,Coupe,18.0
Mercedes-Benz,AMG GT 53,2024,"1,799 mi.",Gasoline,6 Cyl,Automatic,Black,Black,None reported,Yes,"$102,240",carfax_rebrowser_sample_oneprice,2026-04-22,Coupe,21.0
Mercedes-Benz,AMG GT 53,2024,"3,409 mi.",Gasoline,6 Cyl,Automatic,Black,Black,None reported,Yes,"$95,510",carfax_rebrowser_sample_oneprice,2026-04-22,Coupe,21.0
Porsche,718 Cayman S,2024,"4,269 mi.",Gasoline,4 Cyl,Automatic,White,Black,None reported,Yes,"$91,510",carfax_rebrowser_sample_oneprice,2026-04-22,Coupe,22.0
BMW,M8 Competition,2024,"26,831 mi.",Gasoline,8 Cyl,Automatic,Black,Orange,None reported,Yes,"$98,380",carfax_rebrowser_sample_oneprice,2026-04-22,Coupe,17.0
Lotus,Emira First Edition,2024,"3,676 mi.",Gasoline,6 Cyl,Unknown,Yellow,Unknown,None reported,Yes,"$93,850",carfax_rebrowser_sample_oneprice,2026-04-22,Coupe,21.0
Mercedes-Benz,AMG GT 53,2024,"11,426 mi.",Gasoline,6 Cyl,Automatic,Gray,Black,None reported,Yes,"$93,110",carfax_rebrowser_sample_oneprice,2026-04-22,Coupe,21.0
Chevrolet,Corvette Z06,2024,"16,951 mi.",Gasoline,8 Cyl,Automatic,Red,Black,None reported,Yes,"$98,190",carfax_rebrowser_sample_oneprice,2026-04-22,Coupe,14.0
Lotus,Emira First Edition,2024,"2,932 mi.",Gasoline,6 Cyl,Unknown,Blue,Unknown,None reported,Yes,"$95,980",carfax_rebrowser_sample_oneprice,2026-04-22,Coupe,21.0
Porsche,718 Cayman,2025,"5,531 mi.",Gasoline,4 Cyl,Unknown,Black,Unknown,None reported,Yes,"$87,820",carfax_rebrowser_sample_oneprice,2026-04-22,Coupe,24.0
Chevrolet,Corvette,2025,"2,705 mi.",Gasoline,8 Cyl,Automatic,White,Unknown,None reported,Yes,"$80,360",carfax_rebrowser_sample_oneprice,2026-04-22,Coupe,19.0
Lotus,Emira First Edition,2024,"3,401 mi.",Gasoline,6 Cyl,Manual,Gray,Gray,None reported,Yes,"$92,620",carfax_rebrowser_sample_oneprice,2026-04-22,Coupe,19.0
Lotus,Emira First Edition,2024,"1,273 mi.",Gasoline,6 Cyl,Manual,Gray,Tan,None reported,Yes,"$95,490",carfax_rebrowser_sample_oneprice,2026-04-22,Coupe,19.0
GMC,Yukon XL SLT,2024,"72,985 mi.",Gasoline,8 Cyl,Automatic,White,Black,None reported,Yes,"$49,340",carfax_rebrowser_sample_oneprice,2026-04-22,SUV,17.0
Porsche,718 Cayman Style Edition,2025,"6,676 mi.",Gasoline,4 Cyl,Automatic,Blue,Black,None reported,Yes,"$89,790",carfax_rebrowser_sample_oneprice,2026-04-22,Coupe,24.0
Ford,Mustang GT,2025,"3,906 mi.",Gasoline,8 Cyl,Automatic,White,Black,None reported,Yes,"$48,180",carfax_rebrowser_sample_oneprice,2026-04-22,Coupe,19.0
Nissan,Titan Platinum Reserve,2024,"34,815 mi.",Gasoline,8 Cyl,Automatic,Blue,Brown,None reported,Yes,"$47,280",carfax_rebrowser_sample_oneprice,2026-04-22,Pickup,17.0
Ford,Mustang GT,2025,"8,647 mi.",Gasoline,8 Cyl,Automatic,Blue,Black,None reported,Yes,"$48,680",carfax_rebrowser_sample_oneprice,2026-04-22,Coupe,19.0
Toyota,RAV4 XLE,2024,"33,580 mi.",Hybrid,4 Cyl,Automatic,Black,Gray,None reported,Yes,"$32,060",carfax_rebrowser_sample_oneprice,2026-04-22,SUV,39.0
Audi,Q8 e-tron Premium Plus,2024,"27,756 mi.",Electric,Electric,Automatic,White,Tan,None reported,Yes,"$41,570",carfax_rebrowser_sample_oneprice,2026-04-22,SUV,81.0
Nissan,Z Performance,2024,"3,754 mi.",Gasoline,6 Cyl,Automatic,Blue,Gray,None reported,Yes,"$48,050",carfax_rebrowser_sample_oneprice,2026-04-22,Coupe,22.0
Ford,Mustang,2026,417 mi.,Gasoline,4 Cyl,Automatic,Black,Black,None reported,Yes,"$37,540",carfax_rebrowser_sample_oneprice,2026-04-22,Coupe,26.0
Ford,Mustang,2026,446 mi.,Gasoline,4 Cyl,Automatic,Blue,Black,None reported,Yes,"$42,010",carfax_rebrowser_sample_oneprice,2026-04-22,Coupe,26.0
Ford,Mustang,2026,"11,240 mi.",Gasoline,4 Cyl,Automatic,Silver,Black,None reported,Yes,"$35,420",carfax_rebrowser_sample_oneprice,2026-04-22,Coupe,26.0
Ford,Mustang,2026,"40,546 mi.",Gasoline,4 Cyl,Automatic,Blue,Gray,None reported,Yes,"$31,150",carfax_rebrowser_sample_oneprice,2026-04-22,Coupe,26.0
Ford,Mustang,2026,"7,484 mi.",Gasoline,4 Cyl,Automatic,White,Black,None reported,Yes,"$36,140",carfax_rebrowser_sample_oneprice,2026-04-22,Coupe,26.0
BMW,4 Series 430i xDrive,2026,"18,392 mi.",Gasoline,4 Cyl,Automatic,White,Black,None reported,Yes,"$45,690",carfax_rebrowser_sample_oneprice,2026-04-22,Coupe,30.0
Ford,Mustang,2026,"6,949 mi.",Gasoline,4 Cyl,Automatic,White,Black,None reported,Yes,"$36,560",carfax_rebrowser_sample_oneprice,2026-04-22,Coupe,26.0
Ford,Mustang,2026,"12,207 mi.",Gasoline,4 Cyl,Automatic,Red,Black,None reported,Yes,"$35,540",carfax_rebrowser_sample_oneprice,2026-04-22,Coupe,26.0
BMW,2 Series 230i,2026,"2,839 mi.",Gasoline,4 Cyl,Automatic,White,Black,None reported,Yes,"$44,160",carfax_rebrowser_sample_oneprice,2026-04-22,Coupe,30.0
Mazda,CX-50 S,2025,"9,074 mi.",Gasoline,4 Cyl,Automatic,Gray,Brown,None reported,Yes,"$33,320",carfax_rebrowser_sample_oneprice,2026-04-22,SUV,28.0
Mercedes-Benz,SL-Class Maybach SL 680,2026,200 mi.,Gasoline,8 Cyl,Automatic,White,Unknown,None reported,Yes,"$237,190",carfax_rebrowser_sample_oneprice,2026-04-22,Convertible,16.0
Chevrolet,Corvette Z06,2025,484 mi.,Gasoline,8 Cyl,Automatic,Orange,Black,None reported,Yes,"$130,610",carfax_rebrowser_sample_oneprice,2026-04-22,Convertible,14.0
Chevrolet,Corvette E-Ray,2025,"5,630 mi.",Hybrid,8 Cyl,Automatic,White,Black,None reported,Yes,"$117,370",carfax_rebrowser_sample_oneprice,2026-04-22,Convertible,
Porsche,718 Boxster GTS,2025,"1,357 mi.",Gasoline,6 Cyl,Manual,White,Black,None reported,Yes,"$123,460",carfax_rebrowser_sample_oneprice,2026-04-22,Convertible,19.0
Chevrolet,Corvette E-Ray,2025,997 mi.,Hybrid,8 Cyl,Automatic,Red,Unknown,None reported,Yes,"$106,660",carfax_rebrowser_sample_oneprice,2026-04-22,Convertible,
Chevrolet,Corvette E-Ray,2025,"1,484 mi.",Hybrid,8 Cyl,Automatic,White,Black,None reported,Yes,"$113,570",carfax_rebrowser_sample_oneprice,2026-04-22,Convertible,
Lexus,LC 500,2025,"4,885 mi.",Gasoline,8 Cyl,Automatic,Black,Black,None reported,Yes,"$121,860",carfax_rebrowser_sample_oneprice,2026-04-22,Convertible,18.0
Chevrolet,Corvette Z06,2025,"1,826 mi.",Gasoline,8 Cyl,Automatic,Blue,Black,None reported,Yes,"$130,300",carfax_rebrowser_sample_oneprice,2026-04-22,Convertible,14.0
Chevrolet,Corvette E-Ray,2025,"6,270 mi.",Hybrid,8 Cyl,Automatic,Gray,Black,None reported,Yes,"$112,230",carfax_rebrowser_sample_oneprice,2026-04-22,Convertible,
Porsche,911 Carrera S,2025,502 mi.,Gasoline,6 Cyl,Automatic,Silver,Black,None reported,Yes,"$181,220",carfax_rebrowser_sample_oneprice,2026-04-22,Convertible,20.0
Chevrolet,Corvette Z06,2025,415 mi.,Gasoline,8 Cyl,Automatic,Black,Black,None reported,Yes,"$133,490",carfax_rebrowser_sample_oneprice,2026-04-22,Convertible,14.0
Chevrolet,Corvette E-Ray,2025,210 mi.,Hybrid,8 Cyl,Automatic,Blue,Black,None reported,Yes,"$116,170",carfax_rebrowser_sample_oneprice,2026-04-22,Convertible,
Chevrolet,Corvette Z06,2025,"5,662 mi.",Gasoline,8 Cyl,Automatic,Blue,Black,None reported,Yes,"$122,080",carfax_rebrowser_sample_oneprice,2026-04-22,Convertible,14.0
Chevrolet,Corvette Z06,2025,"18,569 mi.",Gasoline,8 Cyl,Automatic,Yellow,Black,None reported,Yes,"$125,260",carfax_rebrowser_sample_oneprice,2026-04-22,Convertible,14.0
Chevrolet,Corvette E-Ray,2025,523 mi.,Hybrid,8 Cyl,Automatic,Gray,Black,None reported,Yes,"$115,740",carfax_rebrowser_sample_oneprice,2026-04-22,Convertible,
Chevrolet,Corvette Z06,2025,523 mi.,Gasoline,8 Cyl,Automatic,Red,Unknown,None reported,Yes,"$121,450",carfax_rebrowser_sample_oneprice,2026-04-22,Convertible,14.0
Chevrolet,Corvette E-Ray,2025,825 mi.,Hybrid,8 Cyl,Automatic,White,Red,None reported,Yes,"$120,820",carfax_rebrowser_sample_oneprice,2026-04-22,Convertible,
Mercedes-Benz,SL-Class AMG SL 55,2025,"3,293 mi.",Gasoline,8 Cyl,Automatic,Black,Black,None reported,Yes,"$140,000",carfax_rebrowser_sample_oneprice,2026-04-22,Convertible,16.0
Chevrolet,Corvette Z06,2025,"4,424 mi.",Gasoline,8 Cyl,Automatic,Purple,Gray,None reported,Yes,"$113,550",carfax_rebrowser_sample_oneprice,2026-04-22,Convertible,14.0
Chevrolet,Corvette,2026,235 mi.,Gasoline,8 Cyl,Automatic,Black,Black,None reported,Yes,"$90,000",carfax_rebrowser_sample_oneprice,2026-04-22,Convertible,19.0
Chevrolet,Corvette E-Ray,2025,"6,315 mi.",Hybrid,8 Cyl,Automatic,Blue,Gray,None reported,Yes,"$107,530",carfax_rebrowser_sample_oneprice,2026-04-22,Convertible,
BMW,8 Series 840i,2026,"10,337 mi.",Gasoline,6 Cyl,Automatic,White,Black,None reported,Yes,"$92,220",carfax_rebrowser_sample_oneprice,2026-04-22,Convertible,24.0
Mercedes-Benz,CLE 300,2024,"5,513 mi.",Gasoline,4 Cyl,Automatic,Gray,Black,None reported,Yes,"$62,170",carfax_rebrowser_sample_oneprice,2026-04-22,Convertible,26.0
Audi,S5 Premium Plus,2024,"18,389 mi.",Gasoline,6 Cyl,Automatic,Gray,Gray,None reported,Yes,"$60,740",carfax_rebrowser_sample_oneprice,2026-04-22,Convertible,22.0
Chevrolet,Corvette,2024,"22,333 mi.",Gasoline,8 Cyl,Automatic,Silver,Red,None reported,Yes,"$64,380",carfax_rebrowser_sample_oneprice,2026-04-22,Convertible,19.0
Audi,S5 Premium Plus,2024,"9,186 mi.",Gasoline,6 Cyl,Automatic,Red,Gray,None reported,Yes,"$62,210",carfax_rebrowser_sample_oneprice,2026-04-22,Convertible,22.0
Chevrolet,Corvette,2024,"8,334 mi.",Gasoline,8 Cyl,Automatic,White,Black,None reported,Yes,"$78,550",carfax_rebrowser_sample_oneprice,2026-04-22,Convertible,19.0
Mercedes-Benz,CLE 450,2024,"11,325 mi.",Gasoline,6 Cyl,Automatic,Black,Black,None reported,Yes,"$67,450",carfax_rebrowser_sample_oneprice,2026-04-22,Convertible,26.0
BMW,4 Series 430i xDrive,2026,"12,720 mi.",Gasoline,4 Cyl,Automatic,White,Red,None reported,Yes,"$55,040",carfax_rebrowser_sample_oneprice,2026-04-22,Convertible,28.0
BMW,4 Series 430i,2026,"18,596 mi.",Gasoline,4 Cyl,Automatic,Black,Black,None reported,Yes,"$52,450",carfax_rebrowser_sample_oneprice,2026-04-22,Convertible,30.0
BMW,Z4 sDrive30i,2026,"19,475 mi.",Gasoline,4 Cyl,Automatic,Red,Black,None reported,Yes,"$42,980",carfax_rebrowser_sample_oneprice,2026-04-22,Convertible,28.0
BMW,Z4 sDrive30i,2026,"15,306 mi.",Gasoline,4 Cyl,Automatic,Blue,Black,None reported,Yes,"$40,610",carfax_rebrowser_sample_oneprice,2026-04-22,Convertible,28.0
Mitsubishi,Mirage ES,2024,"36,508 mi.",Gasoline,3 Cyl,Automatic,Gray,Black,None reported,Yes,"$14,480",carfax_rebrowser_sample_oneprice,2026-04-23,Hatchback,39.0
Mitsubishi,Mirage ES,2024,"25,607 mi.",Gasoline,3 Cyl,Automatic,Black,Black,None reported,Yes,"$14,120",carfax_rebrowser_sample_oneprice,2026-04-23,Hatchback,39.0
Mitsubishi,Mirage ES,2024,"49,637 mi.",Gasoline,3 Cyl,Automatic,Red,Black,None reported,Yes,"$14,050",carfax_rebrowser_sample_oneprice,2026-04-23,Hatchback,39.0
Toyota,Prius XLE,2024,"14,216 mi.",Hybrid,4 Cyl,Automatic,Gray,Black,None reported,Yes,"$21,170",carfax_rebrowser_sample_oneprice,2026-04-23,Hatchback,52.0
Mitsubishi,Mirage LE,2024,"10,808 mi.",Gasoline,3 Cyl,Automatic,White,Black,None reported,Yes,"$14,860",carfax_rebrowser_sample_oneprice,2026-04-23,Hatchback,39.0
Mitsubishi,Mirage ES,2024,"48,928 mi.",Gasoline,3 Cyl,Automatic,Gray,Unknown,None reported,Yes,"$13,370",carfax_rebrowser_sample_oneprice,2026-04-23,Hatchback,39.0
Mitsubishi,Mirage ES,2024,"32,614 mi.",Gasoline,3 Cyl,Automatic,Unknown,Black,None reported,Yes,"$14,190",carfax_rebrowser_sample_oneprice,2026-04-23,Hatchback,39.0
Mitsubishi,Mirage ES,2024,"22,640 mi.",Gasoline,3 Cyl,Automatic,White,Black,None reported,Yes,"$15,760",carfax_rebrowser_sample_oneprice,2026-04-23,Hatchback,39.0
Mitsubishi,Mirage ES,2024,"33,519 mi.",Gasoline,3 Cyl,Automatic,Blue,Black,None reported,Yes,"$14,760",carfax_rebrowser_sample_oneprice,2026-04-23,Hatchback,39.0
Mitsubishi,Mirage ES,2024,"32,206 mi.",Gasoline,3 Cyl,Automatic,Silver,Black,None reported,Yes,"$15,150",carfax_rebrowser_sample_oneprice,2026-04-23,Hatchback,39.0
Mitsubishi,Mirage ES,2024,"38,316 mi.",Gasoline,3 Cyl,Automatic,Blue,Black,None reported,Yes,"$14,290",carfax_rebrowser_sample_oneprice,2026-04-23,Hatchback,39.0
Mitsubishi,Mirage ES,2024,"28,662 mi.",Gasoline,3 Cyl,Automatic,Black,Black,None reported,Yes,"$13,800",carfax_rebrowser_sample_oneprice,2026-04-23,Hatchback,39.0
Mitsubishi,Mirage ES,2024,"25,950 mi.",Gasoline,3 Cyl,Automatic,Black,Unknown,None reported,Yes,"$14,600",carfax_rebrowser_sample_oneprice,2026-04-23,Hatchback,39.0
Nissan,Leaf SV,2024,"25,429 mi.",Electric,Electric,Automatic,Silver,Black,None reported,Yes,"$16,790",carfax_rebrowser_sample_oneprice,2026-04-23,Hatchback,109.0
Mitsubishi,Mirage ES,2024,"36,922 mi.",Gasoline,3 Cyl,Automatic,Red,Black,None reported,Yes,"$13,450",carfax_rebrowser_sample_oneprice,2026-04-23,Hatchback,39.0
Mitsubishi,Mirage ES,2024,"54,604 mi.",Gasoline,3 Cyl,Automatic,Gray,Unknown,None reported,Yes,"$13,390",carfax_rebrowser_sample_oneprice,2026-04-23,Hatchback,39.0
Mitsubishi,Mirage ES,2024,"54,599 mi.",Gasoline,3 Cyl,Automatic,Red,Unknown,None reported,Yes,"$13,890",carfax_rebrowser_sample_oneprice,2026-04-23,Hatchback,39.0
Nissan,Leaf S,2024,"19,072 mi.",Electric,Electric,Automatic,Black,Black,None reported,Yes,"$15,340",carfax_rebrowser_sample_oneprice,2026-04-23,Hatchback,111.0
Mitsubishi,Mirage ES,2024,"63,924 mi.",Gasoline,3 Cyl,Automatic,Black,Black,None reported,Yes,"$13,550",carfax_rebrowser_sample_oneprice,2026-04-23,Hatchback,39.0
Mitsubishi,Mirage ES,2024,"28,855 mi.",Gasoline,3 Cyl,Automatic,Unknown,Unknown,None reported,Yes,"$14,740",carfax_rebrowser_sample_oneprice,2026-04-23,Hatchback,39.0
Mitsubishi,Mirage ES,2024,"48,575 mi.",Gasoline,3 Cyl,Automatic,Black,Unknown,None reported,Yes,"$13,650",carfax_rebrowser_sample_oneprice,2026-04-23,Hatchback,39.0
Mitsubishi,Mirage ES,2024,"21,540 mi.",Gasoline,3 Cyl,Automatic,Gray,Black,None reported,Yes,"$13,930",carfax_rebrowser_sample_oneprice,2026-04-23,Hatchback,39.0
Mitsubishi,Mirage ES,2024,"20,008 mi.",Gasoline,3 Cyl,Automatic,Black,Black,None reported,Yes,"$15,810",carfax_rebrowser_sample_oneprice,2026-04-23,Hatchback,39.0
Mitsubishi,Mirage,2024,"11,840 mi.",Gasoline,3 Cyl,Automatic,Gray,Black,None reported,Yes,"$15,180",carfax_rebrowser_sample_oneprice,2026-04-23,Hatchback,39.0
Mitsubishi,Mirage ES,2024,"20,698 mi.",Gasoline,3 Cyl,Automatic,Silver,Black,None reported,Yes,"$14,710",carfax_rebrowser_sample_oneprice,2026-04-23,Hatchback,39.0
Nissan,Frontier PRO-4X,2024,"29,510 mi.",Gasoline,6 Cyl,Automatic,Gray,Black,None reported,Yes,"$37,960",carfax_rebrowser_sample_oneprice,2026-04-23,Pickup,19.0
Honda,HR-V EX-L,2024,"5,259 mi.",Gasoline,4 Cyl,Automatic,Gray,Black,None reported,Yes,"$28,800",carfax_rebrowser_sample_oneprice,2026-04-23,SUV,27.0
Jeep,Wrangler Sport 4xe,2024,"16,750 mi.",Hybrid,4 Cyl,Automatic,Blue,Black,None reported,Yes,"$32,090",carfax_rebrowser_sample_oneprice,2026-04-23,SUV,
Nissan,Rogue S,2024,"60,138 mi.",Gasoline,3 Cyl,Automatic,Black,Black,None reported,Yes,"$19,830",carfax_rebrowser_sample_oneprice,2026-04-23,SUV,31.0
Mazda,CX-5 S,2024,"27,866 mi.",Gasoline,4 Cyl,Automatic,Black,Black,None reported,Yes,"$29,060",carfax_rebrowser_sample_oneprice,2026-04-23,SUV,
Ford,Edge SEL,2024,"16,250 mi.",Gasoline,4 Cyl,Automatic,Gray,Black,None reported,Yes,"$29,330",carfax_rebrowser_sample_oneprice,2026-04-23,SUV,23.0
Ram,1500 Big Horn/Lone Star,2025,"24,655 mi.",Gasoline,6 Cyl,Automatic,White,Black,None reported,Yes,"$42,000",carfax_rebrowser_sample_oneprice,2026-04-23,Pickup,
Hyundai,Ioniq 5 SEL,2024,"18,915 mi.",Electric,Electric,Automatic,Turquoise,Black,None reported,Yes,"$26,660",carfax_rebrowser_sample_oneprice,2026-04-23,SUV,99.0
Ford,Escape Active,2024,494 mi.,Gasoline,3 Cyl,Automatic,White,Black,None reported,Yes,"$25,780",carfax_rebrowser_sample_oneprice,2026-04-23,SUV,30.0
Honda,CR-V EX,2024,"14,566 mi.",Gasoline,4 Cyl,Automatic,Silver,Unknown,None reported,Yes,"$29,210",carfax_rebrowser_sample_oneprice,2026-04-23,SUV,30.0
Hyundai,Tucson SEL,2024,"60,844 mi.",Gasoline,4 Cyl,Automatic,Blue,Gray,None reported,Yes,"$20,420",carfax_rebrowser_sample_oneprice,2026-04-23,SUV,25.0
Nissan,Rogue S,2024,"53,168 mi.",Gasoline,3 Cyl,Automatic,Black,Black,None reported,Yes,"$20,150",carfax_rebrowser_sample_oneprice,2026-04-23,SUV,31.0
Ford,Escape ST-Line,2024,"53,075 mi.",Gasoline,3 Cyl,Automatic,Silver,Black,None reported,Yes,"$19,030",carfax_rebrowser_sample_oneprice,2026-04-23,SUV,30.0
Chevrolet,Equinox LT,2024,"31,684 mi.",Gasoline,4 Cyl,Automatic,Silver,Unknown,None reported,Yes,"$25,110",carfax_rebrowser_sample_oneprice,2026-04-23,SUV,26.0
Chevrolet,Trax RS,2024,"4,082 mi.",Gasoline,3 Cyl,Automatic,Red,Black,None reported,Yes,"$23,680",carfax_rebrowser_sample_oneprice,2026-04-23,SUV,30.0
Ford,Escape ST-Line,2024,"55,655 mi.",Gasoline,3 Cyl,Automatic,Red,Black,None reported,Yes,"$20,080",carfax_rebrowser_sample_oneprice,2026-04-23,SUV,28.0
Ford,Escape ST-Line,2024,"16,649 mi.",Gasoline,3 Cyl,Automatic,Silver,Black,None reported,Yes,"$26,560",carfax_rebrowser_sample_oneprice,2026-04-23,SUV,28.0
GMC,Sierra 1500 AT4X,2024,"39,877 mi.",Diesel,6 Cyl,Automatic,Gray,Black,None reported,Yes,"$61,620",carfax_rebrowser_sample_oneprice,2026-04-23,Pickup,19.0
Chrysler,Voyager LX,2024,"85,556 mi.",Gasoline,6 Cyl,Automatic,White,Black,None reported,Yes,"$22,590",carfax_rebrowser_sample_oneprice,2026-04-23,Minivan,22.0
Mercedes-Benz,E-Class AMG E 53,2026,832 mi.,Hybrid,6 Cyl,Automatic,White,Brown,None reported,Yes,"$101,670",carfax_rebrowser_sample_oneprice,2026-04-23,Sedan,24.0
BMW,8 Series M850i xDrive,2026,"2,664 mi.",Gasoline,8 Cyl,Automatic,Black,Black,None reported,Yes,"$85,880",carfax_rebrowser_sample_oneprice,2026-04-23,Sedan,19.0
BMW,M3 Competition xDrive,2026,"7,000 mi.",Gasoline,6 Cyl,Automatic,Yellow,Orange,None reported,Yes,"$96,230",carfax_rebrowser_sample_oneprice,2026-04-23,Sedan,
BMW,M3 Competition xDrive,2026,"1,113 mi.",Gasoline,6 Cyl,Automatic,Gray,Red,None reported,Yes,"$98,730",carfax_rebrowser_sample_oneprice,2026-04-23,Sedan,
BMW,M3 Competition xDrive,2026,"1,492 mi.",Gasoline,6 Cyl,Automatic,Black,Black,None reported,Yes,"$99,080",carfax_rebrowser_sample_oneprice,2026-04-23,Sedan,
Mercedes-Benz,E-Class AMG E 53,2026,"1,363 mi.",Hybrid,6 Cyl,Automatic,White,Black,None reported,Yes,"$97,580",carfax_rebrowser_sample_oneprice,2026-04-23,Sedan,24.0
Mercedes-Benz,E-Class AMG E 53,2026,467 mi.,Hybrid,6 Cyl,Automatic,White,Gray,None reported,Yes,"$99,110",carfax_rebrowser_sample_oneprice,2026-04-23,Sedan,24.0
BMW,i7 eDrive50,2026,"2,125 mi.",Electric,Electric,Automatic,Black,Black,None reported,Yes,"$113,680",carfax_rebrowser_sample_oneprice,2026-04-23,Sedan,85.0
Porsche,Panamera,2024,"8,247 mi.",Gasoline,6 Cyl,Automatic,White,Brown,None reported,Yes,"$94,750",carfax_rebrowser_sample_oneprice,2026-04-23,Sedan,21.0
BMW,M8 Competition,2024,"1,009 mi.",Gasoline,8 Cyl,Automatic,Gray,Black,None reported,Yes,"$104,950",carfax_rebrowser_sample_oneprice,2026-04-23,Sedan,17.0
Genesis,G90 E-SC,2026,"3,445 mi.",Gasoline,6 Cyl,Automatic,White,White,None reported,Yes,"$88,200",carfax_rebrowser_sample_oneprice,2026-04-23,Sedan,21.0
Mercedes-Benz,E-Class E 350,2026,"5,521 mi.",Gasoline,4 Cyl,Automatic,White,Unknown,None reported,Yes,"$70,020",carfax_rebrowser_sample_oneprice,2026-04-23,Sedan,27.0
Genesis,G90 E-SC,2026,19 mi.,Gasoline,6 Cyl,Automatic,Black,Red,None reported,Yes,"$93,270",carfax_rebrowser_sample_oneprice,2026-04-23,Sedan,21.0
Genesis,G80 Prestige Black,2026,"8,302 mi.",Gasoline,6 Cyl,Automatic,Black,Black,None reported,Yes,"$70,320",carfax_rebrowser_sample_oneprice,2026-04-23,Sedan,18.0
Cadillac,CT5 V,2026,"5,848 mi.",Gasoline,6 Cyl,Automatic,Black,Black,None reported,Yes,"$63,240",carfax_rebrowser_sample_oneprice,2026-04-23,Sedan,20.0
BMW,i5 M60,2024,"13,471 mi.",Electric,Electric,Automatic,Gray,Black,None reported,Yes,"$61,870",carfax_rebrowser_sample_oneprice,2026-04-23,Sedan,
BMW,8 Series 840i,2024,"19,189 mi.",Gasoline,6 Cyl,Automatic,Gray,White,None reported,Yes,"$61,770",carfax_rebrowser_sample_oneprice,2026-04-23,Sedan,24.0
Lexus,IS 500 F Sport Performance,2024,"8,424 mi.",Gasoline,8 Cyl,Automatic,White,Black,None reported,Yes,"$68,120",carfax_rebrowser_sample_oneprice,2026-04-23,Sedan,20.0
BMW,7 Series 740i,2024,"49,673 mi.",Gasoline,6 Cyl,Automatic,Black,Black,None reported,Yes,"$54,300",carfax_rebrowser_sample_oneprice,2026-04-23,Sedan,28.0
BMW,i7 eDrive50,2024,"1,366 mi.",Electric,Electric,Automatic,Black,Black,None reported,Yes,"$83,820",carfax_rebrowser_sample_oneprice,2026-04-23,Sedan,86.0
BMW,i7 eDrive50,2024,"8,539 mi.",Electric,Electric,Automatic,Gray,Tan,None reported,Yes,"$65,260",carfax_rebrowser_sample_oneprice,2026-04-23,Sedan,90.0
BMW,i5 M60,2024,"4,209 mi.",Electric,Electric,Automatic,Gray,White,None reported,Yes,"$61,340",carfax_rebrowser_sample_oneprice,2026-04-23,Sedan,
BMW,i5 M60,2024,"15,252 mi.",Electric,Electric,Automatic,White,Black,None reported,Yes,"$62,690",carfax_rebrowser_sample_oneprice,2026-04-23,Sedan,85.0
Lexus,IS 500 F Sport Performance,2024,"42,063 mi.",Gasoline,8 Cyl,Automatic,White,Black,None reported,Yes,"$62,180",carfax_rebrowser_sample_oneprice,2026-04-23,Sedan,20.0
Mercedes-Benz,E-Class E 350,2024,"24,834 mi.",Gasoline,4 Cyl,Automatic,Black,Black,None reported,Yes,"$54,740",carfax_rebrowser_sample_oneprice,2026-04-23,Sedan,27.0
Mercedes-Benz,C-Class AMG C 43,2024,"5,893 mi.",Gasoline,4 Cyl,Automatic,Silver,Black,None reported,Yes,"$57,930",carfax_rebrowser_sample_oneprice,2026-04-23,Sedan,23.0
Mercedes-Benz,C-Class AMG C 63,2024,"4,373 mi.",Hybrid,4 Cyl,Automatic,Gray,Black,None reported,Yes,"$70,770",carfax_rebrowser_sample_oneprice,2026-04-23,Sedan,
Tesla,Model S,2024,"22,821 mi.",Electric,Electric,Automatic,Black,Black,None reported,Yes,"$61,720",carfax_rebrowser_sample_oneprice,2026-04-23,Sedan,122.0
BMW,7 Series 740i xDrive,2024,"7,404 mi.",Gasoline,6 Cyl,Automatic,White,Black,None reported,Yes,"$73,440",carfax_rebrowser_sample_oneprice,2026-04-23,Sedan,27.0
Cadillac,CT5 V,2024,"11,032 mi.",Gasoline,6 Cyl,Automatic,Blue,Black,None reported,Yes,"$56,340",carfax_rebrowser_sample_oneprice,2026-04-23,Sedan,21.0
Tesla,Model S,2024,"21,624 mi.",Electric,Electric,Automatic,Black,Black,None reported,Yes,"$58,590",carfax_rebrowser_sample_oneprice,2026-04-23,Sedan,122.0
Cadillac,CT5 V,2024,"10,670 mi.",Gasoline,6 Cyl,Automatic,Yellow,Black,None reported,Yes,"$55,800",carfax_rebrowser_sample_oneprice,2026-04-23,Sedan,21.0
BMW,M3 Competition,2024,"24,438 mi.",Gasoline,6 Cyl,Automatic,Blue,Tan,None reported,Yes,"$77,750",carfax_rebrowser_sample_oneprice,2026-04-23,Sedan,19.0
BMW,7 Series 740i xDrive,2024,"10,712 mi.",Gasoline,6 Cyl,Automatic,Gray,Unknown,None reported,Yes,"$75,910",carfax_rebrowser_sample_oneprice,2026-04-23,Sedan,27.0
BMW,5 Series 540i xDrive,2024,"24,964 mi.",Gasoline,6 Cyl,Automatic,Black,Black,None reported,Yes,"$56,470",carfax_rebrowser_sample_oneprice,2026-04-23,Sedan,28.0
Lexus,IS 500 F Sport Performance,2024,"32,434 mi.",Gasoline,8 Cyl,Automatic,Gray,Black,None reported,Yes,"$67,420",carfax_rebrowser_sample_oneprice,2026-04-23,Sedan,20.0
Cadillac,CT4 V,2024,"13,788 mi.",Gasoline,6 Cyl,Automatic,Black,Black,None reported,Yes,"$63,900",carfax_rebrowser_sample_oneprice,2026-04-23,Sedan,19.0
BMW,8 Series 840i,2024,"26,750 mi.",Gasoline,6 Cyl,Automatic,Black,White,None reported,Yes,"$59,670",carfax_rebrowser_sample_oneprice,2026-04-23,Sedan,24.0
Porsche,Taycan,2024,"22,426 mi.",Electric,Electric,Automatic,Black,Black,None reported,Yes,"$67,680",carfax_rebrowser_sample_oneprice,2026-04-23,Sedan,82.0
Porsche,Taycan,2024,"34,787 mi.",Electric,Electric,Automatic,Black,Black,None reported,Yes,"$66,170",carfax_rebrowser_sample_oneprice,2026-04-23,Sedan,82.0
BMW,8 Series 840i,2024,"21,170 mi.",Gasoline,6 Cyl,Automatic,Red,Red,None reported,Yes,"$62,330",carfax_rebrowser_sample_oneprice,2026-04-23,Sedan,24.0
BMW,i7 eDrive50,2024,"18,508 mi.",Electric,Electric,Automatic,Gray,Brown,None reported,Yes,"$64,500",carfax_rebrowser_sample_oneprice,2026-04-23,Sedan,86.0
Mercedes-Benz,S-Class S 580,2024,"3,322 mi.",Hybrid,6 Cyl,Automatic,Blue,Tan,None reported,Yes,"$85,570",carfax_rebrowser_sample_oneprice,2026-04-23,Sedan,
BMW,7 Series 740i,2024,"22,602 mi.",Gasoline,6 Cyl,Automatic,Black,Brown,None reported,Yes,"$65,370",carfax_rebrowser_sample_oneprice,2026-04-23,Sedan,28.0
Alfa Romeo,Giulia Quadrifoglio,2024,"2,420 mi.",Gasoline,6 Cyl,Automatic,Red,Black,None reported,Yes,"$70,490",carfax_rebrowser_sample_oneprice,2026-04-23,Sedan,20.0
Lucid,Air Grand Touring,2024,"11,512 mi.",Electric,Electric,Automatic,Black,Black,None reported,Yes,"$66,720",carfax_rebrowser_sample_oneprice,2026-04-23,Sedan,121.0
BMW,8 Series 840i xDrive,2024,"12,908 mi.",Gasoline,6 Cyl,Automatic,Gray,Brown,None reported,Yes,"$64,430",carfax_rebrowser_sample_oneprice,2026-04-23,Sedan,24.0
BMW,i7 eDrive50,2024,"24,751 mi.",Electric,Electric,Automatic,Black,Black,None reported,Yes,"$63,080",carfax_rebrowser_sample_oneprice,2026-04-23,Sedan,
Porsche,Taycan 4,2024,"28,659 mi.",Electric,Electric,Automatic,Gray,Black,None reported,Yes,"$75,930",carfax_rebrowser_sample_oneprice,2026-04-23,Sedan,80.0
Mercedes-Benz,EQS 450+,2024,"11,506 mi.",Electric,Electric,Automatic,Black,Black,None reported,Yes,"$69,050",carfax_rebrowser_sample_oneprice,2026-04-23,Sedan,
Audi,RS3,2024,"9,037 mi.",Gasoline,5 Cyl,Automatic,Green,Black,None reported,Yes,"$65,940",carfax_rebrowser_sample_oneprice,2026-04-23,Sedan,23.0
BMW,8 Series 840i,2024,"29,050 mi.",Gasoline,6 Cyl,Automatic,Black,Red,None reported,Yes,"$60,960",carfax_rebrowser_sample_oneprice,2026-04-23,Sedan,24.0
Lexus,IS 500 F Sport Performance,2024,"25,531 mi.",Gasoline,8 Cyl,Automatic,Blue,Black,None reported,Yes,"$66,880",carfax_rebrowser_sample_oneprice,2026-04-23,Sedan,20.0
BMW,8 Series M850i xDrive,2024,"15,819 mi.",Gasoline,8 Cyl,Automatic,Gray,Black,None reported,Yes,"$74,900",carfax_rebrowser_sample_oneprice,2026-04-23,Sedan,19.0
BMW,i7 eDrive50,2024,"8,830 mi.",Electric,Electric,Automatic,Unknown,Unknown,None reported,Yes,"$67,960",carfax_rebrowser_sample_oneprice,2026-04-23,Sedan,
BMW,i7 eDrive50,2024,"2,933 mi.",Electric,Electric,Automatic,White,Black,None reported,Yes,"$72,560",carfax_rebrowser_sample_oneprice,2026-04-23,Sedan,90.0
Tesla,Model S,2024,"11,409 mi.",Electric,Electric,Automatic,Black,Tan,None reported,Yes,"$63,170",carfax_rebrowser_sample_oneprice,2026-04-23,Sedan,122.0
Tesla,Model S,2024,"12,570 mi.",Electric,Electric,Automatic,White,Black,None reported,Yes,"$62,990",carfax_rebrowser_sample_oneprice,2026-04-23,Sedan,122.0
BMW,8 Series 840i,2024,"17,647 mi.",Gasoline,6 Cyl,Automatic,Gray,Unknown,None reported,Yes,"$59,540",carfax_rebrowser_sample_oneprice,2026-04-23,Sedan,24.0
Porsche,Taycan,2024,"23,584 mi.",Electric,Electric,Automatic,Black,Black,None reported,Yes,"$69,340",carfax_rebrowser_sample_oneprice,2026-04-23,Sedan,82.0
BMW,8 Series M850i xDrive,2024,"30,772 mi.",Gasoline,8 Cyl,Automatic,White,Red,None reported,Yes,"$69,060",carfax_rebrowser_sample_oneprice,2026-04-23,Sedan,19.0
Porsche,Taycan,2024,"7,232 mi.",Electric,Electric,Automatic,Blue,Black,None reported,Yes,"$73,270",carfax_rebrowser_sample_oneprice,2026-04-23,Sedan,82.0
Audi,e-tron GT Prestige,2024,"20,299 mi.",Electric,Electric,Automatic,Gray,Black,None reported,Yes,"$64,540",carfax_rebrowser_sample_oneprice,2026-04-23,Sedan,85.0
Porsche,Taycan,2024,"19,669 mi.",Electric,Electric,Automatic,Red,Red,None reported,Yes,"$65,630",carfax_rebrowser_sample_oneprice,2026-04-23,Sedan,82.0
Audi,e-tron GT Prestige,2024,"6,948 mi.",Electric,Electric,Automatic,Gray,Black,None reported,Yes,"$66,580",carfax_rebrowser_sample_oneprice,2026-04-23,Sedan,85.0
Tesla,Model S,2024,"39,938 mi.",Electric,Electric,Automatic,Black,Black,None reported,Yes,"$59,560",carfax_rebrowser_sample_oneprice,2026-04-23,Sedan,122.0
Audi,e-tron GT Premium Plus,2024,"10,057 mi.",Electric,Electric,Automatic,Blue,Gray,None reported,Yes,"$59,220",carfax_rebrowser_sample_oneprice,2026-04-23,Sedan,85.0
Lexus,IS 500 F Sport Performance,2024,"17,502 mi.",Gasoline,8 Cyl,Automatic,White,Black,None reported,Yes,"$65,320",carfax_rebrowser_sample_oneprice,2026-04-23,Sedan,20.0
Mercedes-Benz,C-Class AMG C 63,2024,"13,475 mi.",Hybrid,4 Cyl,Automatic,Gray,Black,None reported,Yes,"$71,640",carfax_rebrowser_sample_oneprice,2026-04-23,Sedan,
BMW,i7 eDrive50,2024,"16,425 mi.",Electric,Electric,Automatic,Gray,Black,None reported,Yes,"$67,240",carfax_rebrowser_sample_oneprice,2026-04-23,Sedan,88.0
BMW,i5 M60,2024,"6,876 mi.",Electric,Electric,Automatic,Black,Black,None reported,Yes,"$61,700",carfax_rebrowser_sample_oneprice,2026-04-23,Sedan,
BMW,i5 M60,2024,"12,592 mi.",Electric,Electric,Automatic,Gray,Red,None reported,Yes,"$61,130",carfax_rebrowser_sample_oneprice,2026-04-23,Sedan,
Lexus,IS 500 F Sport Performance,2024,"5,652 mi.",Gasoline,8 Cyl,Automatic,Blue,Red,None reported,Yes,"$68,570",carfax_rebrowser_sample_oneprice,2026-04-23,Sedan,20.0
Audi,e-tron GT RS,2024,"12,852 mi.",Electric,Electric,Automatic,Gray,Black,None reported,Yes,"$75,960",carfax_rebrowser_sample_oneprice,2026-04-23,Sedan,85.0
Mercedes-Benz,C-Class AMG C 63,2024,"2,092 mi.",Hybrid,4 Cyl,Automatic,Silver,Black,None reported,Yes,"$76,110",carfax_rebrowser_sample_oneprice,2026-04-23,Sedan,
BMW,7 Series 740i,2024,"19,651 mi.",Gasoline,6 Cyl,Automatic,Gray,Brown,None reported,Yes,"$67,220",carfax_rebrowser_sample_oneprice,2026-04-23,Sedan,28.0
BMW,5 Series 540i xDrive,2024,"2,126 mi.",Gasoline,6 Cyl,Automatic,White,Black,None reported,Yes,"$61,200",carfax_rebrowser_sample_oneprice,2026-04-23,Sedan,28.0
Lexus,IS 500 F Sport Performance,2024,"35,713 mi.",Gasoline,8 Cyl,Automatic,Gray,Black,None reported,Yes,"$64,270",carfax_rebrowser_sample_oneprice,2026-04-23,Sedan,20.0
BMW,8 Series 840i xDrive,2024,"12,549 mi.",Gasoline,6 Cyl,Automatic,White,Black,None reported,Yes,"$63,590",carfax_rebrowser_sample_oneprice,2026-04-23,Sedan,24.0
Genesis,G90 E-SC,2024,"10,982 mi.",Gasoline,6 Cyl,Automatic,Black,Black,None reported,Yes,"$62,250",carfax_rebrowser_sample_oneprice,2026-04-23,Sedan,21.0
Lexus,IS 500 F Sport Performance,2024,"7,708 mi.",Gasoline,8 Cyl,Automatic,Black,Black,None reported,Yes,"$69,350",carfax_rebrowser_sample_oneprice,2026-04-23,Sedan,20.0
Audi,RS3,2024,"12,850 mi.",Gasoline,5 Cyl,Automatic,Black,Black,None reported,Yes,"$64,810",carfax_rebrowser_sample_oneprice,2026-04-23,Sedan,23.0
Tesla,Model S,2024,"7,951 mi.",Electric,Electric,Automatic,Blue,Unknown,None reported,Yes,"$64,480",carfax_rebrowser_sample_oneprice,2026-04-23,Sedan,122.0
BMW,8 Series 840i xDrive,2024,722 mi.,Gasoline,6 Cyl,Automatic,Black,Brown,None reported,Yes,"$73,320",carfax_rebrowser_sample_oneprice,2026-04-23,Sedan,24.0
Audi,e-tron GT RS,2024,"19,259 mi.",Electric,Electric,Automatic,Gray,Black,None reported,Yes,"$78,740",carfax_rebrowser_sample_oneprice,2026-04-23,Sedan,85.0
BMW,i7 xDrive60,2024,"11,722 mi.",Electric,Electric,Automatic,White,Unknown,None reported,Yes,"$81,480",carfax_rebrowser_sample_oneprice,2026-04-23,Sedan,84.0
Lexus,IS 500 F Sport Performance,2024,"5,009 mi.",Gasoline,8 Cyl,Automatic,Blue,Red,None reported,Yes,"$67,140",carfax_rebrowser_sample_oneprice,2026-04-23,Sedan,20.0
Genesis,G90 E-SC,2024,"32,188 mi.",Gasoline,6 Cyl,Automatic,Black,Black,None reported,Yes,"$63,600",carfax_rebrowser_sample_oneprice,2026-04-23,Sedan,21.0
Audi,RS3,2024,"36,046 mi.",Gasoline,5 Cyl,Automatic,Gray,Black,None reported,Yes,"$60,800",carfax_rebrowser_sample_oneprice,2026-04-23,Sedan,23.0
BMW,8 Series M850i xDrive,2024,"13,812 mi.",Gasoline,8 Cyl,Automatic,White,White,None reported,Yes,"$74,710",carfax_rebrowser_sample_oneprice,2026-04-23,Sedan,19.0
Porsche,Taycan,2024,"19,965 mi.",Electric,Electric,Automatic,Gray,Black,None reported,Yes,"$70,410",carfax_rebrowser_sample_oneprice,2026-04-23,Sedan,82.0
BMW,i7 xDrive60,2024,"4,685 mi.",Electric,Electric,Automatic,Gray,Tan,None reported,Yes,"$85,500",carfax_rebrowser_sample_oneprice,2026-04-23,Sedan,
Audi,e-tron GT Prestige,2024,"15,983 mi.",Electric,Electric,Automatic,Silver,Brown,None reported,Yes,"$68,900",carfax_rebrowser_sample_oneprice,2026-04-23,Sedan,85.0
Audi,e-tron GT RS,2024,"18,621 mi.",Electric,Electric,Automatic,Gray,Black,None reported,Yes,"$82,840",carfax_rebrowser_sample_oneprice,2026-04-23,Sedan,85.0
Mercedes-Benz,EQS 450+,2024,"11,898 mi.",Electric,Electric,Automatic,Gray,Black,None reported,Yes,"$69,740",carfax_rebrowser_sample_oneprice,2026-04-23,Sedan,
Genesis,G90 E-SC,2024,"10,708 mi.",Gasoline,6 Cyl,Automatic,Black,Black,None reported,Yes,"$67,890",carfax_rebrowser_sample_oneprice,2026-04-23,Sedan,21.0
BMW,7 Series 750e xDrive,2024,"25,582 mi.",Hybrid,6 Cyl,Automatic,White,White,None reported,Yes,"$72,610",carfax_rebrowser_sample_oneprice,2026-04-23,Sedan,
Mercedes-Benz,EQS 580,2024,"11,040 mi.",Electric,Electric,Automatic,Black,Black,None reported,Yes,"$78,280",carfax_rebrowser_sample_oneprice,2026-04-23,Sedan,96.0
Audi,e-tron GT RS,2024,"12,629 mi.",Electric,Electric,Automatic,Black,Red,None reported,Yes,"$81,260",carfax_rebrowser_sample_oneprice,2026-04-23,Sedan,85.0
Porsche,Taycan,2024,"16,135 mi.",Electric,Electric,Automatic,Black,Black,None reported,Yes,"$70,990",carfax_rebrowser_sample_oneprice,2026-04-23,Sedan,82.0
Tesla,Model S,2024,"7,624 mi.",Electric,Electric,Automatic,Red,Tan,None reported,Yes,"$65,190",carfax_rebrowser_sample_oneprice,2026-04-23,Sedan,122.0
BMW,8 Series M850i xDrive,2024,"13,822 mi.",Gasoline,8 Cyl,Automatic,Black,Black,None reported,Yes,"$73,950",carfax_rebrowser_sample_oneprice,2026-04-23,Sedan,19.0
Audi,RS3,2024,"11,362 mi.",Gasoline,5 Cyl,Automatic,Gray,Black,None reported,Yes,"$64,990",carfax_rebrowser_sample_oneprice,2026-04-23,Sedan,23.0
Audi,e-tron GT RS,2024,"26,607 mi.",Electric,Electric,Automatic,Gray,Black,None reported,Yes,"$78,190",carfax_rebrowser_sample_oneprice,2026-04-23,Sedan,85.0
Audi,e-tron GT Prestige,2024,"6,951 mi.",Electric,Electric,Automatic,Gray,Red,None reported,Yes,"$69,170",carfax_rebrowser_sample_oneprice,2026-04-23,Sedan,85.0
Audi,e-tron GT RS,2024,"12,506 mi.",Electric,Electric,Automatic,Gray,Black,None reported,Yes,"$81,400",carfax_rebrowser_sample_oneprice,2026-04-23,Sedan,85.0
BMW,7 Series 740i xDrive,2024,"6,295 mi.",Gasoline,6 Cyl,Automatic,Black,Tan,None reported,Yes,"$73,250",carfax_rebrowser_sample_oneprice,2026-04-23,Sedan,27.0
Porsche,Taycan,2024,"12,372 mi.",Electric,Electric,Automatic,Blue,Unknown,None reported,Yes,"$72,760",carfax_rebrowser_sample_oneprice,2026-04-23,Sedan,82.0
Audi,e-tron GT Prestige,2024,"15,205 mi.",Electric,Electric,Automatic,Gray,Black,None reported,Yes,"$66,030",carfax_rebrowser_sample_oneprice,2026-04-23,Sedan,85.0
Mercedes-Benz,EQS 450,2024,"19,585 mi.",Electric,Electric,Automatic,Black,Black,None reported,Yes,"$64,020",carfax_rebrowser_sample_oneprice,2026-04-23,Sedan,95.0
Tesla,Model S,2024,"16,804 mi.",Electric,Electric,Automatic,Red,Black,None reported,Yes,"$61,730",carfax_rebrowser_sample_oneprice,2026-04-23,Sedan,122.0
Audi,e-tron GT RS,2024,"16,162 mi.",Electric,Electric,Automatic,Gray,Gray,None reported,Yes,"$80,350",carfax_rebrowser_sample_oneprice,2026-04-23,Sedan,85.0
BMW,7 Series 740i,2024,"10,779 mi.",Gasoline,6 Cyl,Automatic,White,Black,None reported,Yes,"$77,350",carfax_rebrowser_sample_oneprice,2026-04-23,Sedan,28.0
Audi,RS3,2024,"12,935 mi.",Gasoline,5 Cyl,Automatic,White,Black,None reported,Yes,"$65,890",carfax_rebrowser_sample_oneprice,2026-04-23,Sedan,23.0
Lexus,LS 500,2024,"16,413 mi.",Gasoline,6 Cyl,Automatic,Black,Black,None reported,Yes,"$76,300",carfax_rebrowser_sample_oneprice,2026-04-23,Sedan,22.0
BMW,7 Series 740i,2024,"11,185 mi.",Gasoline,6 Cyl,Automatic,Gray,Brown,None reported,Yes,"$72,830",carfax_rebrowser_sample_oneprice,2026-04-23,Sedan,28.0
Cadillac,CT4 V,2025,"2,029 mi.",Gasoline,6 Cyl,Manual,White,Black,None reported,Yes,"$69,680",carfax_rebrowser_sample_oneprice,2026-04-23,Sedan,18.0
BMW,7 Series 740i,2025,"18,304 mi.",Gasoline,6 Cyl,Automatic,Gray,Black,None reported,Yes,"$65,970",carfax_rebrowser_sample_oneprice,2026-04-23,Sedan,28.0
Lexus,IS 500 F Sport Performance,2025,"20,449 mi.",Gasoline,8 Cyl,Automatic,Gray,Red,None reported,Yes,"$69,670",carfax_rebrowser_sample_oneprice,2026-04-23,Sedan,20.0
BMW,i5 eDrive40,2025,"1,005 mi.",Electric,Electric,Automatic,Black,Black,None reported,Yes,"$62,290",carfax_rebrowser_sample_oneprice,2026-04-23,Sedan,99.0
Genesis,G80 Sport Prestige,2025,"3,771 mi.",Gasoline,6 Cyl,Automatic,Black,Black,None reported,Yes,"$64,460",carfax_rebrowser_sample_oneprice,2026-04-23,Sedan,19.0
Mercedes-Benz,E-Class E 450,2025,"5,889 mi.",Gasoline,6 Cyl,Automatic,Black,Black,None reported,Yes,"$67,170",carfax_rebrowser_sample_oneprice,2026-04-23,Sedan,25.0
BMW,i4 eDrive40,2025,"8,684 mi.",Electric,Electric,Automatic,Black,Black,None reported,Yes,"$46,620",carfax_rebrowser_sample_oneprice,2026-04-23,Sedan,
BMW,7 Series 740i xDrive,2025,"18,140 mi.",Gasoline,6 Cyl,Automatic,Black,Black,None reported,Yes,"$76,500",carfax_rebrowser_sample_oneprice,2026-04-23,Sedan,27.0
Mercedes-Benz,E-Class E 450,2025,"9,450 mi.",Gasoline,6 Cyl,Automatic,White,Black,None reported,Yes,"$62,680",carfax_rebrowser_sample_oneprice,2026-04-23,Sedan,25.0
BMW,i4 eDrive40,2025,"2,005 mi.",Electric,Electric,Automatic,Gray,Red,None reported,Yes,"$55,330",carfax_rebrowser_sample_oneprice,2026-04-23,Sedan,104.0
Genesis,G80 Sport Prestige,2025,"3,475 mi.",Gasoline,6 Cyl,Automatic,White,Red,None reported,Yes,"$64,130",carfax_rebrowser_sample_oneprice,2026-04-23,Sedan,19.0
BMW,7 Series 740i,2025,"14,250 mi.",Gasoline,6 Cyl,Automatic,Black,Black,None reported,Yes,"$69,570",carfax_rebrowser_sample_oneprice,2026-04-23,Sedan,28.0
BMW,4 Series 430i xDrive,2025,"11,419 mi.",Gasoline,4 Cyl,Automatic,Gray,Black,None reported,Yes,"$48,720",carfax_rebrowser_sample_oneprice,2026-04-23,Sedan,29.0
Cadillac,CT5 V,2025,430 mi.,Gasoline,6 Cyl,Automatic,Blue,Black,None reported,Yes,"$61,060",carfax_rebrowser_sample_oneprice,2026-04-23,Sedan,21.0
BMW,7 Series 740i xDrive,2025,"16,000 mi.",Gasoline,6 Cyl,Automatic,Black,Black,None reported,Yes,"$70,790",carfax_rebrowser_sample_oneprice,2026-04-23,Sedan,27.0
Audi,S5 Premium Plus,2025,92 mi.,Gasoline,6 Cyl,Automatic,Gray,Unknown,None reported,Yes,"$63,270",carfax_rebrowser_sample_oneprice,2026-04-23,Sedan,22.0
BMW,4 Series M440i xDrive,2025,"13,509 mi.",Gasoline,6 Cyl,Automatic,Green,Brown,None reported,Yes,"$62,070",carfax_rebrowser_sample_oneprice,2026-04-23,Sedan,
BMW,4 Series M440i xDrive,2025,"11,805 mi.",Gasoline,6 Cyl,Automatic,Blue,Brown,None reported,Yes,"$62,890",carfax_rebrowser_sample_oneprice,2026-04-23,Sedan,
Cadillac,CT4 V,2025,"7,651 mi.",Gasoline,6 Cyl,Manual,Red,Black,None reported,Yes,"$64,150",carfax_rebrowser_sample_oneprice,2026-04-23,Sedan,18.0
BMW,i5 xDrive40,2025,"5,154 mi.",Electric,Electric,Automatic,White,Black,None reported,Yes,"$67,150",carfax_rebrowser_sample_oneprice,2026-04-23,Sedan,93.0
Audi,S5 Premium Plus,2025,"4,429 mi.",Gasoline,6 Cyl,Automatic,Gray,Red,None reported,Yes,"$62,230",carfax_rebrowser_sample_oneprice,2026-04-23,Sedan,22.0
Mercedes-Benz,E-Class E 450,2025,"1,402 mi.",Gasoline,6 Cyl,Automatic,Black,Black,None reported,Yes,"$68,780",carfax_rebrowser_sample_oneprice,2026-04-23,Sedan,25.0
Cadillac,CT5 V,2025,"2,778 mi.",Gasoline,6 Cyl,Automatic,Blue,Black,None reported,Yes,"$60,080",carfax_rebrowser_sample_oneprice,2026-04-23,Sedan,21.0
Cadillac,CT5 V,2025,"8,818 mi.",Gasoline,6 Cyl,Automatic,Blue,Black,None reported,Yes,"$59,980",carfax_rebrowser_sample_oneprice,2026-04-23,Sedan,20.0
Audi,A6 Prestige,2025,"8,293 mi.",Gasoline,6 Cyl,Automatic,Red,Tan,None reported,Yes,"$59,150",carfax_rebrowser_sample_oneprice,2026-04-23,Sedan,25.0
BMW,5 Series 550e xDrive,2025,"8,697 mi.",Hybrid,6 Cyl,Automatic,White,Red,None reported,Yes,"$69,940",carfax_rebrowser_sample_oneprice,2026-04-23,Sedan,24.0
Mercedes-Benz,E-Class E 450,2025,"11,421 mi.",Gasoline,6 Cyl,Automatic,Green,Tan,None reported,Yes,"$65,240",carfax_rebrowser_sample_oneprice,2026-04-23,Sedan,25.0
Mercedes-Benz,E-Class E 450,2025,"13,057 mi.",Gasoline,6 Cyl,Automatic,White,Tan,None reported,Yes,"$64,360",carfax_rebrowser_sample_oneprice,2026-04-23,Sedan,25.0
Lexus,IS 500 F Sport Performance,2025,"16,690 mi.",Gasoline,8 Cyl,Automatic,Gray,Red,None reported,Yes,"$71,640",carfax_rebrowser_sample_oneprice,2026-04-23,Sedan,20.0
BMW,8 Series 840i,2025,"6,711 mi.",Gasoline,6 Cyl,Automatic,Black,Red,None reported,Yes,"$71,320",carfax_rebrowser_sample_oneprice,2026-04-23,Sedan,24.0
Lucid,Air Touring,2025,"3,444 mi.",Electric,Electric,Automatic,Gray,Black,None reported,Yes,"$60,560",carfax_rebrowser_sample_oneprice,2026-04-23,Sedan,132.0
BMW,i4 M50,2025,"5,796 mi.",Electric,Electric,Automatic,White,Black,None reported,Yes,"$64,250",carfax_rebrowser_sample_oneprice,2026-04-23,Sedan,
BMW,3 Series M340i xDrive,2025,"17,892 mi.",Gasoline,6 Cyl,Automatic,Gray,Red,None reported,Yes,"$61,130",carfax_rebrowser_sample_oneprice,2026-04-23,Sedan,
Audi,A6 Prestige,2025,"7,089 mi.",Gasoline,6 Cyl,Automatic,Gray,Unknown,None reported,Yes,"$59,300",carfax_rebrowser_sample_oneprice,2026-04-23,Sedan,25.0
BMW,i4 M50,2025,"6,336 mi.",Electric,Electric,Automatic,Red,Black,None reported,Yes,"$60,660",carfax_rebrowser_sample_oneprice,2026-04-23,Sedan,94.0
BMW,i4 M50,2025,"12,085 mi.",Electric,Electric,Automatic,Gray,Black,None reported,Yes,"$58,520",carfax_rebrowser_sample_oneprice,2026-04-23,Sedan,94.0
BMW,i5 xDrive40,2025,"6,609 mi.",Electric,Electric,Automatic,White,Brown,None reported,Yes,"$54,600",carfax_rebrowser_sample_oneprice,2026-04-23,Sedan,93.0
BMW,3 Series M340i xDrive,2025,"8,409 mi.",Gasoline,6 Cyl,Automatic,Red,Black,None reported,Yes,"$64,870",carfax_rebrowser_sample_oneprice,2026-04-23,Sedan,
BMW,7 Series 740i xDrive,2025,"21,030 mi.",Gasoline,6 Cyl,Automatic,Black,Black,None reported,Yes,"$72,340",carfax_rebrowser_sample_oneprice,2026-04-23,Sedan,27.0
Audi,RS3,2025,"8,838 mi.",Gasoline,5 Cyl,Automatic,Gray,Black,None reported,Yes,"$69,010",carfax_rebrowser_sample_oneprice,2026-04-23,Sedan,23.0
Audi,S5 Premium Plus,2025,"3,793 mi.",Gasoline,6 Cyl,Automatic,Black,Black,None reported,Yes,"$60,990",carfax_rebrowser_sample_oneprice,2026-04-23,Sedan,22.0
BMW,i4 M50,2025,"6,423 mi.",Electric,Electric,Automatic,White,Brown,None reported,Yes,"$64,010",carfax_rebrowser_sample_oneprice,2026-04-23,Sedan,80.0
Audi,RS3,2025,"3,520 mi.",Gasoline,5 Cyl,Automatic,Gray,Black,None reported,Yes,"$68,200",carfax_rebrowser_sample_oneprice,2026-04-23,Sedan,23.0
BMW,4 Series M440i,2025,"10,170 mi.",Gasoline,6 Cyl,Automatic,Red,Black,None reported,Yes,"$59,530",carfax_rebrowser_sample_oneprice,2026-04-23,Sedan,
BMW,i5 xDrive40,2025,"7,293 mi.",Electric,Electric,Automatic,Blue,Black,None reported,Yes,"$67,720",carfax_rebrowser_sample_oneprice,2026-04-23,Sedan,93.0
BMW,3 Series M340i xDrive,2025,"5,260 mi.",Gasoline,6 Cyl,Automatic,Black,Black,None reported,Yes,"$61,160",carfax_rebrowser_sample_oneprice,2026-04-23,Sedan,
Lucid,Air Grand Touring,2025,"14,127 mi.",Electric,Electric,Automatic,Blue,Black,None reported,Yes,"$77,750",carfax_rebrowser_sample_oneprice,2026-04-23,Sedan,120.0
BMW,7 Series 740i xDrive,2025,"16,525 mi.",Gasoline,6 Cyl,Automatic,Unknown,Unknown,None reported,Yes,"$74,720",carfax_rebrowser_sample_oneprice,2026-04-23,Sedan,27.0
Audi,RS3,2025,"10,423 mi.",Gasoline,5 Cyl,Automatic,Blue,Black,None reported,Yes,"$67,920",carfax_rebrowser_sample_oneprice,2026-04-23,Sedan,23.0
Lucid,Air Grand Touring,2025,"9,093 mi.",Electric,Electric,Automatic,Red,Black,None reported,Yes,"$79,730",carfax_rebrowser_sample_oneprice,2026-04-23,Sedan,120.0
Chevrolet,Silverado 1500 LT,2026,"4,327 mi.",Gasoline,8 Cyl,Automatic,Gray,Gray,None reported,Yes,"$60,540",carfax_rebrowser_sample_oneprice,2026-04-23,Pickup,
Genesis,G70 Sport Prestige,2026,"6,046 mi.",Gasoline,6 Cyl,Automatic,White,Gray,None reported,Yes,"$49,700",carfax_rebrowser_sample_oneprice,2026-04-23,Sedan,19.0
Genesis,G70 Sport Prestige,2026,"3,031 mi.",Gasoline,6 Cyl,Automatic,White,Black,None reported,Yes,"$45,320",carfax_rebrowser_sample_oneprice,2026-04-23,Sedan,20.0
BMW,3 Series 330i xDrive,2026,"3,900 mi.",Gasoline,4 Cyl,Automatic,White,Black,None reported,Yes,"$47,710",carfax_rebrowser_sample_oneprice,2026-04-23,Sedan,29.0
Cadillac,CT4 Sport,2026,20 mi.,Gasoline,4 Cyl,Automatic,White,Black,None reported,Yes,"$47,700",carfax_rebrowser_sample_oneprice,2026-04-23,Sedan,25.0
BMW,5 Series 530i xDrive,2026,"8,705 mi.",Gasoline,4 Cyl,Automatic,Black,Black,None reported,Yes,"$58,260",carfax_rebrowser_sample_oneprice,2026-04-23,Sedan,30.0
Lexus,IS 350,2026,"1,440 mi.",Gasoline,6 Cyl,Automatic,Unknown,Black,None reported,Yes,"$55,280",carfax_rebrowser_sample_oneprice,2026-04-23,Sedan,22.0
Toyota,Crown Limited,2026,"11,672 mi.",Hybrid,4 Cyl,Automatic,White,Black,None reported,Yes,"$44,460",carfax_rebrowser_sample_oneprice,2026-04-23,Sedan,41.0
Toyota,Crown Platinum,2026,201 mi.,Hybrid,4 Cyl,Automatic,Bronze,Black,None reported,Yes,"$54,700",carfax_rebrowser_sample_oneprice,2026-04-23,Sedan,30.0
Cadillac,CT5 Sport,2026,"3,708 mi.",Gasoline,4 Cyl,Automatic,White,Black,None reported,Yes,"$53,450",carfax_rebrowser_sample_oneprice,2026-04-23,Sedan,26.0
BMW,i4 M50,2025,"8,402 mi.",Electric,Electric,Automatic,Gray,Black,None reported,Yes,"$61,400",carfax_rebrowser_sample_oneprice,2026-04-23,Sedan,
Mercedes-Benz,C-Class AMG C 43,2025,"3,607 mi.",Gasoline,4 Cyl,Automatic,Gray,Black,None reported,Yes,"$60,890",carfax_rebrowser_sample_oneprice,2026-04-23,Sedan,22.0
Lexus,IS 350,2025,"3,284 mi.",Gasoline,6 Cyl,Automatic,Black,Black,None reported,Yes,"$51,940",carfax_rebrowser_sample_oneprice,2026-04-23,Sedan,23.0
BMW,i4 eDrive40,2025,"6,250 mi.",Electric,Electric,Automatic,Gray,Black,None reported,Yes,"$53,050",carfax_rebrowser_sample_oneprice,2026-04-23,Sedan,112.0
Lexus,ES 350,2025,"10,291 mi.",Gasoline,6 Cyl,Automatic,Gray,Black,None reported,Yes,"$43,780",carfax_rebrowser_sample_oneprice,2026-04-23,Sedan,25.0
Audi,A5 Premium Plus,2025,"4,488 mi.",Gasoline,4 Cyl,Automatic,Black,Black,None reported,Yes,"$46,880",carfax_rebrowser_sample_oneprice,2026-04-23,Sedan,26.0
Acura,Integra Type S,2025,"5,223 mi.",Gasoline,4 Cyl,Manual,Blue,Black,None reported,Yes,"$50,100",carfax_rebrowser_sample_oneprice,2026-04-23,Sedan,24.0
Lexus,IS 350,2025,"10,675 mi.",Gasoline,6 Cyl,Automatic,White,Brown,None reported,Yes,"$45,840",carfax_rebrowser_sample_oneprice,2026-04-23,Sedan,23.0
Tesla,Model 3 Performance,2025,"2,930 mi.",Electric,Electric,Automatic,Blue,White,None reported,Yes,"$48,750",carfax_rebrowser_sample_oneprice,2026-04-23,Sedan,109.0
Lexus,IS 350,2025,"5,734 mi.",Gasoline,6 Cyl,Automatic,Black,Red,None reported,Yes,"$43,670",carfax_rebrowser_sample_oneprice,2026-04-23,Sedan,23.0
Lexus,ES 300h,2025,"3,121 mi.",Hybrid,4 Cyl,Automatic,Blue,Brown,None reported,Yes,"$45,650",carfax_rebrowser_sample_oneprice,2026-04-23,Sedan,44.0
Lexus,ES 350,2025,"5,026 mi.",Gasoline,6 Cyl,Automatic,Silver,Tan,None reported,Yes,"$43,660",carfax_rebrowser_sample_oneprice,2026-04-23,Sedan,25.0
Lexus,IS 350,2025,"13,088 mi.",Gasoline,6 Cyl,Automatic,Gray,Black,None reported,Yes,"$47,670",carfax_rebrowser_sample_oneprice,2026-04-23,Sedan,23.0
Mercedes-Benz,C-Class C 300,2025,"9,542 mi.",Gasoline,4 Cyl,Automatic,White,Brown,None reported,Yes,"$44,100",carfax_rebrowser_sample_oneprice,2026-04-23,Sedan,29.0
BMW,i5 xDrive40,2025,"17,914 mi.",Electric,Electric,Automatic,Blue,Black,None reported,Yes,"$57,630",carfax_rebrowser_sample_oneprice,2026-04-23,Sedan,93.0
BMW,4 Series 430i xDrive,2025,"17,676 mi.",Gasoline,4 Cyl,Automatic,White,Tan,None reported,Yes,"$41,000",carfax_rebrowser_sample_oneprice,2026-04-23,Sedan,29.0
Acura,TLX A-Spec,2025,"2,507 mi.",Gasoline,4 Cyl,Automatic,Gray,Unknown,None reported,Yes,"$44,080",carfax_rebrowser_sample_oneprice,2026-04-23,Sedan,24.0
Lexus,ES 350,2025,"11,307 mi.",Gasoline,6 Cyl,Automatic,Blue,Brown,None reported,Yes,"$43,690",carfax_rebrowser_sample_oneprice,2026-04-23,Sedan,25.0
BMW,i4 eDrive40,2025,"5,026 mi.",Electric,Electric,Automatic,Black,Tan,None reported,Yes,"$52,930",carfax_rebrowser_sample_oneprice,2026-04-23,Sedan,112.0
Cadillac,CT5 Sport,2025,"4,359 mi.",Gasoline,4 Cyl,Automatic,White,Black,None reported,Yes,"$49,580",carfax_rebrowser_sample_oneprice,2026-04-23,Sedan,25.0
BMW,i4 eDrive40,2025,"7,525 mi.",Electric,Electric,Automatic,Black,Black,None reported,Yes,"$47,540",carfax_rebrowser_sample_oneprice,2026-04-23,Sedan,112.0
Mercedes-Benz,E-Class E 350,2025,"11,734 mi.",Gasoline,4 Cyl,Automatic,Gray,Brown,None reported,Yes,"$54,830",carfax_rebrowser_sample_oneprice,2026-04-23,Sedan,28.0
BMW,5 Series 530i,2025,"11,437 mi.",Gasoline,4 Cyl,Automatic,Gray,White,None reported,Yes,"$51,780",carfax_rebrowser_sample_oneprice,2026-04-23,Sedan,31.0
Lexus,ES 300h,2025,"11,096 mi.",Hybrid,4 Cyl,Automatic,White,Tan,None reported,Yes,"$45,990",carfax_rebrowser_sample_oneprice,2026-04-23,Sedan,44.0
Mercedes-Benz,C-Class C 300,2025,"8,285 mi.",Gasoline,4 Cyl,Automatic,White,Black,None reported,Yes,"$46,030",carfax_rebrowser_sample_oneprice,2026-04-23,Sedan,27.0
Lexus,ES 350,2025,"6,694 mi.",Gasoline,6 Cyl,Automatic,Gray,Black,None reported,Yes,"$45,080",carfax_rebrowser_sample_oneprice,2026-04-23,Sedan,25.0
BMW,i4 eDrive40,2025,"2,533 mi.",Electric,Electric,Automatic,Red,Black,None reported,Yes,"$54,160",carfax_rebrowser_sample_oneprice,2026-04-23,Sedan,104.0
Lexus,ES 350,2025,"11,446 mi.",Gasoline,6 Cyl,Automatic,Blue,Tan,None reported,Yes,"$44,480",carfax_rebrowser_sample_oneprice,2026-04-23,Sedan,25.0
Lexus,ES 350,2025,"3,096 mi.",Gasoline,6 Cyl,Automatic,Blue,Brown,None reported,Yes,"$46,100",carfax_rebrowser_sample_oneprice,2026-04-23,Sedan,25.0
BMW,i5 xDrive40,2025,"23,890 mi.",Electric,Electric,Automatic,Gray,Black,None reported,Yes,"$55,590",carfax_rebrowser_sample_oneprice,2026-04-23,Sedan,
BMW,i4 xDrive40,2025,"7,390 mi.",Electric,Electric,Automatic,White,Tan,None reported,Yes,"$55,710",carfax_rebrowser_sample_oneprice,2026-04-23,Sedan,94.0
Lexus,ES 350,2025,"3,833 mi.",Gasoline,6 Cyl,Automatic,White,Red,None reported,Yes,"$52,050",carfax_rebrowser_sample_oneprice,2026-04-23,Sedan,25.0
Mercedes-Benz,E-Class E 350,2025,"19,483 mi.",Gasoline,4 Cyl,Automatic,Unknown,Unknown,None reported,Yes,"$57,080",carfax_rebrowser_sample_oneprice,2026-04-23,Sedan,27.0
BMW,i4 M50,2025,"9,278 mi.",Electric,Electric,Automatic,Green,White,None reported,Yes,"$59,910",carfax_rebrowser_sample_oneprice,2026-04-23,Sedan,94.0
Genesis,G80 Advanced,2025,"5,271 mi.",Gasoline,4 Cyl,Automatic,Blue,Black,None reported,Yes,"$52,650",carfax_rebrowser_sample_oneprice,2026-04-23,Sedan,24.0
Lexus,IS 350,2025,"2,079 mi.",Gasoline,6 Cyl,Automatic,Blue,Brown,None reported,Yes,"$47,860",carfax_rebrowser_sample_oneprice,2026-04-23,Sedan,23.0
Acura,Integra Type S,2025,"3,542 mi.",Gasoline,4 Cyl,Manual,White,Unknown,None reported,Yes,"$49,500",carfax_rebrowser_sample_oneprice,2026-04-23,Sedan,24.0
Cadillac,CT5 Sport,2025,"1,797 mi.",Gasoline,4 Cyl,Automatic,Blue,Black,None reported,Yes,"$47,840",carfax_rebrowser_sample_oneprice,2026-04-23,Sedan,26.0
BMW,2 Series M235i xDrive,2025,"7,932 mi.",Gasoline,4 Cyl,Automatic,Gray,Red,None reported,Yes,"$46,430",carfax_rebrowser_sample_oneprice,2026-04-23,Sedan,27.0
Lexus,IS 350,2025,"24,920 mi.",Gasoline,6 Cyl,Automatic,White,Red,None reported,Yes,"$47,580",carfax_rebrowser_sample_oneprice,2026-04-23,Sedan,22.0
Mercedes-Benz,CLA 35 AMG,2025,"14,206 mi.",Gasoline,4 Cyl,Automatic,White,Black,None reported,Yes,"$49,610",carfax_rebrowser_sample_oneprice,2026-04-23,Sedan,25.0
Audi,A5 Prestige,2025,"3,741 mi.",Gasoline,4 Cyl,Automatic,Blue,Brown,None reported,Yes,"$48,360",carfax_rebrowser_sample_oneprice,2026-04-23,Sedan,26.0
BMW,3 Series 330i xDrive,2025,"3,854 mi.",Gasoline,4 Cyl,Automatic,Black,Black,None reported,Yes,"$46,090",carfax_rebrowser_sample_oneprice,2026-04-23,Sedan,29.0
Lexus,IS 350,2025,"13,424 mi.",Gasoline,6 Cyl,Automatic,White,Red,None reported,Yes,"$52,320",carfax_rebrowser_sample_oneprice,2026-04-23,Sedan,22.0
Mercedes-Benz,E-Class E 350,2025,"2,764 mi.",Gasoline,4 Cyl,Automatic,Black,Black,None reported,Yes,"$50,700",carfax_rebrowser_sample_oneprice,2026-04-23,Sedan,28.0
Toyota,Crown XLE,2025,"25,025 mi.",Hybrid,4 Cyl,Automatic,Unknown,Black,None reported,Yes,"$35,970",carfax_rebrowser_sample_oneprice,2026-04-23,Sedan,41.0
Subaru,Legacy Premium,2025,"2,406 mi.",Gasoline,4 Cyl,Automatic,Gray,Gray,None reported,Yes,"$27,980",carfax_rebrowser_sample_oneprice,2026-04-23,Sedan,30.0
Subaru,Legacy Premium,2025,"3,989 mi.",Gasoline,4 Cyl,Automatic,Silver,Gray,None reported,Yes,"$27,010",carfax_rebrowser_sample_oneprice,2026-04-23,Sedan,30.0
Toyota,Camry SE,2025,"25,337 mi.",Hybrid,4 Cyl,Automatic,Gray,Unknown,None reported,Yes,"$32,190",carfax_rebrowser_sample_oneprice,2026-04-23,Sedan,46.0
Cadillac,CT5 Premium Luxury,2025,"25,362 mi.",Gasoline,4 Cyl,Automatic,Silver,Black,None reported,Yes,"$40,630",carfax_rebrowser_sample_oneprice,2026-04-23,Sedan,25.0
Kia,K5 GT,2025,"17,127 mi.",Gasoline,4 Cyl,Automatic,White,Black,None reported,Yes,"$31,910",carfax_rebrowser_sample_oneprice,2026-04-23,Sedan,27.0
Genesis,G70,2025,"14,829 mi.",Gasoline,4 Cyl,Automatic,Gray,Black,None reported,Yes,"$30,840",carfax_rebrowser_sample_oneprice,2026-04-23,Sedan,23.0
Toyota,Camry LE,2025,"17,987 mi.",Hybrid,4 Cyl,Automatic,Blue,Black,None reported,Yes,"$30,670",carfax_rebrowser_sample_oneprice,2026-04-23,Sedan,50.0
Toyota,Camry XSE,2025,"21,699 mi.",Hybrid,4 Cyl,Automatic,Black,Black,None reported,Yes,"$35,640",carfax_rebrowser_sample_oneprice,2026-04-23,Sedan,44.0
Hyundai,Elantra N,2025,"14,039 mi.",Gasoline,4 Cyl,Automatic,Blue,Black,None reported,Yes,"$31,780",carfax_rebrowser_sample_oneprice,2026-04-23,Sedan,23.0
Kia,K5 GT-Line,2025,"7,636 mi.",Gasoline,4 Cyl,Automatic,White,Black,None reported,Yes,"$29,740",carfax_rebrowser_sample_oneprice,2026-04-23,Sedan,27.0
BMW,3 Series 330i xDrive,2025,"12,135 mi.",Gasoline,4 Cyl,Automatic,Gray,Black,None reported,Yes,"$41,060",carfax_rebrowser_sample_oneprice,2026-04-23,Sedan,29.0
Honda,Accord Sport-L,2025,"13,044 mi.",Hybrid,4 Cyl,Automatic,Blue,Unknown,None reported,Yes,"$32,810",carfax_rebrowser_sample_oneprice,2026-04-23,Sedan,48.0
Tesla,Model 3,2025,"35,556 mi.",Electric,Electric,Automatic,Gray,White,None reported,Yes,"$36,380",carfax_rebrowser_sample_oneprice,2026-04-23,Sedan,
BMW,3 Series 330i xDrive,2025,"12,240 mi.",Gasoline,4 Cyl,Automatic,Gray,Brown,None reported,Yes,"$41,220",carfax_rebrowser_sample_oneprice,2026-04-23,Sedan,29.0
Toyota,Camry SE,2025,"17,115 mi.",Hybrid,4 Cyl,Automatic,Black,Unknown,None reported,Yes,"$33,260",carfax_rebrowser_sample_oneprice,2026-04-23,Sedan,46.0
Toyota,Camry SE,2024,"44,344 mi.",Gasoline,4 Cyl,Automatic,Blue,Black,None reported,Yes,"$25,630",carfax_rebrowser_sample_oneprice,2026-04-23,Sedan,32.0
Mercedes-Benz,C-Class C 300,2024,499 mi.,Gasoline,4 Cyl,Automatic,Gray,Black,None reported,Yes,"$42,930",carfax_rebrowser_sample_oneprice,2026-04-23,Sedan,27.0
Mercedes-Benz,C-Class C 300,2024,"30,462 mi.",Gasoline,4 Cyl,Automatic,White,Brown,None reported,Yes,"$39,760",carfax_rebrowser_sample_oneprice,2026-04-23,Sedan,27.0
Acura,Integra A-Spec Technology,2024,"21,308 mi.",Gasoline,4 Cyl,Automatic,White,Black,None reported,Yes,"$31,770",carfax_rebrowser_sample_oneprice,2026-04-23,Sedan,33.0
Genesis,G70 Sport Advanced,2024,"15,008 mi.",Gasoline,6 Cyl,Automatic,White,Red,None reported,Yes,"$40,240",carfax_rebrowser_sample_oneprice,2026-04-23,Sedan,
Cadillac,CT4 Luxury,2024,"23,174 mi.",Gasoline,4 Cyl,Automatic,Black,Black,None reported,Yes,"$32,600",carfax_rebrowser_sample_oneprice,2026-04-23,Sedan,26.0
BMW,5 Series 530i,2024,"25,119 mi.",Gasoline,4 Cyl,Automatic,White,Black,None reported,Yes,"$45,260",carfax_rebrowser_sample_oneprice,2026-04-23,Sedan,30.0
BMW,3 Series 330i,2024,"16,104 mi.",Gasoline,4 Cyl,Automatic,White,Brown,None reported,Yes,"$34,660",carfax_rebrowser_sample_oneprice,2026-04-23,Sedan,29.0
Audi,S4 Premium Plus,2024,"59,971 mi.",Gasoline,6 Cyl,Automatic,White,Black,None reported,Yes,"$41,100",carfax_rebrowser_sample_oneprice,2026-04-23,Sedan,24.0
Lucid,Air Pure,2024,"11,940 mi.",Electric,Electric,Automatic,Black,Black,None reported,Yes,"$39,640",carfax_rebrowser_sample_oneprice,2026-04-23,Sedan,130.0
Toyota,Crown Limited,2024,"47,030 mi.",Hybrid,4 Cyl,Automatic,Black,Black,None reported,Yes,"$35,600",carfax_rebrowser_sample_oneprice,2026-04-23,Sedan,41.0
Tesla,Model 3,2024,"6,258 mi.",Electric,Electric,Automatic,Black,Black,None reported,Yes,"$33,110",carfax_rebrowser_sample_oneprice,2026-04-23,Sedan,132.0
Tesla,Model 3,2024,"32,800 mi.",Electric,Electric,Automatic,Gray,Black,None reported,Yes,"$35,810",carfax_rebrowser_sample_oneprice,2026-04-23,Sedan,132.0
Lucid,Air Pure,2024,"23,701 mi.",Electric,Electric,Automatic,Gray,Brown,None reported,Yes,"$38,350",carfax_rebrowser_sample_oneprice,2026-04-23,Sedan,137.0
Volvo,S60 T8 Plus,2024,"35,860 mi.",Hybrid,4 Cyl,Automatic,Black,Black,None reported,Yes,"$37,360",carfax_rebrowser_sample_oneprice,2026-04-23,Sedan,31.0
Toyota,Camry XSE,2024,"51,928 mi.",Hybrid,4 Cyl,Automatic,Gray,Black,None reported,Yes,"$29,620",carfax_rebrowser_sample_oneprice,2026-04-23,Sedan,46.0
Honda,Accord Sport-L,2024,"38,970 mi.",Hybrid,4 Cyl,Automatic,Black,Black,None reported,Yes,"$30,640",carfax_rebrowser_sample_oneprice,2026-04-23,Sedan,48.0
Subaru,WRX Premium,2024,"24,702 mi.",Gasoline,4 Cyl,Manual,Blue,Black,None reported,Yes,"$29,840",carfax_rebrowser_sample_oneprice,2026-04-23,Sedan,22.0
Lexus,ES 350,2024,"50,032 mi.",Gasoline,6 Cyl,Automatic,Black,Brown,None reported,Yes,"$36,940",carfax_rebrowser_sample_oneprice,2026-04-23,Sedan,25.0
Audi,A6 Premium Plus,2024,"55,321 mi.",Gasoline,6 Cyl,Automatic,Gray,Unknown,None reported,Yes,"$31,160",carfax_rebrowser_sample_oneprice,2026-04-23,Sedan,25.0
Acura,Integra A-Spec Technology,2024,"37,176 mi.",Gasoline,4 Cyl,Automatic,White,Black,None reported,Yes,"$28,710",carfax_rebrowser_sample_oneprice,2026-04-23,Sedan,33.0
Tesla,Model 3 Long Range,2024,"20,749 mi.",Electric,Electric,Automatic,Gray,Unknown,None reported,Yes,"$35,820",carfax_rebrowser_sample_oneprice,2026-04-23,Sedan,
Tesla,Model 3,2024,"15,547 mi.",Electric,Electric,Automatic,Gray,Black,None reported,Yes,"$33,430",carfax_rebrowser_sample_oneprice,2026-04-23,Sedan,132.0
Lexus,IS 300,2024,"27,508 mi.",Gasoline,4 Cyl,Automatic,Black,Red,None reported,Yes,"$39,070",carfax_rebrowser_sample_oneprice,2026-04-23,Sedan,25.0
Tesla,Model 3 Long Range,2024,"38,885 mi.",Electric,Electric,Automatic,Gray,Black,None reported,Yes,"$33,180",carfax_rebrowser_sample_oneprice,2026-04-23,Sedan,
Toyota,Camry XSE,2024,"38,361 mi.",Gasoline,6 Cyl,Automatic,Silver,Unknown,None reported,Yes,"$34,360",carfax_rebrowser_sample_oneprice,2026-04-23,Sedan,26.0
Acura,Integra,2024,"19,187 mi.",Gasoline,4 Cyl,Automatic,White,Gray,None reported,Yes,"$28,750",carfax_rebrowser_sample_oneprice,2026-04-23,Sedan,33.0
Tesla,Model 3 Performance,2024,"18,498 mi.",Electric,Electric,Automatic,Black,White,None reported,Yes,"$42,730",carfax_rebrowser_sample_oneprice,2026-04-23,Sedan,112.0
Tesla,Model 3 Long Range,2024,"15,662 mi.",Electric,Electric,Automatic,Gray,Black,None reported,Yes,"$35,760",carfax_rebrowser_sample_oneprice,2026-04-23,Sedan,
Acura,Integra A-Spec,2024,"27,213 mi.",Gasoline,4 Cyl,Automatic,White,Black,None reported,Yes,"$30,580",carfax_rebrowser_sample_oneprice,2026-04-23,Sedan,32.0
Lexus,ES 250,2024,"6,790 mi.",Gasoline,4 Cyl,Automatic,Gray,Brown,None reported,Yes,"$41,120",carfax_rebrowser_sample_oneprice,2026-04-23,Sedan,28.0
Mercedes-Benz,CLA 250,2024,"17,757 mi.",Gasoline,4 Cyl,Automatic,Black,Black,None reported,Yes,"$34,830",carfax_rebrowser_sample_oneprice,2026-04-23,Sedan,28.0
Subaru,WRX Premium,2024,"23,468 mi.",Gasoline,4 Cyl,Manual,Silver,Black,None reported,Yes,"$29,790",carfax_rebrowser_sample_oneprice,2026-04-23,Sedan,22.0
BMW,5 Series 530i,2024,"30,377 mi.",Gasoline,4 Cyl,Automatic,Gray,Black,None reported,Yes,"$37,220",carfax_rebrowser_sample_oneprice,2026-04-23,Sedan,30.0
BMW,i5 eDrive40,2024,"23,736 mi.",Electric,Electric,Automatic,White,Black,None reported,Yes,"$45,420",carfax_rebrowser_sample_oneprice,2026-04-23,Sedan,
Acura,TLX Technology,2024,"6,159 mi.",Gasoline,4 Cyl,Automatic,White,Tan,None reported,Yes,"$38,450",carfax_rebrowser_sample_oneprice,2026-04-23,Sedan,25.0
BMW,5 Series 530i,2024,"44,163 mi.",Gasoline,4 Cyl,Automatic,White,Red,None reported,Yes,"$42,770",carfax_rebrowser_sample_oneprice,2026-04-23,Sedan,30.0
Acura,TLX Technology,2024,"19,030 mi.",Gasoline,4 Cyl,Automatic,Silver,Black,None reported,Yes,"$35,900",carfax_rebrowser_sample_oneprice,2026-04-23,Sedan,25.0
Hyundai,Kona SEL Sport,2026,"1,852 mi.",Gasoline,4 Cyl,Automatic,White,Black,None reported,Yes,"$26,730",carfax_rebrowser_sample_oneprice,2026-04-23,SUV,31.0
Jaguar,XF R-Dynamic SE,2024,"10,935 mi.",Gasoline,4 Cyl,Automatic,Black,Black,None reported,Yes,"$42,540",carfax_rebrowser_sample_oneprice,2026-04-23,Sedan,24.0
Toyota,Crown Platinum,2024,"23,593 mi.",Hybrid,4 Cyl,Automatic,Gray,Black,None reported,Yes,"$42,120",carfax_rebrowser_sample_oneprice,2026-04-23,Sedan,30.0
BMW,i4 xDrive40,2024,"19,744 mi.",Electric,Electric,Automatic,Black,Red,None reported,Yes,"$43,040",carfax_rebrowser_sample_oneprice,2026-04-23,Sedan,99.0
Volvo,S60 B5 Plus,2024,"21,944 mi.",Gasoline,4 Cyl,Automatic,White,Unknown,None reported,Yes,"$32,500",carfax_rebrowser_sample_oneprice,2026-04-23,Sedan,28.0
Mercedes-Benz,C-Class C 300,2024,"6,584 mi.",Gasoline,4 Cyl,Automatic,Silver,Tan,None reported,Yes,"$41,350",carfax_rebrowser_sample_oneprice,2026-04-23,Sedan,27.0
Mercedes-Benz,C-Class C 300,2024,"19,682 mi.",Gasoline,4 Cyl,Automatic,White,Black,None reported,Yes,"$40,620",carfax_rebrowser_sample_oneprice,2026-04-23,Sedan,27.0
Toyota,Crown XLE,2024,"11,428 mi.",Hybrid,4 Cyl,Automatic,Black,Black,None reported,Yes,"$32,750",carfax_rebrowser_sample_oneprice,2026-04-23,Sedan,41.0
Subaru,WRX Limited,2024,"25,405 mi.",Gasoline,4 Cyl,Manual,Silver,Black,None reported,Yes,"$33,140",carfax_rebrowser_sample_oneprice,2026-04-23,Sedan,22.0
Subaru,WRX Premium,2024,"22,752 mi.",Gasoline,4 Cyl,Manual,Blue,Black,None reported,Yes,"$31,250",carfax_rebrowser_sample_oneprice,2026-04-23,Sedan,22.0
Cadillac,CT5 Sport,2024,"20,033 mi.",Gasoline,4 Cyl,Automatic,White,Black,None reported,Yes,"$43,410",carfax_rebrowser_sample_oneprice,2026-04-23,Sedan,25.0
Infiniti,Q50 Luxe,2024,"4,944 mi.",Gasoline,6 Cyl,Automatic,Black,Black,None reported,Yes,"$36,360",carfax_rebrowser_sample_oneprice,2026-04-23,Sedan,22.0
Lexus,ES 350,2024,"26,363 mi.",Gasoline,6 Cyl,Automatic,White,Tan,None reported,Yes,"$39,110",carfax_rebrowser_sample_oneprice,2026-04-23,Sedan,25.0
Ford,F-150 Lariat,2024,"9,853 mi.",Hybrid,6 Cyl,Automatic,Silver,Black,None reported,Yes,"$53,440",carfax_rebrowser_sample_oneprice,2026-04-23,Pickup,23.0
Chevrolet,Silverado 2500HD ZR2,2025,"2,656 mi.",Diesel,8 Cyl,Automatic,Gray,Black,None reported,Yes,"$82,070",carfax_rebrowser_sample_oneprice,2026-04-23,Pickup,
Volkswagen,Tiguan S,2024,"3,224 mi.",Gasoline,4 Cyl,Automatic,Gray,Unknown,None reported,Yes,"$25,800",carfax_rebrowser_sample_oneprice,2026-04-23,SUV,24.0
Toyota,Camry XLE,2026,610 mi.,Hybrid,4 Cyl,Automatic,Black,Black,None reported,Yes,"$38,610",carfax_rebrowser_sample_oneprice,2026-04-23,Sedan,
Toyota,Camry,2026,"5,545 mi.",Hybrid,4 Cyl,Automatic,Unknown,Unknown,None reported,Yes,"$31,680",carfax_rebrowser_sample_oneprice,2026-04-23,Sedan,
Toyota,Camry Nightshade,2026,"1,065 mi.",Hybrid,4 Cyl,Automatic,Black,Black,None reported,Yes,"$34,090",carfax_rebrowser_sample_oneprice,2026-04-23,Sedan,
Toyota,Crown XLE,2026,"15,315 mi.",Hybrid,4 Cyl,Automatic,Red,Black,None reported,Yes,"$36,970",carfax_rebrowser_sample_oneprice,2026-04-23,Sedan,41.0
Audi,A3 Premium,2026,"6,670 mi.",Gasoline,4 Cyl,Automatic,Black,Black,None reported,Yes,"$34,810",carfax_rebrowser_sample_oneprice,2026-04-23,Sedan,28.0
Toyota,Camry SE,2026,9 mi.,Hybrid,4 Cyl,Automatic,Black,Unknown,None reported,Yes,"$32,490",carfax_rebrowser_sample_oneprice,2026-04-23,Sedan,46.0
Toyota,Camry SE,2026,"4,347 mi.",Hybrid,4 Cyl,Automatic,Blue,Unknown,None reported,Yes,"$31,220",carfax_rebrowser_sample_oneprice,2026-04-23,Sedan,46.0
Audi,A3 Premium Plus,2026,"3,234 mi.",Gasoline,4 Cyl,Automatic,White,Brown,None reported,Yes,"$35,420",carfax_rebrowser_sample_oneprice,2026-04-23,Sedan,28.0
Toyota,Camry SE,2026,17 mi.,Hybrid,4 Cyl,Automatic,Gray,Unknown,None reported,Yes,"$32,310",carfax_rebrowser_sample_oneprice,2026-04-23,Sedan,46.0
BMW,2 Series 228i,2026,"21,155 mi.",Gasoline,4 Cyl,Automatic,Blue,Tan,None reported,Yes,"$32,660",carfax_rebrowser_sample_oneprice,2026-04-23,Sedan,31.0
Toyota,Camry XSE,2026,"5,600 mi.",Hybrid,4 Cyl,Automatic,White,Red,None reported,Yes,"$39,930",carfax_rebrowser_sample_oneprice,2026-04-23,Sedan,
BMW,2 Series 228i,2026,"8,927 mi.",Gasoline,4 Cyl,Automatic,Black,Unknown,None reported,Yes,"$33,950",carfax_rebrowser_sample_oneprice,2026-04-23,Sedan,31.0
Toyota,Camry XSE,2026,103 mi.,Hybrid,4 Cyl,Automatic,Red,Black,None reported,Yes,"$38,650",carfax_rebrowser_sample_oneprice,2026-04-23,Sedan,
Honda,Civic Sport Touring,2026,"1,454 mi.",Hybrid,4 Cyl,Automatic,Blue,Gray,None reported,Yes,"$31,660",carfax_rebrowser_sample_oneprice,2026-04-23,Sedan,49.0
Toyota,Camry LE,2026,"3,603 mi.",Hybrid,4 Cyl,Automatic,Black,Black,None reported,Yes,"$30,950",carfax_rebrowser_sample_oneprice,2026-04-23,Sedan,51.0
Kia,K5 GT-Line,2026,928 mi.,Gasoline,4 Cyl,Automatic,Gray,Black,None reported,Yes,"$31,050",carfax_rebrowser_sample_oneprice,2026-04-23,Sedan,29.0
Toyota,Camry SE,2026,"7,209 mi.",Hybrid,4 Cyl,Automatic,Unknown,Unknown,None reported,Yes,"$32,560",carfax_rebrowser_sample_oneprice,2026-04-23,Sedan,46.0
Kia,K5 GT-Line,2026,"2,194 mi.",Gasoline,4 Cyl,Automatic,Gray,Black,None reported,Yes,"$30,190",carfax_rebrowser_sample_oneprice,2026-04-23,Sedan,29.0
Toyota,Camry XSE,2026,"2,162 mi.",Hybrid,4 Cyl,Automatic,Unknown,Red,None reported,Yes,"$39,410",carfax_rebrowser_sample_oneprice,2026-04-23,Sedan,
Audi,A3 Premium,2026,"5,548 mi.",Gasoline,4 Cyl,Automatic,White,Black,None reported,Yes,"$35,150",carfax_rebrowser_sample_oneprice,2026-04-23,Sedan,28.0
Toyota,Crown XLE,2026,"15,888 mi.",Hybrid,4 Cyl,Automatic,Gray,Black,None reported,Yes,"$37,100",carfax_rebrowser_sample_oneprice,2026-04-23,Sedan,41.0
Toyota,Camry SE,2026,292 mi.,Hybrid,4 Cyl,Automatic,Unknown,Unknown,None reported,Yes,"$33,240",carfax_rebrowser_sample_oneprice,2026-04-23,Sedan,46.0
Kia,K5 GT,2026,"10,175 mi.",Gasoline,4 Cyl,Automatic,Gray,Black,None reported,Yes,"$33,960",carfax_rebrowser_sample_oneprice,2026-04-23,Sedan,27.0
Mercedes-Benz,CLA 250,2026,"2,495 mi.",Gasoline,4 Cyl,Automatic,White,Tan,None reported,Yes,"$42,720",carfax_rebrowser_sample_oneprice,2026-04-23,Sedan,30.0
Toyota,Camry LE,2026,"2,853 mi.",Hybrid,4 Cyl,Automatic,Blue,Black,None reported,Yes,"$32,860",carfax_rebrowser_sample_oneprice,2026-04-23,Sedan,50.0
Kia,K5 GT-Line,2026,"8,523 mi.",Gasoline,4 Cyl,Automatic,White,Black,None reported,Yes,"$31,410",carfax_rebrowser_sample_oneprice,2026-04-23,Sedan,27.0
Mercedes-Benz,CLA 250,2026,"2,033 mi.",Gasoline,4 Cyl,Automatic,White,Black,None reported,Yes,"$46,000",carfax_rebrowser_sample_oneprice,2026-04-23,Sedan,29.0
Toyota,Crown XLE,2026,"3,969 mi.",Hybrid,4 Cyl,Automatic,Gray,Black,None reported,Yes,"$39,840",carfax_rebrowser_sample_oneprice,2026-04-23,Sedan,41.0
Toyota,Camry XLE,2026,"1,904 mi.",Hybrid,4 Cyl,Automatic,Unknown,Unknown,None reported,Yes,"$39,400",carfax_rebrowser_sample_oneprice,2026-04-23,Sedan,
Toyota,Camry SE,2026,"1,437 mi.",Hybrid,4 Cyl,Automatic,White,Black,None reported,Yes,"$35,670",carfax_rebrowser_sample_oneprice,2026-04-23,Sedan,46.0
Toyota,Camry XLE,2026,"6,310 mi.",Hybrid,4 Cyl,Automatic,Black,Unknown,None reported,Yes,"$35,640",carfax_rebrowser_sample_oneprice,2026-04-23,Sedan,
Toyota,Camry XSE,2026,"3,546 mi.",Hybrid,4 Cyl,Automatic,Black,Black,None reported,Yes,"$41,550",carfax_rebrowser_sample_oneprice,2026-04-23,Sedan,43.0
Toyota,Crown XLE,2026,"5,214 mi.",Hybrid,4 Cyl,Automatic,White,Black,None reported,Yes,"$41,520",carfax_rebrowser_sample_oneprice,2026-04-23,Sedan,41.0
Toyota,Camry SE,2026,"5,369 mi.",Hybrid,4 Cyl,Automatic,Gray,Unknown,None reported,Yes,"$35,630",carfax_rebrowser_sample_oneprice,2026-04-23,Sedan,46.0
Toyota,Corolla XLE,2026,462 mi.,Hybrid,4 Cyl,Automatic,Gray,Black,None reported,Yes,"$30,700",carfax_rebrowser_sample_oneprice,2026-04-23,Sedan,50.0
Nissan,Pathfinder SV,2024,"19,566 mi.",Gasoline,6 Cyl,Automatic,Silver,Black,None reported,Yes,"$30,940",carfax_rebrowser_sample_oneprice,2026-04-23,SUV,23.0
Toyota,Camry SE,2026,"1,614 mi.",Hybrid,4 Cyl,Automatic,White,Unknown,None reported,Yes,"$35,660",carfax_rebrowser_sample_oneprice,2026-04-23,Sedan,46.0
Kia,K5 GT,2026,"5,659 mi.",Gasoline,4 Cyl,Automatic,Gray,Black,None reported,Yes,"$34,080",carfax_rebrowser_sample_oneprice,2026-04-23,Sedan,27.0
Toyota,Crown Nightshade,2026,"6,610 mi.",Hybrid,4 Cyl,Automatic,Blue,Black,None reported,Yes,"$45,520",carfax_rebrowser_sample_oneprice,2026-04-23,Sedan,41.0
Hyundai,Sonata SEL,2025,"14,540 mi.",Gasoline,4 Cyl,Automatic,White,Black,None reported,Yes,"$24,350",carfax_rebrowser_sample_oneprice,2026-04-23,Sedan,29.0
Ford,F-150 Lariat,2025,"11,220 mi.",Hybrid,6 Cyl,Automatic,White,Black,None reported,Yes,"$58,840",carfax_rebrowser_sample_oneprice,2026-04-24,Pickup,23.0
Land Rover,Discovery,2025,"10,459 mi.",Gasoline,4 Cyl,Automatic,Blue,White,None reported,Yes,"$53,360",carfax_rebrowser_sample_oneprice,2026-04-24,SUV,21.0
Chevrolet,Suburban Z71,2025,"28,931 mi.",Gasoline,8 Cyl,Automatic,Black,Black,None reported,Yes,"$67,140",carfax_rebrowser_sample_oneprice,2026-04-24,SUV,16.0
Chevrolet,Silverado 1500 RST,2024,"23,966 mi.",Gasoline,8 Cyl,Automatic,Red,Black,None reported,Yes,"$49,180",carfax_rebrowser_sample_oneprice,2026-04-24,Pickup,16.0
Audi,Q7 Prestige,2025,"9,543 mi.",Gasoline,6 Cyl,Automatic,White,Black,None reported,Yes,"$64,770",carfax_rebrowser_sample_oneprice,2026-04-24,SUV,20.0
Ford,F-250,2024,"15,384 mi.",Gasoline,8 Cyl,Automatic,Gray,Gray,None reported,Yes,"$53,490",carfax_rebrowser_sample_oneprice,2026-04-24,Pickup,
Chevrolet,Silverado 1500 LT,2024,"55,841 mi.",Gasoline,8 Cyl,Automatic,Black,Black,None reported,Yes,"$46,010",carfax_rebrowser_sample_oneprice,2026-04-24,Pickup,16.0
Ram,2500 Laramie,2024,"3,737 mi.",Diesel,6 Cyl,Automatic,White,Black,None reported,Yes,"$61,190",carfax_rebrowser_sample_oneprice,2026-04-24,Pickup,
Toyota,Tundra SR5,2024,"35,953 mi.",Gasoline,6 Cyl,Automatic,Silver,Black,None reported,Yes,"$42,990",carfax_rebrowser_sample_oneprice,2026-04-24,Pickup,19.0
Ford,F-150 XLT,2024,"37,056 mi.",Flexible-Fuel,8 Cyl,Automatic,White,Black,None reported,Yes,"$53,770",carfax_rebrowser_sample_oneprice,2026-04-24,Pickup,19.0
Ford,F-150 XLT,2024,"24,759 mi.",Flexible-Fuel,8 Cyl,Automatic,Black,Black,None reported,Yes,"$51,710",carfax_rebrowser_sample_oneprice,2026-04-24,Pickup,19.0
GMC,Sierra 1500 Denali,2024,"30,514 mi.",Gasoline,8 Cyl,Automatic,Silver,Black,None reported,Yes,"$56,430",carfax_rebrowser_sample_oneprice,2026-04-24,Pickup,16.0
BMW,X5 xDrive40i,2026,"5,827 mi.",Gasoline,6 Cyl,Automatic,Black,Gray,None reported,Yes,"$71,190",carfax_rebrowser_sample_oneprice,2026-04-24,SUV,25.0
GMC,Sierra 1500 Elevation,2026,"3,053 mi.",Diesel,6 Cyl,Automatic,Black,Black,None reported,Yes,"$55,800",carfax_rebrowser_sample_oneprice,2026-04-24,Pickup,24.0
Chevrolet,Silverado 1500 LT,2026,"12,058 mi.",Gasoline,4 Cyl,Automatic,White,Black,None reported,Yes,"$49,120",carfax_rebrowser_sample_oneprice,2026-04-24,Pickup,18.0
GMC,Sierra 1500 Elevation,2026,109 mi.,Gasoline,4 Cyl,Automatic,White,Black,None reported,Yes,"$53,950",carfax_rebrowser_sample_oneprice,2026-04-24,Pickup,18.0
Chevrolet,Traverse Z71,2025,"8,987 mi.",Gasoline,4 Cyl,Automatic,Black,Black,None reported,Yes,"$47,120",carfax_rebrowser_sample_oneprice,2026-04-24,SUV,21.0
Toyota,Grand Highlander Limited,2024,"40,268 mi.",Gasoline,4 Cyl,Automatic,Blue,Black,None reported,Yes,"$46,180",carfax_rebrowser_sample_oneprice,2026-04-24,SUV,22.0
Mercedes-Benz,GLE 450,2024,"27,123 mi.",Gasoline,6 Cyl,Automatic,White,Black,None reported,Yes,"$65,910",carfax_rebrowser_sample_oneprice,2026-04-24,SUV,22.0
BMW,M8 Competition,2025,"2,552 mi.",Gasoline,8 Cyl,Automatic,Black,Gray,None reported,Yes,"$127,760",carfax_rebrowser_sample_oneprice,2026-04-24,Sedan,17.0
Chevrolet,Suburban Premier,2024,"1,406 mi.",Gasoline,8 Cyl,Automatic,Gray,Black,None reported,Yes,"$70,840",carfax_rebrowser_sample_oneprice,2026-04-24,SUV,16.0
Mercedes-Benz,S-Class S 580,2025,"7,458 mi.",Gasoline,8 Cyl,Automatic,Blue,Tan,None reported,Yes,"$112,860",carfax_rebrowser_sample_oneprice,2026-04-24,Sedan,20.0
Nissan,Murano SL,2025,"16,357 mi.",Gasoline,4 Cyl,Automatic,Black,Gray,None reported,Yes,"$37,550",carfax_rebrowser_sample_oneprice,2026-04-24,SUV,23.0
Chevrolet,Silverado 1500 RST,2024,"22,651 mi.",Gasoline,8 Cyl,Automatic,White,Black,None reported,Yes,"$46,080",carfax_rebrowser_sample_oneprice,2026-04-24,Pickup,16.0
GMC,Sierra 1500 SLT,2024,"5,127 mi.",Gasoline,8 Cyl,Automatic,Black,Black,None reported,Yes,"$53,330",carfax_rebrowser_sample_oneprice,2026-04-24,Pickup,16.0
Chevrolet,Silverado 2500HD LTZ,2024,"76,439 mi.",Diesel,8 Cyl,Automatic,White,Black,None reported,Yes,"$56,610",carfax_rebrowser_sample_oneprice,2026-04-24,Pickup,
BMW,X4 xDrive30i,2025,"10,261 mi.",Gasoline,4 Cyl,Automatic,White,Brown,None reported,Yes,"$47,880",carfax_rebrowser_sample_oneprice,2026-04-24,SUV,24.0
Ram,2500 Laramie,2024,"39,175 mi.",Diesel,6 Cyl,Automatic,Silver,Black,None reported,Yes,"$54,860",carfax_rebrowser_sample_oneprice,2026-04-24,Pickup,
GMC,Hummer EV 3X,2024,"17,491 mi.",Electric,Electric,Automatic,Blue,Tan,None reported,Yes,"$72,400",carfax_rebrowser_sample_oneprice,2026-04-24,SUV,
Mazda,CX-70 Preferred,2026,"3,849 mi.",Gasoline,6 Cyl,Automatic,Black,Black,None reported,Yes,"$39,150",carfax_rebrowser_sample_oneprice,2026-04-24,SUV,
Jeep,Gladiator Nighthawk,2025,"15,144 mi.",Gasoline,6 Cyl,Automatic,Black,Black,None reported,Yes,"$37,660",carfax_rebrowser_sample_oneprice,2026-04-24,Pickup,19.0
Honda,CR-V EXL,2026,"6,148 mi.",Gasoline,4 Cyl,Automatic,Blue,Gray,None reported,Yes,"$35,720",carfax_rebrowser_sample_oneprice,2026-04-24,SUV,29.0
Chevrolet,Colorado Z71,2024,"24,980 mi.",Gasoline,4 Cyl,Automatic,White,Black,None reported,Yes,"$40,900",carfax_rebrowser_sample_oneprice,2026-04-24,Pickup,
Mazda,CX-70 S Premium,2025,"25,693 mi.",Gasoline,6 Cyl,Automatic,White,Red,None reported,Yes,"$41,060",carfax_rebrowser_sample_oneprice,2026-04-24,SUV,25.0
Lexus,UX 300h,2025,"7,489 mi.",Hybrid,4 Cyl,Automatic,Gray,Red,None reported,Yes,"$40,070",carfax_rebrowser_sample_oneprice,2026-04-24,SUV,42.0
Lexus,ES 250,2024,"6,750 mi.",Gasoline,4 Cyl,Automatic,Gray,Tan,None reported,Yes,"$41,270",carfax_rebrowser_sample_oneprice,2026-04-24,Sedan,28.0
BMW,X1 xDrive28i,2025,"31,788 mi.",Gasoline,4 Cyl,Automatic,Silver,Black,None reported,Yes,"$34,570",carfax_rebrowser_sample_oneprice,2026-04-24,SUV,28.0
Jeep,Wrangler Rubicon,2024,"26,561 mi.",Gasoline,8 Cyl,Automatic,White,Red,None reported,Yes,"$70,010",carfax_rebrowser_sample_oneprice,2026-04-24,SUV,14.0
Mercedes-Benz,GLB 250,2024,"10,303 mi.",Gasoline,4 Cyl,Automatic,White,Black,None reported,Yes,"$37,260",carfax_rebrowser_sample_oneprice,2026-04-24,SUV,28.0
Hyundai,Santa Fe Calligraphy,2024,"7,695 mi.",Gasoline,4 Cyl,Automatic,Brown,Black,None reported,Yes,"$36,120",carfax_rebrowser_sample_oneprice,2026-04-24,SUV,24.0
Dodge,Durango R/T,2024,"72,429 mi.",Gasoline,8 Cyl,Automatic,Gray,Gray,None reported,Yes,"$37,740",carfax_rebrowser_sample_oneprice,2026-04-24,SUV,17.0
Jeep,Grand Cherokee L Altitude,2024,"52,482 mi.",Gasoline,6 Cyl,Automatic,White,Black,None reported,Yes,"$31,890",carfax_rebrowser_sample_oneprice,2026-04-24,SUV,21.0
Hyundai,Palisade XRT,2024,"49,237 mi.",Gasoline,6 Cyl,Automatic,White,Black,None reported,Yes,"$33,740",carfax_rebrowser_sample_oneprice,2026-04-24,SUV,22.0
Honda,Civic Sport,2024,"27,909 mi.",Gasoline,4 Cyl,Automatic,Black,Black,None reported,Yes,"$26,190",carfax_rebrowser_sample_oneprice,2026-04-24,Hatchback,32.0
Ford,F-150 XLT,2024,"65,213 mi.",Hybrid,6 Cyl,Automatic,Gray,Unknown,None reported,Yes,"$34,540",carfax_rebrowser_sample_oneprice,2026-04-24,Pickup,23.0
BMW,X1 M35i,2026,"3,867 mi.",Gasoline,4 Cyl,Automatic,White,Unknown,None reported,Yes,"$52,060",carfax_rebrowser_sample_oneprice,2026-04-24,SUV,27.0
Infiniti,QX80 Luxe,2024,"33,918 mi.",Gasoline,8 Cyl,Automatic,White,Black,None reported,Yes,"$44,700",carfax_rebrowser_sample_oneprice,2026-04-24,SUV,15.0
Toyota,Grand Highlander LE,2026,"2,540 mi.",Gasoline,4 Cyl,Automatic,Silver,Black,None reported,Yes,"$43,990",carfax_rebrowser_sample_oneprice,2026-04-24,SUV,24.0
BMW,X1 M35i,2025,"6,733 mi.",Gasoline,4 Cyl,Automatic,White,Tan,None reported,Yes,"$48,650",carfax_rebrowser_sample_oneprice,2026-04-24,SUV,26.0
BMW,X1 xDrive28i,2025,"7,222 mi.",Gasoline,4 Cyl,Automatic,Black,Red,None reported,Yes,"$42,110",carfax_rebrowser_sample_oneprice,2026-04-24,SUV,28.0
Toyota,Corolla FX,2025,"11,699 mi.",Gasoline,4 Cyl,Automatic,Black,Gray,None reported,Yes,"$26,860",carfax_rebrowser_sample_oneprice,2026-04-24,Sedan,34.0
Hyundai,Santa Cruz SEL,2025,"10,589 mi.",Gasoline,4 Cyl,Automatic,White,Gray,None reported,Yes,"$28,440",carfax_rebrowser_sample_oneprice,2026-04-24,Pickup,24.0
Nissan,Frontier SV,2025,394 mi.,Gasoline,6 Cyl,Automatic,Gray,White,None reported,Yes,"$33,460",carfax_rebrowser_sample_oneprice,2026-04-24,Pickup,21.0
Chevrolet,Equinox LT,2026,"11,583 mi.",Gasoline,4 Cyl,Automatic,Gray,Black,None reported,Yes,"$29,630",carfax_rebrowser_sample_oneprice,2026-04-24,SUV,26.0
Chevrolet,Silverado 1500 LT,2025,"41,207 mi.",Gasoline,8 Cyl,Automatic,Gray,Gray,None reported,Yes,"$39,620",carfax_rebrowser_sample_oneprice,2026-04-24,Pickup,16.0
Ram,1500 Big Horn/Lone Star,2025,"5,870 mi.",Gasoline,6 Cyl,Automatic,Blue,Black,None reported,Yes,"$48,610",carfax_rebrowser_sample_oneprice,2026-04-24,Pickup,
Honda,Civic Touring,2024,"32,157 mi.",Gasoline,4 Cyl,Automatic,White,Gray,None reported,Yes,"$27,230",carfax_rebrowser_sample_oneprice,2026-04-24,Sedan,34.0
Mercedes-Benz,G-Class AMG G 63,2024,"12,301 mi.",Gasoline,8 Cyl,Automatic,White,White,None reported,Yes,"$189,270",carfax_rebrowser_sample_oneprice,2026-04-24,SUV,14.0
Toyota,Corolla LE,2026,929 mi.,Gasoline,4 Cyl,Automatic,Gray,Black,None reported,Yes,"$25,330",carfax_rebrowser_sample_oneprice,2026-04-24,Sedan,34.0
Ram,1500 Big Horn/Lone Star,2024,"24,258 mi.",Gasoline,8 Cyl,Automatic,Blue,Black,None reported,Yes,"$35,080",carfax_rebrowser_sample_oneprice,2026-04-24,Pickup,20.0
Land Rover,Range Rover SE,2024,"22,812 mi.",Gasoline,8 Cyl,Automatic,Black,Black,None reported,Yes,"$107,540",carfax_rebrowser_sample_oneprice,2026-04-24,SUV,19.0
Cadillac,Escalade,2025,"14,360 mi.",Gasoline,8 Cyl,Automatic,Black,Black,None reported,Yes,"$166,520",carfax_rebrowser_sample_oneprice,2026-04-24,SUV,13.0
Ford,F-450 Platinum,2026,81 mi.,Diesel,8 Cyl,Automatic,Black,Black,None reported,Yes,"$117,350",carfax_rebrowser_sample_oneprice,2026-04-24,Pickup,
GMC,Hummer EV 3X,2024,"6,400 mi.",Electric,Electric,Automatic,Gray,Tan,None reported,Yes,"$76,890",carfax_rebrowser_sample_oneprice,2026-04-24,SUV,
BMW,X7 xDrive40i,2026,"6,897 mi.",Gasoline,6 Cyl,Automatic,Gray,White,None reported,Yes,"$88,000",carfax_rebrowser_sample_oneprice,2026-04-24,SUV,23.0
Ford,Expedition MAX Limited,2024,"71,082 mi.",Gasoline,6 Cyl,Automatic,Black,Tan,None reported,Yes,"$41,690",carfax_rebrowser_sample_oneprice,2026-04-24,SUV,
Ford,Escape ST-Line,2025,"16,770 mi.",Gasoline,3 Cyl,Automatic,Black,Black,None reported,Yes,"$26,860",carfax_rebrowser_sample_oneprice,2026-04-24,SUV,28.0
Chevrolet,TrailBlazer LT,2025,"34,490 mi.",Gasoline,3 Cyl,Automatic,Gray,Black,None reported,Yes,"$23,010",carfax_rebrowser_sample_oneprice,2026-04-24,SUV,27.0
Hyundai,Tucson SEL,2025,"37,933 mi.",Gasoline,4 Cyl,Automatic,White,Gray,None reported,Yes,"$23,170",carfax_rebrowser_sample_oneprice,2026-04-24,SUV,26.0
Mitsubishi,Outlander Sport ES,2025,"20,503 mi.",Gasoline,4 Cyl,Automatic,Silver,Black,None reported,Yes,"$21,190",carfax_rebrowser_sample_oneprice,2026-04-24,SUV,26.0
Jeep,Compass Limited Edition,2025,"43,682 mi.",Gasoline,4 Cyl,Automatic,Silver,Black,None reported,Yes,"$21,690",carfax_rebrowser_sample_oneprice,2026-04-24,SUV,27.0
Nissan,Rogue SV,2025,"42,581 mi.",Gasoline,3 Cyl,Automatic,Black,Black,None reported,Yes,"$22,790",carfax_rebrowser_sample_oneprice,2026-04-24,SUV,31.0
Chevrolet,Equinox LT,2025,"28,700 mi.",Gasoline,4 Cyl,Automatic,Gray,Black,None reported,Yes,"$25,630",carfax_rebrowser_sample_oneprice,2026-04-24,SUV,26.0
INEOS,Grenadier Fieldmaster Edition,2024,"7,578 mi.",Gasoline,6 Cyl,Automatic,Gray,Gray,None reported,Yes,"$66,800",carfax_rebrowser_sample_oneprice,2026-04-24,SUV,15.0
Volvo,XC90 B5 Core,2024,"50,762 mi.",Gasoline,4 Cyl,Automatic,White,Black,None reported,Yes,"$38,610",carfax_rebrowser_sample_oneprice,2026-04-24,SUV,23.0
Nissan,Frontier SV,2024,"30,050 mi.",Gasoline,6 Cyl,Automatic,White,Black,None reported,Yes,"$30,820",carfax_rebrowser_sample_oneprice,2026-04-24,Pickup,20.0
Jaguar,I-Pace R-Dynamic HSE,2024,"4,605 mi.",Electric,Electric,Automatic,Black,Tan,None reported,Yes,"$48,260",carfax_rebrowser_sample_oneprice,2026-04-24,SUV,85.0
Jaguar,I-Pace R-Dynamic HSE,2024,"4,879 mi.",Electric,Electric,Automatic,Black,Brown,None reported,Yes,"$47,640",carfax_rebrowser_sample_oneprice,2026-04-24,SUV,85.0
Jeep,Grand Wagoneer Series II,2024,"62,114 mi.",Gasoline,6 Cyl,Automatic,White,Black,None reported,Yes,"$51,000",carfax_rebrowser_sample_oneprice,2026-04-24,SUV,17.0
Ford,Bronco Wildtrak,2024,"24,877 mi.",Gasoline,6 Cyl,Automatic,White,Black,None reported,Yes,"$52,830",carfax_rebrowser_sample_oneprice,2026-04-24,SUV,20.0
Jeep,Compass Limited Edition,2025,"43,843 mi.",Gasoline,4 Cyl,Automatic,Silver,Black,None reported,Yes,"$22,140",carfax_rebrowser_sample_oneprice,2026-04-24,SUV,27.0
Chevrolet,Trax ACTIV,2025,"19,453 mi.",Flexible-Fuel,3 Cyl,Automatic,White,Black,None reported,Yes,"$23,990",carfax_rebrowser_sample_oneprice,2026-04-24,SUV,29.0
Lexus,NX 350h,2024,"29,158 mi.",Hybrid,4 Cyl,Automatic,Black,Black,None reported,Yes,"$42,740",carfax_rebrowser_sample_oneprice,2026-04-24,SUV,39.0
Mazda,CX-5 Carbon Turbo,2025,"5,508 mi.",Gasoline,4 Cyl,Automatic,White,Black,None reported,Yes,"$35,100",carfax_rebrowser_sample_oneprice,2026-04-24,SUV,24.0
Mazda,CX-50 Turbo,2025,"4,367 mi.",Gasoline,4 Cyl,Automatic,Blue,Red,None reported,Yes,"$38,960",carfax_rebrowser_sample_oneprice,2026-04-24,SUV,25.0
Ford,Bronco Sport Heritage,2025,31 mi.,Gasoline,3 Cyl,Automatic,Blue,Blue,None reported,Yes,"$34,050",carfax_rebrowser_sample_oneprice,2026-04-24,SUV,27.0
Hyundai,Tucson Limited Edition,2025,"4,893 mi.",Hybrid,4 Cyl,Automatic,Gray,Black,None reported,Yes,"$36,800",carfax_rebrowser_sample_oneprice,2026-04-24,SUV,35.0
Ram,2500 Big Horn,2025,"8,566 mi.",Gasoline,8 Cyl,Automatic,Gray,Black,None reported,Yes,"$52,290",carfax_rebrowser_sample_oneprice,2026-04-24,Pickup,
Chevrolet,Silverado 1500 LT,2026,"2,980 mi.",Gasoline,8 Cyl,Automatic,White,Black,None reported,Yes,"$59,770",carfax_rebrowser_sample_oneprice,2026-04-24,Pickup,16.0
Volvo,S60 B5 Core,2025,"12,884 mi.",Gasoline,4 Cyl,Automatic,Gray,Black,None reported,Yes,"$33,200",carfax_rebrowser_sample_oneprice,2026-04-24,Sedan,28.0
Nissan,Versa,2025,"9,997 mi.",Gasoline,4 Cyl,Automatic,Silver,Black,None reported,Yes,"$17,250",carfax_rebrowser_sample_oneprice,2026-04-24,Sedan,35.0
Ram,1500 Tungsten,2025,"29,008 mi.",Gasoline,6 Cyl,Automatic,Black,Blue,None reported,Yes,"$68,820",carfax_rebrowser_sample_oneprice,2026-04-24,Pickup,
Kia,K4 LXS,2025,"41,388 mi.",Gasoline,4 Cyl,Automatic,Blue,Gray,None reported,Yes,"$20,470",carfax_rebrowser_sample_oneprice,2026-04-24,Sedan,33.0
Honda,Civic Sport,2025,57 mi.,Gasoline,4 Cyl,Automatic,Blue,Black,None reported,Yes,"$27,010",carfax_rebrowser_sample_oneprice,2026-04-24,Hatchback,34.0
Mini,Cooper S,2025,"6,078 mi.",Gasoline,4 Cyl,Automatic,Blue,Gray,None reported,Yes,"$32,360",carfax_rebrowser_sample_oneprice,2026-04-24,Hatchback,32.0
Ford,Mustang GT,2024,"26,669 mi.",Gasoline,8 Cyl,Automatic,Gray,Black,None reported,Yes,"$43,700",carfax_rebrowser_sample_oneprice,2026-04-24,Coupe,19.0
Audi,A3 Premium,2024,"37,202 mi.",Gasoline,4 Cyl,Automatic,Gray,Unknown,None reported,Yes,"$22,650",carfax_rebrowser_sample_oneprice,2026-04-24,Sedan,32.0
Honda,Accord EX,2024,"31,765 mi.",Gasoline,4 Cyl,Automatic,Blue,Black,None reported,Yes,"$25,350",carfax_rebrowser_sample_oneprice,2026-04-24,Sedan,32.0
Toyota,Corolla LE,2024,"40,206 mi.",Gasoline,4 Cyl,Automatic,Black,Black,None reported,Yes,"$20,340",carfax_rebrowser_sample_oneprice,2026-04-24,Sedan,35.0
Nissan,Altima SV,2024,"55,974 mi.",Gasoline,4 Cyl,Automatic,Red,Black,None reported,Yes,"$19,140",carfax_rebrowser_sample_oneprice,2026-04-24,Sedan,31.0
Ford,F-250 XLT,2024,"65,826 mi.",Diesel,8 Cyl,Automatic,White,Gray,None reported,Yes,"$51,210",carfax_rebrowser_sample_oneprice,2026-04-24,Pickup,
GMC,Sierra 1500 Denali,2024,"45,384 mi.",Gasoline,8 Cyl,Automatic,Silver,Black,None reported,Yes,"$53,710",carfax_rebrowser_sample_oneprice,2026-04-24,Pickup,16.0
Chevrolet,Malibu LT,2024,"32,529 mi.",Gasoline,4 Cyl,Automatic,White,Black,None reported,Yes,"$20,840",carfax_rebrowser_sample_oneprice,2026-04-24,Sedan,31.0
Mercedes-Benz,G-Class G 550,2024,"23,418 mi.",Gasoline,8 Cyl,Automatic,White,Tan,None reported,Yes,"$142,720",carfax_rebrowser_sample_oneprice,2026-04-24,SUV,14.0
Mazda,CX-50 S,2025,"20,299 mi.",Gasoline,4 Cyl,Automatic,White,Black,None reported,Yes,"$28,300",carfax_rebrowser_sample_oneprice,2026-04-24,SUV,28.0
Honda,HR-V Sport,2025,"21,386 mi.",Gasoline,4 Cyl,Automatic,Black,Black,None reported,Yes,"$25,820",carfax_rebrowser_sample_oneprice,2026-04-24,SUV,27.0
Kia,Carnival EX,2024,"31,640 mi.",Gasoline,6 Cyl,Automatic,Black,Gray,None reported,Yes,"$33,320",carfax_rebrowser_sample_oneprice,2026-04-24,Minivan,22.0
Mercedes-Benz,G-Class AMG G 63,2025,320 mi.,Gasoline,8 Cyl,Automatic,White,Blue,None reported,Yes,"$231,490",carfax_rebrowser_sample_oneprice,2026-04-24,SUV,15.0
Toyota,Tundra 1794 Edition,2024,"26,667 mi.",Hybrid,6 Cyl,Automatic,Silver,Tan,None reported,Yes,"$56,240",carfax_rebrowser_sample_oneprice,2026-04-24,Pickup,19.0
Honda,CR-V Sport Touring,2024,"40,803 mi.",Hybrid,4 Cyl,Automatic,Silver,Black,None reported,Yes,"$34,200",carfax_rebrowser_sample_oneprice,2026-04-24,SUV,37.0
Kia,Carnival EX,2025,"4,336 mi.",Gasoline,6 Cyl,Automatic,Gray,Brown,None reported,Yes,"$38,770",carfax_rebrowser_sample_oneprice,2026-04-24,Minivan,21.0
Ram,3500 Big Horn,2024,"50,291 mi.",Diesel,6 Cyl,Automatic,White,Gray,None reported,Yes,"$52,100",carfax_rebrowser_sample_oneprice,2026-04-24,Pickup,
Chrysler,Pacifica Limited,2024,"45,008 mi.",Gasoline,6 Cyl,Automatic,White,Black,None reported,Yes,"$30,270",carfax_rebrowser_sample_oneprice,2026-04-24,Minivan,22.0
Ford,Transit Base,2024,"20,515 mi.",Flexible-Fuel,6 Cyl,Automatic,White,Black,None reported,Yes,"$33,010",carfax_rebrowser_sample_oneprice,2026-04-24,Van,
Volvo,XC90 T8 Plus,2025,"7,900 mi.",Hybrid,4 Cyl,Automatic,White,Tan,None reported,Yes,"$62,130",carfax_rebrowser_sample_oneprice,2026-04-24,SUV,27.0
GMC,Yukon SLE,2024,"49,895 mi.",Gasoline,8 Cyl,Automatic,White,Black,None reported,Yes,"$43,740",carfax_rebrowser_sample_oneprice,2026-04-24,SUV,17.0
Chevrolet,Tahoe Premier,2024,"59,480 mi.",Gasoline,8 Cyl,Automatic,Gray,Black,None reported,Yes,"$52,120",carfax_rebrowser_sample_oneprice,2026-04-24,SUV,16.0
Mercedes-Benz,C-Class C 300,2025,"11,077 mi.",Gasoline,4 Cyl,Automatic,Black,Black,None reported,Yes,"$41,620",carfax_rebrowser_sample_oneprice,2026-04-24,Sedan,27.0
Nissan,Titan SV,2024,"26,860 mi.",Gasoline,8 Cyl,Automatic,Black,Black,None reported,Yes,"$35,030",carfax_rebrowser_sample_oneprice,2026-04-24,Pickup,17.0
Audi,RS6 performance,2024,"55,701 mi.",Gasoline,8 Cyl,Automatic,Blue,Brown,None reported,Yes,"$116,450",carfax_rebrowser_sample_oneprice,2026-04-24,Wagon,17.0
Audi,RS6 performance,2024,"11,565 mi.",Gasoline,8 Cyl,Automatic,Silver,Brown,None reported,Yes,"$128,030",carfax_rebrowser_sample_oneprice,2026-04-24,Wagon,17.0
Audi,RS6 performance,2024,"5,627 mi.",Gasoline,8 Cyl,Automatic,Silver,Black,None reported,Yes,"$129,530",carfax_rebrowser_sample_oneprice,2026-04-24,Wagon,17.0
BMW,M5 Touring,2026,837 mi.,Hybrid,8 Cyl,Automatic,Green,Orange,None reported,Yes,"$135,560",carfax_rebrowser_sample_oneprice,2026-04-24,Wagon,13.0
Mercedes-Benz,E-Class AMG E 53,2026,798 mi.,Hybrid,6 Cyl,Automatic,Black,Black,None reported,Yes,"$109,230",carfax_rebrowser_sample_oneprice,2026-04-24,Wagon,22.0
Infiniti,QX80 Luxe,2024,"41,452 mi.",Gasoline,8 Cyl,Automatic,Gray,Black,None reported,Yes,"$40,620",carfax_rebrowser_sample_oneprice,2026-04-24,SUV,15.0
Volvo,V90 B6 Plus,2025,"11,661 mi.",Gasoline,4 Cyl,Automatic,Black,Tan,None reported,Yes,"$57,120",carfax_rebrowser_sample_oneprice,2026-04-24,Wagon,
Volvo,V60 B5 Ultra,2025,"17,265 mi.",Gasoline,4 Cyl,Automatic,Black,Black,None reported,Yes,"$47,690",carfax_rebrowser_sample_oneprice,2026-04-24,Wagon,27.0
Audi,A4 Premium Plus,2025,"3,754 mi.",Gasoline,4 Cyl,Automatic,White,Tan,None reported,Yes,"$49,840",carfax_rebrowser_sample_oneprice,2026-04-24,Wagon,26.0
Subaru,Outback Touring,2025,"9,977 mi.",Gasoline,4 Cyl,Automatic,White,Tan,None reported,Yes,"$40,550",carfax_rebrowser_sample_oneprice,2026-04-24,Wagon,25.0
Volvo,V60 B5 Ultra,2025,"13,754 mi.",Gasoline,4 Cyl,Automatic,Gray,Brown,None reported,Yes,"$49,400",carfax_rebrowser_sample_oneprice,2026-04-24,Wagon,27.0
Subaru,Outback Touring,2025,"23,569 mi.",Gasoline,4 Cyl,Automatic,Gray,Black,None reported,Yes,"$34,680",carfax_rebrowser_sample_oneprice,2026-04-24,Wagon,28.0
Subaru,Outback Limited,2025,"12,000 mi.",Gasoline,4 Cyl,Automatic,Blue,Black,None reported,Yes,"$33,080",carfax_rebrowser_sample_oneprice,2026-04-24,Wagon,28.0
Subaru,Outback Onyx Edition,2025,"12,786 mi.",Gasoline,4 Cyl,Automatic,White,Gray,None reported,Yes,"$33,840",carfax_rebrowser_sample_oneprice,2026-04-24,Wagon,28.0
Subaru,Outback Wilderness,2025,"15,979 mi.",Gasoline,4 Cyl,Automatic,Gray,Gray,None reported,Yes,"$36,020",carfax_rebrowser_sample_oneprice,2026-04-24,Wagon,23.0
Subaru,Outback Onyx Edition,2025,"24,593 mi.",Gasoline,4 Cyl,Automatic,Green,Gray,None reported,Yes,"$29,900",carfax_rebrowser_sample_oneprice,2026-04-24,Wagon,28.0
Subaru,Outback Limited,2025,"5,724 mi.",Gasoline,4 Cyl,Automatic,White,White,None reported,Yes,"$35,640",carfax_rebrowser_sample_oneprice,2026-04-24,Wagon,28.0
Subaru,Outback Premium,2025,"23,870 mi.",Gasoline,4 Cyl,Automatic,Green,Tan,None reported,Yes,"$29,860",carfax_rebrowser_sample_oneprice,2026-04-24,Wagon,28.0
Subaru,Outback Onyx Edition,2025,"18,570 mi.",Gasoline,4 Cyl,Automatic,Silver,Gray,None reported,Yes,"$30,520",carfax_rebrowser_sample_oneprice,2026-04-24,Wagon,28.0
Subaru,Outback Wilderness,2025,"30,464 mi.",Gasoline,4 Cyl,Automatic,Green,Gray,None reported,Yes,"$34,560",carfax_rebrowser_sample_oneprice,2026-04-24,Wagon,23.0
Subaru,Outback Touring,2025,"2,723 mi.",Gasoline,4 Cyl,Automatic,Gray,Black,None reported,Yes,"$39,300",carfax_rebrowser_sample_oneprice,2026-04-24,Wagon,25.0
Subaru,Outback Touring,2025,"16,120 mi.",Gasoline,4 Cyl,Automatic,Red,Black,None reported,Yes,"$37,410",carfax_rebrowser_sample_oneprice,2026-04-24,Wagon,28.0
Subaru,Outback Onyx Edition,2025,"1,346 mi.",Gasoline,4 Cyl,Automatic,Silver,Gray,None reported,Yes,"$35,730",carfax_rebrowser_sample_oneprice,2026-04-24,Wagon,28.0
Chrysler,Pacifica Limited,2025,"48,087 mi.",Gasoline,6 Cyl,Automatic,Black,Black,None reported,Yes,"$32,360",carfax_rebrowser_sample_oneprice,2026-04-24,Minivan,22.0
Subaru,Outback Wilderness,2025,"11,785 mi.",Gasoline,4 Cyl,Automatic,White,Gray,None reported,Yes,"$38,850",carfax_rebrowser_sample_oneprice,2026-04-24,Wagon,23.0
Subaru,Outback Premium,2025,"3,431 mi.",Gasoline,4 Cyl,Automatic,Red,Black,None reported,Yes,"$32,950",carfax_rebrowser_sample_oneprice,2026-04-24,Wagon,28.0
Subaru,Outback Premium,2025,"16,116 mi.",Gasoline,4 Cyl,Automatic,Gray,Black,None reported,Yes,"$31,470",carfax_rebrowser_sample_oneprice,2026-04-24,Wagon,28.0
Subaru,Outback Limited,2025,"4,153 mi.",Gasoline,4 Cyl,Automatic,Black,Black,None reported,Yes,"$36,540",carfax_rebrowser_sample_oneprice,2026-04-24,Wagon,28.0
Volvo,V60 B5 Plus,2025,"22,499 mi.",Gasoline,4 Cyl,Automatic,Black,Black,None reported,Yes,"$35,260",carfax_rebrowser_sample_oneprice,2026-04-24,Wagon,27.0
Subaru,Outback Premium,2025,"14,091 mi.",Gasoline,4 Cyl,Automatic,Blue,Gray,None reported,Yes,"$31,390",carfax_rebrowser_sample_oneprice,2026-04-24,Wagon,28.0
Subaru,Outback Onyx Edition,2025,"30,742 mi.",Gasoline,4 Cyl,Automatic,White,Gray,None reported,Yes,"$29,830",carfax_rebrowser_sample_oneprice,2026-04-24,Wagon,28.0
Subaru,Outback Premium,2025,"6,922 mi.",Gasoline,4 Cyl,Automatic,White,Gray,None reported,Yes,"$33,300",carfax_rebrowser_sample_oneprice,2026-04-24,Wagon,28.0
Subaru,Outback Limited,2025,"6,687 mi.",Gasoline,4 Cyl,Automatic,Green,Black,None reported,Yes,"$36,750",carfax_rebrowser_sample_oneprice,2026-04-24,Wagon,28.0
Volvo,V60 B5 Plus,2025,"18,111 mi.",Gasoline,4 Cyl,Automatic,Silver,Black,None reported,Yes,"$39,030",carfax_rebrowser_sample_oneprice,2026-04-24,Wagon,27.0
Subaru,Outback Premium,2025,"8,558 mi.",Gasoline,4 Cyl,Automatic,Silver,Black,None reported,Yes,"$30,070",carfax_rebrowser_sample_oneprice,2026-04-24,Wagon,28.0
Subaru,Outback Limited,2025,"6,186 mi.",Gasoline,4 Cyl,Automatic,Silver,Black,None reported,Yes,"$35,240",carfax_rebrowser_sample_oneprice,2026-04-24,Wagon,28.0
Subaru,Outback Premium,2025,"8,546 mi.",Gasoline,4 Cyl,Automatic,Gray,Black,None reported,Yes,"$30,890",carfax_rebrowser_sample_oneprice,2026-04-24,Wagon,28.0
Subaru,Outback Premium,2025,"7,586 mi.",Gasoline,4 Cyl,Automatic,Gray,Gray,None reported,Yes,"$31,150",carfax_rebrowser_sample_oneprice,2026-04-24,Wagon,28.0
Subaru,Outback Premium,2025,"8,965 mi.",Gasoline,4 Cyl,Automatic,Silver,Gray,None reported,Yes,"$31,150",carfax_rebrowser_sample_oneprice,2026-04-24,Wagon,28.0
Volvo,V60 B5 Plus,2025,"25,060 mi.",Gasoline,4 Cyl,Automatic,Black,Tan,None reported,Yes,"$35,900",carfax_rebrowser_sample_oneprice,2026-04-24,Wagon,27.0
Volvo,V60 B5 Plus,2025,"20,660 mi.",Gasoline,4 Cyl,Automatic,White,Tan,None reported,Yes,"$39,690",carfax_rebrowser_sample_oneprice,2026-04-24,Wagon,27.0
Subaru,Outback Premium,2025,"15,027 mi.",Gasoline,4 Cyl,Automatic,White,Gray,None reported,Yes,"$31,170",carfax_rebrowser_sample_oneprice,2026-04-24,Wagon,28.0
Subaru,Outback Onyx Edition,2025,"5,415 mi.",Gasoline,4 Cyl,Automatic,Black,Gray,None reported,Yes,"$36,570",carfax_rebrowser_sample_oneprice,2026-04-24,Wagon,25.0
Subaru,Outback Limited,2025,"5,374 mi.",Gasoline,4 Cyl,Automatic,Green,Black,None reported,Yes,"$35,670",carfax_rebrowser_sample_oneprice,2026-04-24,Wagon,28.0
Subaru,Outback Onyx Edition,2025,"15,649 mi.",Gasoline,4 Cyl,Automatic,White,Gray,None reported,Yes,"$33,190",carfax_rebrowser_sample_oneprice,2026-04-24,Wagon,28.0
Subaru,Outback Premium,2025,"3,422 mi.",Gasoline,4 Cyl,Automatic,Red,Black,None reported,Yes,"$32,840",carfax_rebrowser_sample_oneprice,2026-04-24,Wagon,28.0
Subaru,Outback Premium,2025,"18,795 mi.",Gasoline,4 Cyl,Automatic,Green,Black,None reported,Yes,"$31,190",carfax_rebrowser_sample_oneprice,2026-04-24,Wagon,28.0
Subaru,Outback Premium,2025,"3,532 mi.",Gasoline,4 Cyl,Automatic,Blue,Black,None reported,Yes,"$32,890",carfax_rebrowser_sample_oneprice,2026-04-24,Wagon,28.0
Subaru,Outback Premium,2025,"4,372 mi.",Gasoline,4 Cyl,Automatic,Blue,Black,None reported,Yes,"$32,220",carfax_rebrowser_sample_oneprice,2026-04-24,Wagon,28.0
Subaru,Outback Onyx Edition,2025,"4,593 mi.",Gasoline,4 Cyl,Automatic,Green,Gray,None reported,Yes,"$35,440",carfax_rebrowser_sample_oneprice,2026-04-24,Wagon,28.0
Subaru,Outback Limited,2025,"30,864 mi.",Gasoline,4 Cyl,Automatic,Red,Black,None reported,Yes,"$31,710",carfax_rebrowser_sample_oneprice,2026-04-24,Wagon,28.0
Subaru,Outback Limited,2025,"7,298 mi.",Gasoline,4 Cyl,Automatic,Gray,Black,None reported,Yes,"$35,080",carfax_rebrowser_sample_oneprice,2026-04-24,Wagon,28.0
Subaru,Outback Limited,2025,"44,607 mi.",Gasoline,4 Cyl,Automatic,Gray,Black,None reported,Yes,"$33,050",carfax_rebrowser_sample_oneprice,2026-04-24,Wagon,25.0
Subaru,Outback Premium,2025,"3,923 mi.",Gasoline,4 Cyl,Automatic,Silver,Gray,None reported,Yes,"$32,850",carfax_rebrowser_sample_oneprice,2026-04-24,Wagon,28.0
Subaru,Outback Premium,2025,"4,047 mi.",Gasoline,4 Cyl,Automatic,Green,Black,None reported,Yes,"$32,550",carfax_rebrowser_sample_oneprice,2026-04-24,Wagon,28.0
Volvo,V60 B5 Plus,2025,"11,915 mi.",Gasoline,4 Cyl,Automatic,Silver,Black,None reported,Yes,"$41,730",carfax_rebrowser_sample_oneprice,2026-04-24,Wagon,27.0
Subaru,Outback Premium,2025,"8,719 mi.",Gasoline,4 Cyl,Automatic,White,Black,None reported,Yes,"$31,720",carfax_rebrowser_sample_oneprice,2026-04-24,Wagon,28.0
Subaru,Outback Premium,2025,"3,668 mi.",Gasoline,4 Cyl,Automatic,Gray,Black,None reported,Yes,"$33,000",carfax_rebrowser_sample_oneprice,2026-04-24,Wagon,28.0
Subaru,Outback Premium,2025,"2,913 mi.",Gasoline,4 Cyl,Automatic,Black,Black,None reported,Yes,"$32,470",carfax_rebrowser_sample_oneprice,2026-04-24,Wagon,28.0
Subaru,Outback Premium,2025,"11,417 mi.",Gasoline,4 Cyl,Automatic,White,Black,None reported,Yes,"$30,570",carfax_rebrowser_sample_oneprice,2026-04-24,Wagon,28.0
Subaru,Outback Limited,2025,"4,535 mi.",Gasoline,4 Cyl,Automatic,Red,Black,None reported,Yes,"$35,610",carfax_rebrowser_sample_oneprice,2026-04-24,Wagon,28.0
Volvo,V60 B5 Plus,2025,"16,992 mi.",Gasoline,4 Cyl,Automatic,White,Black,None reported,Yes,"$36,600",carfax_rebrowser_sample_oneprice,2026-04-24,Wagon,27.0
Subaru,Outback Touring,2025,"8,184 mi.",Gasoline,4 Cyl,Automatic,White,Brown,None reported,Yes,"$39,020",carfax_rebrowser_sample_oneprice,2026-04-24,Wagon,25.0
Volvo,V60 B5 Plus,2025,"9,012 mi.",Gasoline,4 Cyl,Automatic,White,Tan,None reported,Yes,"$42,340",carfax_rebrowser_sample_oneprice,2026-04-24,Wagon,27.0
Volvo,V60 B5 Plus,2025,"16,665 mi.",Gasoline,4 Cyl,Automatic,Gray,Black,None reported,Yes,"$38,480",carfax_rebrowser_sample_oneprice,2026-04-24,Wagon,27.0
Subaru,Outback Premium,2025,"6,712 mi.",Gasoline,4 Cyl,Automatic,Gray,Black,None reported,Yes,"$31,700",carfax_rebrowser_sample_oneprice,2026-04-24,Wagon,28.0
Subaru,Outback Onyx Edition,2025,"34,012 mi.",Gasoline,4 Cyl,Automatic,Blue,Gray,None reported,Yes,"$29,480",carfax_rebrowser_sample_oneprice,2026-04-24,Wagon,28.0
Subaru,Outback Wilderness,2025,"18,076 mi.",Gasoline,4 Cyl,Automatic,Black,Gray,None reported,Yes,"$37,950",carfax_rebrowser_sample_oneprice,2026-04-24,Wagon,23.0
Subaru,Outback Wilderness,2025,"33,170 mi.",Gasoline,4 Cyl,Automatic,White,Gray,None reported,Yes,"$34,760",carfax_rebrowser_sample_oneprice,2026-04-24,Wagon,23.0
Subaru,Outback Touring,2024,"8,018 mi.",Gasoline,4 Cyl,Automatic,Blue,Tan,None reported,Yes,"$35,150",carfax_rebrowser_sample_oneprice,2026-04-24,Wagon,25.0
Subaru,Outback Wilderness,2024,"9,353 mi.",Gasoline,4 Cyl,Automatic,Black,Black,None reported,Yes,"$37,180",carfax_rebrowser_sample_oneprice,2026-04-24,Wagon,23.0
Subaru,Outback Touring,2024,"13,910 mi.",Gasoline,4 Cyl,Automatic,Black,Tan,None reported,Yes,"$34,440",carfax_rebrowser_sample_oneprice,2026-04-24,Wagon,28.0
Subaru,Outback Touring,2024,"31,718 mi.",Gasoline,4 Cyl,Automatic,Red,Black,None reported,Yes,"$32,730",carfax_rebrowser_sample_oneprice,2026-04-24,Wagon,25.0
Subaru,Outback Touring,2024,"7,650 mi.",Gasoline,4 Cyl,Automatic,Blue,Black,None reported,Yes,"$34,230",carfax_rebrowser_sample_oneprice,2026-04-24,Wagon,28.0
BMW,2 Series 228i xDrive,2025,"25,658 mi.",Gasoline,4 Cyl,Automatic,White,Tan,None reported,Yes,"$32,720",carfax_rebrowser_sample_oneprice,2026-04-24,Sedan,30.0
Mercedes-Benz,CLA 250,2025,"36,832 mi.",Gasoline,4 Cyl,Automatic,Black,Unknown,None reported,Yes,"$33,280",carfax_rebrowser_sample_oneprice,2026-04-24,Sedan,29.0
BMW,3 Series 330i,2025,"8,216 mi.",Gasoline,4 Cyl,Automatic,White,Tan,None reported,Yes,"$39,300",carfax_rebrowser_sample_oneprice,2026-04-24,Sedan,31.0
Subaru,Outback Onyx Edition,2025,"32,584 mi.",Gasoline,4 Cyl,Automatic,Blue,Gray,None reported,Yes,"$28,740",carfax_rebrowser_sample_oneprice,2026-04-24,Wagon,28.0
Kia,Soul LX,2025,"34,892 mi.",Gasoline,4 Cyl,Automatic,Gray,Black,None reported,Yes,"$17,390",carfax_rebrowser_sample_oneprice,2026-04-24,Wagon,30.0
Kia,Soul LX,2025,947 mi.,Gasoline,4 Cyl,Automatic,Gray,Black,None reported,Yes,"$20,370",carfax_rebrowser_sample_oneprice,2026-04-24,Wagon,30.0
Kia,Soul LX,2025,"26,416 mi.",Gasoline,4 Cyl,Automatic,Gray,Black,None reported,Yes,"$16,710",carfax_rebrowser_sample_oneprice,2026-04-24,Wagon,30.0
Kia,Soul LX,2025,"5,269 mi.",Gasoline,4 Cyl,Automatic,Gray,Black,None reported,Yes,"$18,710",carfax_rebrowser_sample_oneprice,2026-04-24,Wagon,30.0
Kia,Soul LX,2025,"27,565 mi.",Gasoline,4 Cyl,Automatic,Red,Black,None reported,Yes,"$17,010",carfax_rebrowser_sample_oneprice,2026-04-24,Wagon,30.0
Kia,Soul LX,2025,"37,679 mi.",Gasoline,4 Cyl,Automatic,White,Black,None reported,Yes,"$17,740",carfax_rebrowser_sample_oneprice,2026-04-24,Wagon,30.0
Kia,Soul LX,2025,"34,424 mi.",Gasoline,4 Cyl,Automatic,Gray,Black,None reported,Yes,"$17,900",carfax_rebrowser_sample_oneprice,2026-04-24,Wagon,30.0
Kia,Soul LX,2025,"36,604 mi.",Gasoline,4 Cyl,Automatic,White,Black,None reported,Yes,"$17,440",carfax_rebrowser_sample_oneprice,2026-04-24,Wagon,30.0
Kia,Soul LX,2025,"5,447 mi.",Gasoline,4 Cyl,Automatic,Gray,Black,None reported,Yes,"$19,760",carfax_rebrowser_sample_oneprice,2026-04-24,Wagon,30.0
Subaru,Impreza Base,2025,"4,656 mi.",Gasoline,4 Cyl,Automatic,Gray,Black,None reported,Yes,"$23,930",carfax_rebrowser_sample_oneprice,2026-04-24,Wagon,30.0
Kia,Soul LX,2025,"19,343 mi.",Gasoline,4 Cyl,Automatic,Gray,Black,None reported,Yes,"$19,440",carfax_rebrowser_sample_oneprice,2026-04-24,Wagon,30.0
Subaru,Impreza Sport,2025,"3,956 mi.",Gasoline,4 Cyl,Automatic,Silver,Black,None reported,Yes,"$26,790",carfax_rebrowser_sample_oneprice,2026-04-24,Wagon,30.0
Kia,Soul LX,2025,"9,527 mi.",Gasoline,4 Cyl,Automatic,Gray,Black,None reported,Yes,"$19,700",carfax_rebrowser_sample_oneprice,2026-04-24,Wagon,30.0
Kia,Soul LX,2025,"41,851 mi.",Gasoline,4 Cyl,Automatic,White,Black,None reported,Yes,"$19,670",carfax_rebrowser_sample_oneprice,2026-04-24,Wagon,30.0
Kia,Soul LX,2025,"6,268 mi.",Gasoline,4 Cyl,Automatic,Gray,Black,None reported,Yes,"$21,290",carfax_rebrowser_sample_oneprice,2026-04-24,Wagon,30.0
Subaru,Outback Premium,2025,"38,013 mi.",Gasoline,4 Cyl,Automatic,Silver,Gray,None reported,Yes,"$25,770",carfax_rebrowser_sample_oneprice,2026-04-24,Wagon,28.0
Kia,Soul LX,2025,"22,090 mi.",Gasoline,4 Cyl,Automatic,White,Unknown,None reported,Yes,"$18,540",carfax_rebrowser_sample_oneprice,2026-04-24,Wagon,30.0
Kia,Soul LX,2025,"12,758 mi.",Gasoline,4 Cyl,Automatic,White,Unknown,None reported,Yes,"$18,750",carfax_rebrowser_sample_oneprice,2026-04-24,Wagon,30.0
Kia,Soul LX,2025,"37,161 mi.",Gasoline,4 Cyl,Automatic,Gray,Black,None reported,Yes,"$17,350",carfax_rebrowser_sample_oneprice,2026-04-24,Wagon,30.0
Subaru,Outback Premium,2025,"25,319 mi.",Gasoline,4 Cyl,Automatic,Gray,Gray,None reported,Yes,"$27,700",carfax_rebrowser_sample_oneprice,2026-04-24,Wagon,28.0
Kia,Soul LX,2025,"29,068 mi.",Gasoline,4 Cyl,Automatic,Gray,Black,None reported,Yes,"$16,850",carfax_rebrowser_sample_oneprice,2026-04-24,Wagon,30.0
Subaru,Outback Premium,2025,"37,209 mi.",Gasoline,4 Cyl,Automatic,White,Black,None reported,Yes,"$27,100",carfax_rebrowser_sample_oneprice,2026-04-24,Wagon,28.0
Kia,Soul LX,2025,"40,726 mi.",Gasoline,4 Cyl,Automatic,Gray,Black,None reported,Yes,"$17,240",carfax_rebrowser_sample_oneprice,2026-04-24,Wagon,30.0
Subaru,Impreza Base,2025,"17,892 mi.",Gasoline,4 Cyl,Automatic,Gray,Black,None reported,Yes,"$23,520",carfax_rebrowser_sample_oneprice,2026-04-24,Wagon,30.0
Subaru,Impreza Sport,2025,"2,393 mi.",Gasoline,4 Cyl,Automatic,Silver,Black,None reported,Yes,"$27,430",carfax_rebrowser_sample_oneprice,2026-04-24,Wagon,30.0
Subaru,Outback Premium,2025,"32,030 mi.",Gasoline,4 Cyl,Automatic,White,Black,None reported,Yes,"$29,880",carfax_rebrowser_sample_oneprice,2026-04-24,Wagon,28.0
Kia,Soul LX,2025,"10,407 mi.",Gasoline,4 Cyl,Automatic,White,Black,None reported,Yes,"$19,040",carfax_rebrowser_sample_oneprice,2026-04-24,Wagon,30.0
Kia,Soul LX,2025,"10,724 mi.",Gasoline,4 Cyl,Automatic,Gray,Black,None reported,Yes,"$19,140",carfax_rebrowser_sample_oneprice,2026-04-24,Wagon,30.0
Chevrolet,Corvette,2024,"13,267 mi.",Gasoline,8 Cyl,Automatic,Blue,Black,None reported,Yes,"$73,270",carfax_rebrowser_sample_oneprice,2026-04-24,Convertible,19.0
Kia,Soul EX,2025,"13,974 mi.",Gasoline,4 Cyl,Automatic,Red,Black,None reported,Yes,"$23,380",carfax_rebrowser_sample_oneprice,2026-04-24,Wagon,30.0
Subaru,Outback Premium,2025,"39,997 mi.",Gasoline,4 Cyl,Automatic,Blue,Black,None reported,Yes,"$25,910",carfax_rebrowser_sample_oneprice,2026-04-24,Wagon,28.0
Kia,Soul LX,2025,"32,144 mi.",Gasoline,4 Cyl,Automatic,White,Black,None reported,Yes,"$17,800",carfax_rebrowser_sample_oneprice,2026-04-24,Wagon,30.0
Kia,Soul LX,2025,"9,632 mi.",Gasoline,4 Cyl,Automatic,White,Gray,None reported,Yes,"$18,820",carfax_rebrowser_sample_oneprice,2026-04-24,Wagon,30.0
Kia,Soul LX,2025,"36,039 mi.",Gasoline,4 Cyl,Automatic,Gray,Black,None reported,Yes,"$16,510",carfax_rebrowser_sample_oneprice,2026-04-24,Wagon,30.0
Kia,Soul LX,2025,"34,760 mi.",Gasoline,4 Cyl,Automatic,Gray,Black,None reported,Yes,"$16,790",carfax_rebrowser_sample_oneprice,2026-04-24,Wagon,30.0
Kia,Soul EX,2025,"13,545 mi.",Gasoline,4 Cyl,Automatic,Blue,Black,None reported,Yes,"$22,610",carfax_rebrowser_sample_oneprice,2026-04-24,Wagon,30.0
Subaru,Impreza Sport,2025,"14,018 mi.",Gasoline,4 Cyl,Automatic,Gray,Black,None reported,Yes,"$25,150",carfax_rebrowser_sample_oneprice,2026-04-24,Wagon,30.0
Subaru,Outback Onyx Edition,2025,"64,354 mi.",Gasoline,4 Cyl,Automatic,Green,Gray,None reported,Yes,"$29,330",carfax_rebrowser_sample_oneprice,2026-04-24,Wagon,28.0
Kia,Soul,2025,"8,274 mi.",Gasoline,4 Cyl,Automatic,Gray,Unknown,None reported,Yes,"$20,140",carfax_rebrowser_sample_oneprice,2026-04-24,Wagon,30.0
Subaru,Impreza RS,2025,"4,417 mi.",Gasoline,4 Cyl,Automatic,Blue,Black,None reported,Yes,"$28,530",carfax_rebrowser_sample_oneprice,2026-04-24,Wagon,29.0
Kia,Soul LX,2025,"35,121 mi.",Gasoline,4 Cyl,Automatic,White,Black,None reported,Yes,"$16,680",carfax_rebrowser_sample_oneprice,2026-04-24,Wagon,30.0
Kia,Soul LX,2025,"9,564 mi.",Gasoline,4 Cyl,Automatic,Gray,Tan,None reported,Yes,"$19,700",carfax_rebrowser_sample_oneprice,2026-04-24,Wagon,30.0
Kia,Soul LX,2025,"25,701 mi.",Gasoline,4 Cyl,Automatic,White,Black,None reported,Yes,"$18,090",carfax_rebrowser_sample_oneprice,2026-04-24,Wagon,30.0
Kia,Soul LX,2025,"27,915 mi.",Gasoline,4 Cyl,Automatic,Red,Black,None reported,Yes,"$19,140",carfax_rebrowser_sample_oneprice,2026-04-24,Wagon,30.0
Kia,Soul LX,2025,"9,322 mi.",Gasoline,4 Cyl,Automatic,White,Unknown,None reported,Yes,"$19,000",carfax_rebrowser_sample_oneprice,2026-04-24,Wagon,30.0
Subaru,Impreza Sport,2025,"2,100 mi.",Gasoline,4 Cyl,Automatic,Silver,Black,None reported,Yes,"$26,160",carfax_rebrowser_sample_oneprice,2026-04-24,Wagon,30.0
Kia,Soul LX,2025,"24,961 mi.",Gasoline,4 Cyl,Automatic,Black,Black,None reported,Yes,"$19,340",carfax_rebrowser_sample_oneprice,2026-04-24,Wagon,30.0
Kia,Soul LX,2025,"11,900 mi.",Gasoline,4 Cyl,Automatic,Orange,Gray,None reported,Yes,"$20,760",carfax_rebrowser_sample_oneprice,2026-04-24,Wagon,30.0
Kia,Soul LX,2025,"21,712 mi.",Gasoline,4 Cyl,Automatic,Black,Gray,None reported,Yes,"$19,490",carfax_rebrowser_sample_oneprice,2026-04-24,Wagon,30.0
Kia,Soul LX,2025,"9,388 mi.",Gasoline,4 Cyl,Automatic,Black,Unknown,None reported,Yes,"$19,500",carfax_rebrowser_sample_oneprice,2026-04-24,Wagon,30.0
Kia,Soul LX,2025,"26,267 mi.",Gasoline,4 Cyl,Automatic,Gray,Black,None reported,Yes,"$18,400",carfax_rebrowser_sample_oneprice,2026-04-24,Wagon,30.0
Subaru,Impreza Base,2025,"2,990 mi.",Gasoline,4 Cyl,Automatic,Silver,Black,None reported,Yes,"$24,210",carfax_rebrowser_sample_oneprice,2026-04-24,Wagon,30.0
Kia,Soul LX,2024,"53,253 mi.",Gasoline,4 Cyl,Automatic,Orange,Black,None reported,Yes,"$16,430",carfax_rebrowser_sample_oneprice,2026-04-24,Wagon,30.0
Subaru,Outback Premium,2024,"35,276 mi.",Gasoline,4 Cyl,Automatic,White,Gray,None reported,Yes,"$27,890",carfax_rebrowser_sample_oneprice,2026-04-24,Wagon,28.0
Kia,Soul LX,2024,"11,028 mi.",Gasoline,4 Cyl,Automatic,White,Black,None reported,Yes,"$18,810",carfax_rebrowser_sample_oneprice,2026-04-24,Wagon,30.0
Ram,2500 Laramie,2025,"15,307 mi.",Diesel,6 Cyl,Automatic,Black,Black,None reported,Yes,"$63,170",carfax_rebrowser_sample_oneprice,2026-04-24,Pickup,
Subaru,Outback Touring,2024,"50,877 mi.",Gasoline,4 Cyl,Automatic,White,Black,None reported,Yes,"$28,860",carfax_rebrowser_sample_oneprice,2026-04-24,Wagon,28.0
Subaru,Outback Premium,2024,"81,122 mi.",Gasoline,4 Cyl,Automatic,Gray,Gray,None reported,Yes,"$24,300",carfax_rebrowser_sample_oneprice,2026-04-24,Wagon,28.0
Kia,Soul LX,2024,"38,830 mi.",Gasoline,4 Cyl,Automatic,Black,Black,None reported,Yes,"$18,220",carfax_rebrowser_sample_oneprice,2026-04-24,Wagon,30.0
Subaru,Outback Limited,2024,"55,007 mi.",Gasoline,4 Cyl,Automatic,Black,White,None reported,Yes,"$27,420",carfax_rebrowser_sample_oneprice,2026-04-24,Wagon,28.0
Kia,Soul LX,2024,"61,832 mi.",Gasoline,4 Cyl,Automatic,Gray,Black,None reported,Yes,"$15,570",carfax_rebrowser_sample_oneprice,2026-04-24,Wagon,30.0
Kia,Soul LX,2024,"41,568 mi.",Gasoline,4 Cyl,Automatic,White,Black,None reported,Yes,"$18,190",carfax_rebrowser_sample_oneprice,2026-04-24,Wagon,30.0
Subaru,Outback Premium,2024,"31,868 mi.",Gasoline,4 Cyl,Automatic,Silver,Black,None reported,Yes,"$27,680",carfax_rebrowser_sample_oneprice,2026-04-24,Wagon,28.0
Kia,Soul LX,2024,"50,593 mi.",Gasoline,4 Cyl,Automatic,Red,Black,None reported,Yes,"$17,700",carfax_rebrowser_sample_oneprice,2026-04-24,Wagon,30.0
Subaru,Outback Premium,2024,"74,323 mi.",Gasoline,4 Cyl,Automatic,Silver,Gray,None reported,Yes,"$25,500",carfax_rebrowser_sample_oneprice,2026-04-24,Wagon,28.0
Subaru,Outback Onyx Edition,2024,"45,010 mi.",Gasoline,4 Cyl,Automatic,Green,Gray,None reported,Yes,"$29,440",carfax_rebrowser_sample_oneprice,2026-04-24,Wagon,28.0
Subaru,Outback Limited,2024,"29,000 mi.",Gasoline,4 Cyl,Automatic,Blue,Black,None reported,Yes,"$28,910",carfax_rebrowser_sample_oneprice,2026-04-24,Wagon,28.0
Kia,Soul LX,2024,"35,662 mi.",Gasoline,4 Cyl,Automatic,Gray,Black,None reported,Yes,"$17,480",carfax_rebrowser_sample_oneprice,2026-04-24,Wagon,30.0
Subaru,Outback Onyx Edition,2024,"32,275 mi.",Gasoline,4 Cyl,Automatic,Green,Gray,None reported,Yes,"$31,130",carfax_rebrowser_sample_oneprice,2026-04-24,Wagon,25.0
Subaru,Impreza RS,2024,"22,265 mi.",Gasoline,4 Cyl,Automatic,White,Black,None reported,Yes,"$26,140",carfax_rebrowser_sample_oneprice,2026-04-24,Wagon,29.0
Subaru,Impreza Sport,2024,"43,625 mi.",Gasoline,4 Cyl,Automatic,White,Black,None reported,Yes,"$22,590",carfax_rebrowser_sample_oneprice,2026-04-24,Wagon,30.0
Kia,Soul LX,2024,"66,030 mi.",Gasoline,4 Cyl,Automatic,Gray,Black,None reported,Yes,"$15,560",carfax_rebrowser_sample_oneprice,2026-04-24,Wagon,30.0
Subaru,Impreza RS,2024,"20,792 mi.",Gasoline,4 Cyl,Automatic,Red,Black,None reported,Yes,"$27,350",carfax_rebrowser_sample_oneprice,2026-04-24,Wagon,29.0
Subaru,Impreza RS,2024,"24,900 mi.",Gasoline,4 Cyl,Automatic,Silver,Black,None reported,Yes,"$26,450",carfax_rebrowser_sample_oneprice,2026-04-24,Wagon,29.0
Subaru,Outback Premium,2024,"18,411 mi.",Gasoline,4 Cyl,Automatic,Blue,Black,None reported,Yes,"$29,780",carfax_rebrowser_sample_oneprice,2026-04-24,Wagon,28.0
Kia,Soul EX,2024,"20,398 mi.",Gasoline,4 Cyl,Automatic,White,Black,None reported,Yes,"$20,570",carfax_rebrowser_sample_oneprice,2026-04-24,Wagon,30.0
Subaru,Outback Premium,2024,"13,387 mi.",Gasoline,4 Cyl,Automatic,Green,Black,None reported,Yes,"$30,730",carfax_rebrowser_sample_oneprice,2026-04-24,Wagon,28.0
Subaru,Outback Premium,2024,"90,000 mi.",Gasoline,4 Cyl,Automatic,White,Black,None reported,Yes,"$23,430",carfax_rebrowser_sample_oneprice,2026-04-24,Wagon,28.0
Kia,Soul LX,2024,"60,561 mi.",Gasoline,4 Cyl,Automatic,Red,Black,None reported,Yes,"$16,800",carfax_rebrowser_sample_oneprice,2026-04-24,Wagon,30.0
Kia,Soul EX,2024,"57,222 mi.",Gasoline,4 Cyl,Automatic,Gray,Black,None reported,Yes,"$19,320",carfax_rebrowser_sample_oneprice,2026-04-24,Wagon,30.0
Subaru,Outback Premium,2024,"92,975 mi.",Gasoline,4 Cyl,Automatic,Brown,Black,None reported,Yes,"$23,010",carfax_rebrowser_sample_oneprice,2026-04-24,Wagon,28.0
Subaru,Impreza RS,2024,"20,382 mi.",Gasoline,4 Cyl,Automatic,Unknown,Black,None reported,Yes,"$26,250",carfax_rebrowser_sample_oneprice,2026-04-24,Wagon,29.0
Subaru,Impreza RS,2024,"19,502 mi.",Gasoline,4 Cyl,Automatic,Red,Black,None reported,Yes,"$26,360",carfax_rebrowser_sample_oneprice,2026-04-24,Wagon,29.0
Subaru,Outback Premium,2024,"22,992 mi.",Gasoline,4 Cyl,Automatic,Green,Tan,None reported,Yes,"$27,390",carfax_rebrowser_sample_oneprice,2026-04-24,Wagon,28.0
Kia,Soul LX,2024,"9,773 mi.",Gasoline,4 Cyl,Automatic,Red,Black,None reported,Yes,"$20,650",carfax_rebrowser_sample_oneprice,2026-04-24,Wagon,30.0
Subaru,Impreza Base,2024,"42,120 mi.",Gasoline,4 Cyl,Automatic,Black,Black,None reported,Yes,"$20,530",carfax_rebrowser_sample_oneprice,2026-04-24,Wagon,30.0
Subaru,Outback Premium,2024,"33,115 mi.",Gasoline,4 Cyl,Automatic,Silver,Black,None reported,Yes,"$27,580",carfax_rebrowser_sample_oneprice,2026-04-24,Wagon,28.0
Subaru,Outback Premium,2024,"29,605 mi.",Gasoline,4 Cyl,Automatic,Gray,Gray,None reported,Yes,"$29,350",carfax_rebrowser_sample_oneprice,2026-04-24,Wagon,28.0
Kia,Soul LX,2024,"48,614 mi.",Gasoline,4 Cyl,Automatic,Gray,Black,None reported,Yes,"$17,310",carfax_rebrowser_sample_oneprice,2026-04-24,Wagon,30.0
Subaru,Impreza RS,2024,"14,058 mi.",Gasoline,4 Cyl,Automatic,Black,Black,None reported,Yes,"$26,850",carfax_rebrowser_sample_oneprice,2026-04-24,Wagon,29.0
Subaru,Impreza Base,2024,"16,592 mi.",Gasoline,4 Cyl,Automatic,Red,Black,None reported,Yes,"$21,850",carfax_rebrowser_sample_oneprice,2026-04-24,Wagon,30.0
Subaru,Outback Premium,2024,"63,274 mi.",Gasoline,4 Cyl,Automatic,White,Gray,None reported,Yes,"$24,100",carfax_rebrowser_sample_oneprice,2026-04-24,Wagon,28.0
Subaru,Impreza Base,2024,"98,858 mi.",Gasoline,4 Cyl,Automatic,Black,Black,None reported,Yes,"$15,120",carfax_rebrowser_sample_oneprice,2026-04-24,Wagon,30.0
Subaru,Outback Premium,2024,"77,049 mi.",Gasoline,4 Cyl,Automatic,Silver,Black,None reported,Yes,"$24,500",carfax_rebrowser_sample_oneprice,2026-04-24,Wagon,28.0
Subaru,Outback Premium,2024,"56,204 mi.",Gasoline,4 Cyl,Automatic,Brown,Black,None reported,Yes,"$24,050",carfax_rebrowser_sample_oneprice,2026-04-24,Wagon,28.0
Subaru,Outback Limited,2024,"52,477 mi.",Gasoline,4 Cyl,Automatic,Silver,Black,None reported,Yes,"$29,830",carfax_rebrowser_sample_oneprice,2026-04-24,Wagon,25.0
Kia,Soul LX,2024,"44,202 mi.",Gasoline,4 Cyl,Automatic,Red,Black,None reported,Yes,"$16,300",carfax_rebrowser_sample_oneprice,2026-04-24,Wagon,30.0
Subaru,Outback Limited,2024,"69,002 mi.",Gasoline,4 Cyl,Automatic,Black,Black,None reported,Yes,"$25,230",carfax_rebrowser_sample_oneprice,2026-04-24,Wagon,28.0
Kia,Soul LX,2024,"54,260 mi.",Gasoline,4 Cyl,Automatic,Gray,Black,None reported,Yes,"$17,830",carfax_rebrowser_sample_oneprice,2026-04-24,Wagon,30.0
Kia,Soul LX,2024,"26,231 mi.",Gasoline,4 Cyl,Automatic,Red,Black,None reported,Yes,"$19,830",carfax_rebrowser_sample_oneprice,2026-04-24,Wagon,30.0
Kia,Soul LX,2024,"7,630 mi.",Gasoline,4 Cyl,Automatic,Gray,Black,None reported,Yes,"$20,760",carfax_rebrowser_sample_oneprice,2026-04-24,Wagon,30.0
Nissan,Sentra SV,2024,"35,224 mi.",Gasoline,4 Cyl,Automatic,Red,Black,None reported,Yes,"$19,470",carfax_rebrowser_sample_oneprice,2026-04-24,Sedan,34.0
Subaru,Impreza Sport,2024,"15,077 mi.",Gasoline,4 Cyl,Automatic,Black,Black,None reported,Yes,"$23,910",carfax_rebrowser_sample_oneprice,2026-04-24,Wagon,30.0
Kia,Soul LX,2024,"34,477 mi.",Gasoline,4 Cyl,Automatic,Gray,Black,None reported,Yes,"$18,050",carfax_rebrowser_sample_oneprice,2026-04-24,Wagon,30.0
Subaru,Outback Premium,2024,"23,503 mi.",Gasoline,4 Cyl,Automatic,Black,Gray,None reported,Yes,"$29,520",carfax_rebrowser_sample_oneprice,2026-04-24,Wagon,28.0
Subaru,Outback Limited,2024,"15,548 mi.",Gasoline,4 Cyl,Automatic,Gray,Black,None reported,Yes,"$31,480",carfax_rebrowser_sample_oneprice,2026-04-24,Wagon,28.0
Subaru,Impreza Sport,2024,"21,038 mi.",Gasoline,4 Cyl,Automatic,Silver,Black,None reported,Yes,"$24,030",carfax_rebrowser_sample_oneprice,2026-04-24,Wagon,30.0
Subaru,Impreza Sport,2026,652 mi.,Gasoline,4 Cyl,Automatic,Blue,Black,None reported,Yes,"$27,950",carfax_rebrowser_sample_oneprice,2026-04-24,Wagon,29.0
Cadillac,XT6 Sport,2024,"9,118 mi.",Gasoline,6 Cyl,Automatic,Gray,Black,None reported,Yes,"$48,400",carfax_rebrowser_sample_oneprice,2026-04-24,SUV,21.0
Hyundai,Kona SEL,2025,"27,626 mi.",Gasoline,4 Cyl,Automatic,Red,Black,None reported,Yes,"$20,440",carfax_rebrowser_sample_oneprice,2026-04-24,SUV,31.0
Buick,Envision Sport Touring,2025,"19,807 mi.",Gasoline,4 Cyl,Automatic,White,Black,None reported,Yes,"$31,260",carfax_rebrowser_sample_oneprice,2026-04-24,SUV,24.0
Subaru,Crosstrek Premium,2026,"3,903 mi.",Gasoline,4 Cyl,Automatic,Green,Black,None reported,Yes,"$29,860",carfax_rebrowser_sample_oneprice,2026-04-25,SUV,29.0
Mitsubishi,Outlander Sport SE,2026,"6,695 mi.",Gasoline,4 Cyl,Automatic,Gray,Unknown,None reported,Yes,"$24,570",carfax_rebrowser_sample_oneprice,2026-04-25,SUV,26.0
Subaru,Crosstrek Premium,2026,"3,165 mi.",Gasoline,4 Cyl,Automatic,White,Black,None reported,Yes,"$30,410",carfax_rebrowser_sample_oneprice,2026-04-25,SUV,29.0
Mazda,CX-30 S,2026,441 mi.,Gasoline,4 Cyl,Automatic,Gray,Black,None reported,Yes,"$26,410",carfax_rebrowser_sample_oneprice,2026-04-25,SUV,27.0
Subaru,Crosstrek Premium,2026,"1,703 mi.",Gasoline,4 Cyl,Automatic,Gray,Black,None reported,Yes,"$29,730",carfax_rebrowser_sample_oneprice,2026-04-25,SUV,29.0
Kia,Seltos LX,2026,"8,448 mi.",Gasoline,4 Cyl,Automatic,White,Black,None reported,Yes,"$23,630",carfax_rebrowser_sample_oneprice,2026-04-25,SUV,29.0
Kia,Seltos LX,2026,"5,878 mi.",Gasoline,4 Cyl,Automatic,Blue,Black,None reported,Yes,"$24,280",carfax_rebrowser_sample_oneprice,2026-04-25,SUV,29.0
Subaru,Crosstrek Premium,2026,"3,277 mi.",Gasoline,4 Cyl,Automatic,Green,Black,None reported,Yes,"$30,140",carfax_rebrowser_sample_oneprice,2026-04-25,SUV,29.0
Kia,Seltos,2026,"3,820 mi.",Gasoline,4 Cyl,Automatic,White,Black,None reported,Yes,"$26,140",carfax_rebrowser_sample_oneprice,2026-04-25,SUV,
Hyundai,Kona SEL Sport,2026,"4,067 mi.",Gasoline,4 Cyl,Automatic,White,Black,None reported,Yes,"$28,820",carfax_rebrowser_sample_oneprice,2026-04-25,SUV,27.0
Kia,Seltos LX,2026,"8,092 mi.",Gasoline,4 Cyl,Automatic,Gray,Unknown,None reported,Yes,"$24,560",carfax_rebrowser_sample_oneprice,2026-04-25,SUV,29.0
Nissan,Kicks SR,2026,"2,907 mi.",Gasoline,4 Cyl,Automatic,Black,Unknown,None reported,Yes,"$28,780",carfax_rebrowser_sample_oneprice,2026-04-25,SUV,30.0
Nissan,Rogue SV,2026,"15,377 mi.",Gasoline,3 Cyl,Automatic,Gray,Black,None reported,Yes,"$26,350",carfax_rebrowser_sample_oneprice,2026-04-25,SUV,31.0
Nissan,Kicks SR,2026,"4,420 mi.",Gasoline,4 Cyl,Automatic,Black,Unknown,None reported,Yes,"$28,920",carfax_rebrowser_sample_oneprice,2026-04-25,SUV,30.0
GMC,Terrain Elevation,2026,"12,460 mi.",Gasoline,4 Cyl,Automatic,Black,Unknown,None reported,Yes,"$33,450",carfax_rebrowser_sample_oneprice,2026-04-25,SUV,25.0
Ford,Escape Active,2026,"1,259 mi.",Gasoline,3 Cyl,Automatic,Red,Black,None reported,Yes,"$33,110",carfax_rebrowser_sample_oneprice,2026-04-25,SUV,28.0
GMC,Terrain Elevation,2026,"13,113 mi.",Gasoline,4 Cyl,Automatic,Black,Unknown,None reported,Yes,"$33,400",carfax_rebrowser_sample_oneprice,2026-04-25,SUV,25.0
GMC,Terrain Elevation,2026,"12,423 mi.",Gasoline,4 Cyl,Automatic,White,Unknown,None reported,Yes,"$33,410",carfax_rebrowser_sample_oneprice,2026-04-25,SUV,25.0
Subaru,Crosstrek Premium,2026,"2,852 mi.",Gasoline,4 Cyl,Automatic,White,Black,None reported,Yes,"$29,560",carfax_rebrowser_sample_oneprice,2026-04-25,SUV,29.0
Buick,Encore GX Preferred,2026,200 mi.,Gasoline,3 Cyl,Automatic,Red,Black,None reported,Yes,"$29,340",carfax_rebrowser_sample_oneprice,2026-04-25,SUV,27.0
GMC,Terrain Elevation,2026,"12,336 mi.",Gasoline,4 Cyl,Automatic,Silver,Unknown,None reported,Yes,"$33,470",carfax_rebrowser_sample_oneprice,2026-04-25,SUV,25.0
Chevrolet,Traverse,2024,"14,329 mi.",Gasoline,4 Cyl,Automatic,Red,Black,None reported,Yes,"$51,240",carfax_rebrowser_sample_oneprice,2026-04-25,SUV,21.0
Dodge,Durango GT,2025,"20,093 mi.",Gasoline,6 Cyl,Automatic,Silver,Black,None reported,Yes,"$34,750",carfax_rebrowser_sample_oneprice,2026-04-25,SUV,20.0
Nissan,Kicks SV,2026,"4,329 mi.",Gasoline,4 Cyl,Automatic,White,Black,None reported,Yes,"$25,340",carfax_rebrowser_sample_oneprice,2026-04-25,SUV,31.0
Volkswagen,Taos SE,2026,"1,140 mi.",Gasoline,4 Cyl,Automatic,Silver,Black,None reported,Yes,"$27,820",carfax_rebrowser_sample_oneprice,2026-04-25,SUV,31.0
Honda,HR-V LX,2026,"3,736 mi.",Gasoline,4 Cyl,Automatic,White,Black,None reported,Yes,"$26,220",carfax_rebrowser_sample_oneprice,2026-04-25,SUV,28.0
Mazda,CX-30 S,2026,"3,405 mi.",Gasoline,4 Cyl,Automatic,Black,Black,None reported,Yes,"$27,140",carfax_rebrowser_sample_oneprice,2026-04-25,SUV,27.0
Nissan,Kicks SV,2026,"3,906 mi.",Gasoline,4 Cyl,Automatic,White,Black,None reported,Yes,"$25,350",carfax_rebrowser_sample_oneprice,2026-04-25,SUV,31.0
Honda,HR-V Sport,2026,"1,024 mi.",Gasoline,4 Cyl,Automatic,Green,Black,None reported,Yes,"$28,270",carfax_rebrowser_sample_oneprice,2026-04-25,SUV,28.0
Nissan,Kicks SV,2026,"2,941 mi.",Gasoline,4 Cyl,Automatic,White,Black,None reported,Yes,"$25,030",carfax_rebrowser_sample_oneprice,2026-04-25,SUV,31.0
Chevrolet,Equinox LT,2026,"16,430 mi.",Gasoline,4 Cyl,Automatic,Black,Black,None reported,Yes,"$25,180",carfax_rebrowser_sample_oneprice,2026-04-25,SUV,27.0
Chevrolet,Equinox LT,2026,"16,953 mi.",Gasoline,4 Cyl,Automatic,Black,Black,None reported,Yes,"$25,230",carfax_rebrowser_sample_oneprice,2026-04-25,SUV,27.0
Chevrolet,Trax LT,2026,"2,052 mi.",Flexible-Fuel,3 Cyl,Automatic,White,Black,None reported,Yes,"$22,840",carfax_rebrowser_sample_oneprice,2026-04-25,SUV,29.0
Toyota,Corolla Cross,2026,"6,580 mi.",Gasoline,4 Cyl,Automatic,Unknown,Gray,None reported,Yes,"$29,450",carfax_rebrowser_sample_oneprice,2026-04-25,SUV,32.0
Nissan,Rogue SV,2026,"4,995 mi.",Gasoline,3 Cyl,Automatic,Blue,Black,None reported,Yes,"$27,130",carfax_rebrowser_sample_oneprice,2026-04-25,SUV,32.0
Hyundai,Kona SEL Sport,2026,"3,152 mi.",Gasoline,4 Cyl,Automatic,White,Black,None reported,Yes,"$26,730",carfax_rebrowser_sample_oneprice,2026-04-25,SUV,27.0
Toyota,bZ XLE,2026,"3,198 mi.",Electric,Electric,Automatic,Black,Black,None reported,Yes,"$31,370",carfax_rebrowser_sample_oneprice,2026-04-25,SUV,130.0
GMC,Terrain Elevation,2026,"6,038 mi.",Gasoline,4 Cyl,Automatic,Black,Unknown,None reported,Yes,"$30,560",carfax_rebrowser_sample_oneprice,2026-04-25,SUV,27.0
Mazda,CX-50 S,2026,"3,487 mi.",Gasoline,4 Cyl,Automatic,Black,Black,None reported,Yes,"$29,560",carfax_rebrowser_sample_oneprice,2026-04-25,SUV,26.0
Hyundai,Kona SEL Sport,2026,"3,321 mi.",Gasoline,4 Cyl,Automatic,Gray,Black,None reported,Yes,"$26,710",carfax_rebrowser_sample_oneprice,2026-04-25,SUV,27.0
Chevrolet,Trax LS,2026,"3,207 mi.",Flexible-Fuel,3 Cyl,Automatic,Black,Black,None reported,Yes,"$21,860",carfax_rebrowser_sample_oneprice,2026-04-25,SUV,29.0
Honda,HR-V LX,2026,"1,866 mi.",Gasoline,4 Cyl,Automatic,Green,Black,None reported,Yes,"$27,350",carfax_rebrowser_sample_oneprice,2026-04-25,SUV,28.0
Chevrolet,Equinox LT,2026,"16,900 mi.",Gasoline,4 Cyl,Automatic,White,Black,None reported,Yes,"$24,780",carfax_rebrowser_sample_oneprice,2026-04-25,SUV,27.0
Chevrolet,Equinox EV LT,2026,"5,842 mi.",Electric,Electric,Automatic,White,Black,None reported,Yes,"$31,790",carfax_rebrowser_sample_oneprice,2026-04-25,SUV,108.0
Honda,HR-V LX,2026,"1,799 mi.",Gasoline,4 Cyl,Automatic,Green,Black,None reported,Yes,"$27,370",carfax_rebrowser_sample_oneprice,2026-04-25,SUV,28.0
Nissan,Rogue SV,2026,290 mi.,Gasoline,3 Cyl,Automatic,Gray,Black,None reported,Yes,"$28,100",carfax_rebrowser_sample_oneprice,2026-04-25,SUV,32.0
Honda,CR-V Sport-L,2025,"9,619 mi.",Hybrid,4 Cyl,Automatic,Unknown,Unknown,None reported,Yes,"$35,270",carfax_rebrowser_sample_oneprice,2026-04-25,SUV,40.0
Nissan,Rogue SV,2026,"2,204 mi.",Gasoline,3 Cyl,Automatic,Gray,Black,None reported,Yes,"$26,840",carfax_rebrowser_sample_oneprice,2026-04-25,SUV,32.0
Hyundai,Venue SEL,2026,"6,100 mi.",Gasoline,4 Cyl,Automatic,Gray,Black,None reported,Yes,"$23,530",carfax_rebrowser_sample_oneprice,2026-04-25,SUV,31.0
Honda,HR-V Sport,2026,"2,490 mi.",Gasoline,4 Cyl,Automatic,Gray,Black,None reported,Yes,"$28,220",carfax_rebrowser_sample_oneprice,2026-04-25,SUV,28.0
Chevrolet,Equinox LT,2026,"19,881 mi.",Gasoline,4 Cyl,Automatic,Black,Black,None reported,Yes,"$25,500",carfax_rebrowser_sample_oneprice,2026-04-25,SUV,27.0
Nissan,Rogue SV,2026,"3,360 mi.",Gasoline,3 Cyl,Automatic,Black,Black,None reported,Yes,"$26,070",carfax_rebrowser_sample_oneprice,2026-04-25,SUV,32.0
Honda,HR-V Sport,2026,"1,179 mi.",Gasoline,4 Cyl,Automatic,Black,Black,None reported,Yes,"$28,330",carfax_rebrowser_sample_oneprice,2026-04-25,SUV,28.0
Kia,Sorento LX,2026,"4,205 mi.",Gasoline,4 Cyl,Automatic,Silver,Black,None reported,Yes,"$32,670",carfax_rebrowser_sample_oneprice,2026-04-25,SUV,26.0
Nissan,Kicks SR,2026,620 mi.,Gasoline,4 Cyl,Automatic,Bronze,Unknown,None reported,Yes,"$26,910",carfax_rebrowser_sample_oneprice,2026-04-25,SUV,31.0
Chevrolet,Equinox LT,2026,"14,998 mi.",Gasoline,4 Cyl,Automatic,Black,Black,None reported,Yes,"$28,170",carfax_rebrowser_sample_oneprice,2026-04-25,SUV,26.0
Chevrolet,Trax ACTIV,2026,"4,244 mi.",Flexible-Fuel,3 Cyl,Automatic,White,Black,None reported,Yes,"$25,360",carfax_rebrowser_sample_oneprice,2026-04-25,SUV,29.0
Nissan,Kicks SV,2026,"2,545 mi.",Gasoline,4 Cyl,Automatic,Red,Black,None reported,Yes,"$25,180",carfax_rebrowser_sample_oneprice,2026-04-25,SUV,31.0
Subaru,Crosstrek Premium,2026,"3,785 mi.",Gasoline,4 Cyl,Automatic,Gray,Gray,None reported,Yes,"$29,880",carfax_rebrowser_sample_oneprice,2026-04-25,SUV,29.0
GMC,Terrain Elevation,2026,"5,784 mi.",Gasoline,4 Cyl,Automatic,White,Unknown,None reported,Yes,"$29,140",carfax_rebrowser_sample_oneprice,2026-04-25,SUV,27.0
Toyota,bZ XLE,2026,"4,055 mi.",Electric,Electric,Automatic,Black,Black,None reported,Yes,"$31,820",carfax_rebrowser_sample_oneprice,2026-04-25,SUV,130.0
Nissan,Kicks SV,2026,"2,021 mi.",Gasoline,4 Cyl,Automatic,Bronze,Black,None reported,Yes,"$25,460",carfax_rebrowser_sample_oneprice,2026-04-25,SUV,31.0
Chevrolet,TrailBlazer LT,2026,"7,062 mi.",Gasoline,3 Cyl,Automatic,Red,Black,None reported,Yes,"$25,100",carfax_rebrowser_sample_oneprice,2026-04-25,SUV,31.0
Buick,Envista Preferred,2026,"2,104 mi.",Flexible-Fuel,3 Cyl,Automatic,Black,Black,None reported,Yes,"$25,270",carfax_rebrowser_sample_oneprice,2026-04-25,SUV,30.0
Subaru,Forester,2026,"5,556 mi.",Gasoline,4 Cyl,Automatic,Blue,Gray,None reported,Yes,"$29,130",carfax_rebrowser_sample_oneprice,2026-04-25,SUV,29.0
Honda,HR-V Sport,2026,8 mi.,Gasoline,4 Cyl,Automatic,White,Black,None reported,Yes,"$29,070",carfax_rebrowser_sample_oneprice,2026-04-25,SUV,27.0
Buick,Envista Preferred,2026,"6,901 mi.",Flexible-Fuel,3 Cyl,Automatic,White,Black,None reported,Yes,"$25,240",carfax_rebrowser_sample_oneprice,2026-04-25,SUV,30.0
GMC,Terrain Elevation,2026,"22,562 mi.",Gasoline,4 Cyl,Automatic,Black,Gray,None reported,Yes,"$30,010",carfax_rebrowser_sample_oneprice,2026-04-25,SUV,27.0
Chevrolet,Trax LT,2026,"1,209 mi.",Flexible-Fuel,3 Cyl,Automatic,Gray,Black,None reported,Yes,"$23,690",carfax_rebrowser_sample_oneprice,2026-04-25,SUV,29.0
Toyota,Corolla Cross,2026,"2,235 mi.",Gasoline,4 Cyl,Automatic,Silver,Gray,None reported,Yes,"$26,790",carfax_rebrowser_sample_oneprice,2026-04-25,SUV,32.0
Nissan,Rogue S,2026,"4,180 mi.",Gasoline,3 Cyl,Automatic,Gray,Black,None reported,Yes,"$26,530",carfax_rebrowser_sample_oneprice,2026-04-25,SUV,32.0
Subaru,Crosstrek Premium,2026,"5,383 mi.",Gasoline,4 Cyl,Automatic,White,Gray,None reported,Yes,"$30,310",carfax_rebrowser_sample_oneprice,2026-04-25,SUV,29.0
Honda,HR-V Sport,2026,457 mi.,Gasoline,4 Cyl,Automatic,Blue,Black,None reported,Yes,"$29,800",carfax_rebrowser_sample_oneprice,2026-04-25,SUV,27.0
Subaru,Forester,2026,"5,852 mi.",Gasoline,4 Cyl,Automatic,Red,Gray,None reported,Yes,"$29,170",carfax_rebrowser_sample_oneprice,2026-04-25,SUV,29.0
Hyundai,Tucson SEL,2026,"14,371 mi.",Gasoline,4 Cyl,Automatic,White,Black,None reported,Yes,"$28,400",carfax_rebrowser_sample_oneprice,2026-04-25,SUV,26.0
Subaru,Crosstrek Premium,2026,"3,346 mi.",Gasoline,4 Cyl,Automatic,Green,Black,None reported,Yes,"$30,210",carfax_rebrowser_sample_oneprice,2026-04-25,SUV,29.0
Hyundai,Tucson SEL,2026,"11,165 mi.",Gasoline,4 Cyl,Automatic,Gray,Gray,None reported,Yes,"$27,170",carfax_rebrowser_sample_oneprice,2026-04-25,SUV,28.0
Chevrolet,TrailBlazer RS,2026,"1,254 mi.",Gasoline,3 Cyl,Automatic,Gray,Black,None reported,Yes,"$30,750",carfax_rebrowser_sample_oneprice,2026-04-25,SUV,27.0
Honda,HR-V EX-L,2026,"7,365 mi.",Gasoline,4 Cyl,Automatic,Green,Black,None reported,Yes,"$29,970",carfax_rebrowser_sample_oneprice,2026-04-25,SUV,28.0
GMC,Terrain Elevation,2026,"21,842 mi.",Gasoline,4 Cyl,Automatic,Silver,Unknown,None reported,Yes,"$29,040",carfax_rebrowser_sample_oneprice,2026-04-25,SUV,27.0
GMC,Terrain Elevation,2026,"23,002 mi.",Gasoline,4 Cyl,Automatic,Silver,Unknown,None reported,Yes,"$28,710",carfax_rebrowser_sample_oneprice,2026-04-25,SUV,27.0
GMC,Terrain Elevation,2026,"21,279 mi.",Gasoline,4 Cyl,Automatic,Black,Unknown,None reported,Yes,"$29,240",carfax_rebrowser_sample_oneprice,2026-04-25,SUV,27.0
Chevrolet,Equinox LT,2026,"15,368 mi.",Gasoline,4 Cyl,Automatic,White,Black,None reported,Yes,"$26,810",carfax_rebrowser_sample_oneprice,2026-04-25,SUV,27.0
Chevrolet,Equinox LT,2026,"12,747 mi.",Gasoline,4 Cyl,Automatic,Black,Black,None reported,Yes,"$26,910",carfax_rebrowser_sample_oneprice,2026-04-25,SUV,27.0
Chevrolet,Equinox LT,2026,"18,086 mi.",Gasoline,4 Cyl,Automatic,Black,Black,None reported,Yes,"$26,550",carfax_rebrowser_sample_oneprice,2026-04-25,SUV,27.0
Chevrolet,Equinox LT,2026,"14,699 mi.",Gasoline,4 Cyl,Automatic,Gray,Black,None reported,Yes,"$26,810",carfax_rebrowser_sample_oneprice,2026-04-25,SUV,27.0
Chevrolet,Equinox LT,2026,"15,624 mi.",Gasoline,4 Cyl,Automatic,Gray,Black,None reported,Yes,"$26,820",carfax_rebrowser_sample_oneprice,2026-04-25,SUV,27.0
Nissan,Kicks SR,2026,"4,662 mi.",Gasoline,4 Cyl,Automatic,Gray,Unknown,None reported,Yes,"$26,710",carfax_rebrowser_sample_oneprice,2026-04-25,SUV,31.0
Chevrolet,Equinox LT,2026,"16,422 mi.",Gasoline,4 Cyl,Automatic,Gray,Black,None reported,Yes,"$26,730",carfax_rebrowser_sample_oneprice,2026-04-25,SUV,27.0
GMC,Terrain Elevation,2026,"23,649 mi.",Gasoline,4 Cyl,Automatic,Gray,Unknown,None reported,Yes,"$28,920",carfax_rebrowser_sample_oneprice,2026-04-25,SUV,27.0
Chevrolet,Equinox LT,2026,"13,123 mi.",Gasoline,4 Cyl,Automatic,Gray,Black,None reported,Yes,"$26,930",carfax_rebrowser_sample_oneprice,2026-04-25,SUV,27.0
Kia,Seltos EX,2026,"1,356 mi.",Gasoline,4 Cyl,Automatic,White,Black,None reported,Yes,"$27,270",carfax_rebrowser_sample_oneprice,2026-04-25,SUV,
Chevrolet,Equinox LT,2026,"14,569 mi.",Gasoline,4 Cyl,Automatic,Gray,Black,None reported,Yes,"$26,870",carfax_rebrowser_sample_oneprice,2026-04-25,SUV,27.0
Chevrolet,Equinox LT,2026,"12,113 mi.",Gasoline,4 Cyl,Automatic,Gray,Black,None reported,Yes,"$27,070",carfax_rebrowser_sample_oneprice,2026-04-25,SUV,27.0
Chevrolet,Equinox LT,2026,"12,215 mi.",Gasoline,4 Cyl,Automatic,White,Black,None reported,Yes,"$27,000",carfax_rebrowser_sample_oneprice,2026-04-25,SUV,27.0
Chevrolet,Equinox LT,2026,"12,643 mi.",Gasoline,4 Cyl,Automatic,Gray,Black,None reported,Yes,"$26,970",carfax_rebrowser_sample_oneprice,2026-04-25,SUV,27.0
Chevrolet,Equinox LT,2026,"15,065 mi.",Gasoline,4 Cyl,Automatic,White,Black,None reported,Yes,"$27,080",carfax_rebrowser_sample_oneprice,2026-04-25,SUV,27.0
Ford,Escape ST-Line,2026,"7,159 mi.",Gasoline,3 Cyl,Automatic,Black,Black,None reported,Yes,"$29,490",carfax_rebrowser_sample_oneprice,2026-04-25,SUV,30.0
Honda,HR-V Sport,2026,"2,108 mi.",Gasoline,4 Cyl,Automatic,Black,Black,None reported,Yes,"$29,020",carfax_rebrowser_sample_oneprice,2026-04-25,SUV,27.0
Chevrolet,Equinox LT,2026,"12,668 mi.",Gasoline,4 Cyl,Automatic,White,Black,None reported,Yes,"$27,050",carfax_rebrowser_sample_oneprice,2026-04-25,SUV,27.0
Nissan,Kicks SV,2026,146 mi.,Gasoline,4 Cyl,Automatic,Black,Black,None reported,Yes,"$25,350",carfax_rebrowser_sample_oneprice,2026-04-25,SUV,31.0
Chevrolet,Equinox LT,2026,"15,775 mi.",Gasoline,4 Cyl,Automatic,Gray,Black,None reported,Yes,"$28,370",carfax_rebrowser_sample_oneprice,2026-04-25,SUV,27.0
Kia,Seltos LX,2026,"10,000 mi.",Gasoline,4 Cyl,Automatic,White,Black,None reported,Yes,"$21,780",carfax_rebrowser_sample_oneprice,2026-04-25,SUV,
Nissan,Rogue SV,2026,"5,645 mi.",Gasoline,3 Cyl,Automatic,Gray,Black,None reported,Yes,"$27,940",carfax_rebrowser_sample_oneprice,2026-04-25,SUV,31.0
Ford,Escape ST-Line,2026,"8,575 mi.",Gasoline,3 Cyl,Automatic,Silver,Black,None reported,Yes,"$29,380",carfax_rebrowser_sample_oneprice,2026-04-25,SUV,30.0
Chevrolet,Equinox LT,2026,"14,176 mi.",Gasoline,4 Cyl,Automatic,White,Black,None reported,Yes,"$27,010",carfax_rebrowser_sample_oneprice,2026-04-25,SUV,27.0
Ford,Escape ST-Line,2026,"7,503 mi.",Gasoline,3 Cyl,Automatic,Silver,Black,None reported,Yes,"$29,670",carfax_rebrowser_sample_oneprice,2026-04-25,SUV,30.0
Chevrolet,Equinox LT,2026,"14,691 mi.",Gasoline,4 Cyl,Automatic,Gray,Black,None reported,Yes,"$26,700",carfax_rebrowser_sample_oneprice,2026-04-25,SUV,27.0
Kia,Seltos LX,2026,"16,390 mi.",Gasoline,4 Cyl,Automatic,Black,Unknown,None reported,Yes,"$21,380",carfax_rebrowser_sample_oneprice,2026-04-25,SUV,
Kia,Seltos LX,2026,"11,306 mi.",Gasoline,4 Cyl,Automatic,Black,Black,None reported,Yes,"$22,480",carfax_rebrowser_sample_oneprice,2026-04-25,SUV,
Ford,Escape ST-Line,2026,"9,271 mi.",Gasoline,3 Cyl,Automatic,Gray,Black,None reported,Yes,"$29,530",carfax_rebrowser_sample_oneprice,2026-04-25,SUV,30.0
Chevrolet,Equinox LT,2026,"14,432 mi.",Gasoline,4 Cyl,Automatic,Black,Black,None reported,Yes,"$28,230",carfax_rebrowser_sample_oneprice,2026-04-25,SUV,27.0
Kia,Sportage LX,2026,"5,663 mi.",Hybrid,4 Cyl,Automatic,Black,Black,None reported,Yes,"$27,060",carfax_rebrowser_sample_oneprice,2026-04-25,SUV,42.0
Kia,Sportage EX,2026,"3,597 mi.",Gasoline,4 Cyl,Automatic,Gray,Gray,None reported,Yes,"$30,250",carfax_rebrowser_sample_oneprice,2026-04-25,SUV,28.0
Nissan,Rogue S,2026,"1,473 mi.",Gasoline,3 Cyl,Automatic,Gray,Black,None reported,Yes,"$25,390",carfax_rebrowser_sample_oneprice,2026-04-25,SUV,32.0
Honda,HR-V Sport,2026,"12,253 mi.",Gasoline,4 Cyl,Automatic,White,Black,None reported,Yes,"$26,930",carfax_rebrowser_sample_oneprice,2026-04-25,SUV,28.0
Ford,Escape ST-Line,2026,"10,531 mi.",Gasoline,3 Cyl,Automatic,Black,Black,None reported,Yes,"$29,370",carfax_rebrowser_sample_oneprice,2026-04-25,SUV,30.0
Honda,HR-V LX,2026,"13,257 mi.",Gasoline,4 Cyl,Automatic,Silver,Gray,None reported,Yes,"$25,480",carfax_rebrowser_sample_oneprice,2026-04-25,SUV,28.0
GMC,Terrain Elevation,2026,"20,625 mi.",Gasoline,4 Cyl,Automatic,Silver,Unknown,None reported,Yes,"$29,290",carfax_rebrowser_sample_oneprice,2026-04-25,SUV,27.0
Hyundai,Venue SEL,2026,"6,478 mi.",Gasoline,4 Cyl,Automatic,White,Black,None reported,Yes,"$23,980",carfax_rebrowser_sample_oneprice,2026-04-25,SUV,31.0
Chevrolet,Equinox LT,2026,"12,525 mi.",Gasoline,4 Cyl,Automatic,White,Black,None reported,Yes,"$26,980",carfax_rebrowser_sample_oneprice,2026-04-25,SUV,27.0
Kia,Seltos EX,2026,875 mi.,Gasoline,4 Cyl,Automatic,White,Black,None reported,Yes,"$26,930",carfax_rebrowser_sample_oneprice,2026-04-25,SUV,
Kia,Sportage LX,2026,"6,474 mi.",Gasoline,4 Cyl,Automatic,Gray,Black,None reported,Yes,"$29,050",carfax_rebrowser_sample_oneprice,2026-04-25,SUV,28.0
Chevrolet,Equinox LT,2026,"14,873 mi.",Gasoline,4 Cyl,Automatic,Gray,Black,None reported,Yes,"$26,850",carfax_rebrowser_sample_oneprice,2026-04-25,SUV,27.0
Kia,Seltos LX,2026,"10,192 mi.",Gasoline,4 Cyl,Automatic,Gray,Unknown,None reported,Yes,"$21,210",carfax_rebrowser_sample_oneprice,2026-04-25,SUV,
Ford,Escape ST-Line,2026,"7,250 mi.",Gasoline,3 Cyl,Automatic,Silver,Black,None reported,Yes,"$29,630",carfax_rebrowser_sample_oneprice,2026-04-25,SUV,30.0
Chevrolet,Equinox LT,2026,"14,040 mi.",Gasoline,4 Cyl,Automatic,White,Black,None reported,Yes,"$26,860",carfax_rebrowser_sample_oneprice,2026-04-25,SUV,27.0
Ford,Escape ST-Line,2026,"10,008 mi.",Gasoline,3 Cyl,Automatic,Gray,Black,None reported,Yes,"$29,580",carfax_rebrowser_sample_oneprice,2026-04-25,SUV,30.0
Hyundai,Venue SEL,2026,"3,712 mi.",Gasoline,4 Cyl,Automatic,Black,Gray,None reported,Yes,"$24,370",carfax_rebrowser_sample_oneprice,2026-04-25,SUV,31.0
Ford,Escape ST-Line,2026,"6,905 mi.",Gasoline,3 Cyl,Automatic,Silver,Black,None reported,Yes,"$29,700",carfax_rebrowser_sample_oneprice,2026-04-25,SUV,30.0
Chevrolet,Equinox LT,2026,"12,381 mi.",Gasoline,4 Cyl,Automatic,White,Black,None reported,Yes,"$27,080",carfax_rebrowser_sample_oneprice,2026-04-25,SUV,27.0
Chevrolet,TrailBlazer LT,2026,"4,681 mi.",Gasoline,3 Cyl,Automatic,Gray,Black,None reported,Yes,"$27,310",carfax_rebrowser_sample_oneprice,2026-04-25,SUV,27.0
Honda,HR-V LX,2026,"4,273 mi.",Gasoline,4 Cyl,Automatic,Gray,Black,None reported,Yes,"$25,880",carfax_rebrowser_sample_oneprice,2026-04-25,SUV,28.0
Chevrolet,Equinox LT,2026,"13,049 mi.",Gasoline,4 Cyl,Automatic,Gray,Black,None reported,Yes,"$27,820",carfax_rebrowser_sample_oneprice,2026-04-25,SUV,27.0
Chevrolet,Equinox LT,2026,"15,671 mi.",Gasoline,4 Cyl,Automatic,Black,Black,None reported,Yes,"$26,980",carfax_rebrowser_sample_oneprice,2026-04-25,SUV,27.0
Chevrolet,Equinox LT,2026,"16,277 mi.",Gasoline,4 Cyl,Automatic,Gray,Black,None reported,Yes,"$26,810",carfax_rebrowser_sample_oneprice,2026-04-25,SUV,27.0
Nissan,Rogue SV,2026,"2,279 mi.",Gasoline,3 Cyl,Automatic,Blue,Black,None reported,Yes,"$27,420",carfax_rebrowser_sample_oneprice,2026-04-25,SUV,31.0
Ford,Escape ST-Line,2026,"8,430 mi.",Gasoline,3 Cyl,Automatic,Silver,Black,None reported,Yes,"$29,700",carfax_rebrowser_sample_oneprice,2026-04-25,SUV,30.0
Honda,HR-V Sport,2026,"5,119 mi.",Gasoline,4 Cyl,Automatic,Green,Black,None reported,Yes,"$28,410",carfax_rebrowser_sample_oneprice,2026-04-25,SUV,28.0
Toyota,Corolla Cross LE,2026,"10,016 mi.",Gasoline,4 Cyl,Automatic,Black,Black,None reported,Yes,"$27,660",carfax_rebrowser_sample_oneprice,2026-04-25,SUV,32.0
Kia,Sportage LX,2026,"14,568 mi.",Hybrid,4 Cyl,Automatic,Gray,Black,None reported,Yes,"$25,440",carfax_rebrowser_sample_oneprice,2026-04-25,SUV,42.0
Kia,Sportage EX,2026,850 mi.,Gasoline,4 Cyl,Automatic,White,Black,None reported,Yes,"$30,470",carfax_rebrowser_sample_oneprice,2026-04-25,SUV,28.0
Hyundai,Kona SEL Sport,2026,"14,993 mi.",Gasoline,4 Cyl,Automatic,Black,Black,None reported,Yes,"$24,910",carfax_rebrowser_sample_oneprice,2026-04-25,SUV,31.0
Chevrolet,Equinox LT,2026,"9,705 mi.",Gasoline,4 Cyl,Automatic,Blue,Black,None reported,Yes,"$29,620",carfax_rebrowser_sample_oneprice,2026-04-25,SUV,27.0
Kia,Seltos LX,2026,"11,451 mi.",Gasoline,4 Cyl,Automatic,White,Black,None reported,Yes,"$21,490",carfax_rebrowser_sample_oneprice,2026-04-25,SUV,
Nissan,Kicks SV,2026,"2,320 mi.",Gasoline,4 Cyl,Automatic,Gray,Black,None reported,Yes,"$27,900",carfax_rebrowser_sample_oneprice,2026-04-25,SUV,30.0
Chevrolet,Equinox LT,2026,"14,866 mi.",Gasoline,4 Cyl,Automatic,Black,Black,None reported,Yes,"$26,910",carfax_rebrowser_sample_oneprice,2026-04-25,SUV,27.0
Buick,Envista Avenir,2026,"2,096 mi.",Flexible-Fuel,3 Cyl,Automatic,Blue,Gray,None reported,Yes,"$29,030",carfax_rebrowser_sample_oneprice,2026-04-25,SUV,30.0
Nissan,Kicks SV,2026,"1,870 mi.",Gasoline,4 Cyl,Automatic,Gray,Black,None reported,Yes,"$24,770",carfax_rebrowser_sample_oneprice,2026-04-25,SUV,31.0
Kia,Seltos,2026,"12,004 mi.",Gasoline,4 Cyl,Automatic,Gray,Black,None reported,Yes,"$25,740",carfax_rebrowser_sample_oneprice,2026-04-25,SUV,
Nissan,Rogue SV,2026,360 mi.,Gasoline,3 Cyl,Automatic,Gray,Black,None reported,Yes,"$28,670",carfax_rebrowser_sample_oneprice,2026-04-25,SUV,32.0
GMC,Terrain Elevation,2026,"12,394 mi.",Gasoline,4 Cyl,Automatic,Black,Unknown,None reported,Yes,"$28,990",carfax_rebrowser_sample_oneprice,2026-04-25,SUV,27.0
Subaru,Crosstrek Premium,2026,"2,245 mi.",Gasoline,4 Cyl,Automatic,Black,Black,None reported,Yes,"$29,740",carfax_rebrowser_sample_oneprice,2026-04-25,SUV,29.0
Chevrolet,Trax RS,2026,"2,489 mi.",Flexible-Fuel,3 Cyl,Automatic,Red,Black,None reported,Yes,"$26,460",carfax_rebrowser_sample_oneprice,2026-04-25,SUV,29.0
Toyota,Corolla Cross,2026,"16,556 mi.",Gasoline,4 Cyl,Automatic,Gray,Gray,None reported,Yes,"$25,650",carfax_rebrowser_sample_oneprice,2026-04-25,SUV,32.0
Chevrolet,Equinox LT,2026,"13,434 mi.",Gasoline,4 Cyl,Automatic,Black,Black,None reported,Yes,"$27,780",carfax_rebrowser_sample_oneprice,2026-04-25,SUV,27.0
Nissan,Rogue SV,2026,"16,721 mi.",Gasoline,3 Cyl,Automatic,White,Black,None reported,Yes,"$28,010",carfax_rebrowser_sample_oneprice,2026-04-25,SUV,31.0
Ford,Escape ST-Line,2026,"6,118 mi.",Gasoline,3 Cyl,Automatic,Gray,Black,None reported,Yes,"$29,470",carfax_rebrowser_sample_oneprice,2026-04-25,SUV,30.0
Nissan,Rogue SV,2026,"2,977 mi.",Gasoline,3 Cyl,Automatic,Gray,Black,None reported,Yes,"$27,860",carfax_rebrowser_sample_oneprice,2026-04-25,SUV,32.0
Chevrolet,Equinox LT,2026,"14,472 mi.",Gasoline,4 Cyl,Automatic,Gray,Black,None reported,Yes,"$26,950",carfax_rebrowser_sample_oneprice,2026-04-25,SUV,27.0
Chevrolet,Equinox LT,2026,"16,085 mi.",Gasoline,4 Cyl,Automatic,Black,Black,None reported,Yes,"$26,780",carfax_rebrowser_sample_oneprice,2026-04-25,SUV,27.0
Chevrolet,Equinox LT,2026,"14,165 mi.",Gasoline,4 Cyl,Automatic,Gray,Black,None reported,Yes,"$27,010",carfax_rebrowser_sample_oneprice,2026-04-25,SUV,27.0
Chevrolet,Equinox LT,2026,"12,356 mi.",Gasoline,4 Cyl,Automatic,Gray,Black,None reported,Yes,"$29,530",carfax_rebrowser_sample_oneprice,2026-04-25,SUV,26.0
Chevrolet,Trax LT,2026,"1,797 mi.",Flexible-Fuel,3 Cyl,Automatic,Blue,Black,None reported,Yes,"$24,200",carfax_rebrowser_sample_oneprice,2026-04-25,SUV,29.0
Chevrolet,Trax RS,2026,"2,621 mi.",Flexible-Fuel,3 Cyl,Automatic,Beige,Black,None reported,Yes,"$27,500",carfax_rebrowser_sample_oneprice,2026-04-25,SUV,29.0
Chevrolet,Equinox LT,2026,"12,410 mi.",Gasoline,4 Cyl,Automatic,White,Black,None reported,Yes,"$27,820",carfax_rebrowser_sample_oneprice,2026-04-25,SUV,27.0
GMC,Terrain Elevation,2026,"12,561 mi.",Gasoline,4 Cyl,Automatic,Silver,Unknown,None reported,Yes,"$29,050",carfax_rebrowser_sample_oneprice,2026-04-25,SUV,27.0
Chevrolet,Trax LS,2026,"1,420 mi.",Flexible-Fuel,3 Cyl,Automatic,White,Black,None reported,Yes,"$23,900",carfax_rebrowser_sample_oneprice,2026-04-25,SUV,29.0
Chevrolet,Equinox LT,2026,"14,855 mi.",Gasoline,4 Cyl,Automatic,Black,Black,None reported,Yes,"$26,820",carfax_rebrowser_sample_oneprice,2026-04-25,SUV,27.0
Nissan,Rogue S,2026,"25,474 mi.",Gasoline,3 Cyl,Automatic,Black,Black,None reported,Yes,"$22,840",carfax_rebrowser_sample_oneprice,2026-04-25,SUV,32.0
Toyota,Corolla Cross LE,2026,"2,781 mi.",Gasoline,4 Cyl,Automatic,Silver,Gray,None reported,Yes,"$28,480",carfax_rebrowser_sample_oneprice,2026-04-25,SUV,32.0
Honda,HR-V LX,2026,"4,646 mi.",Gasoline,4 Cyl,Automatic,White,Gray,None reported,Yes,"$26,180",carfax_rebrowser_sample_oneprice,2026-04-25,SUV,28.0
Chevrolet,Equinox LT,2026,"13,108 mi.",Gasoline,4 Cyl,Automatic,White,Black,None reported,Yes,"$27,060",carfax_rebrowser_sample_oneprice,2026-04-25,SUV,27.0
Chevrolet,TrailBlazer LT,2026,"4,999 mi.",Gasoline,3 Cyl,Automatic,Gray,Black,None reported,Yes,"$26,830",carfax_rebrowser_sample_oneprice,2026-04-25,SUV,31.0
Ford,Escape ST-Line,2026,"8,566 mi.",Gasoline,3 Cyl,Automatic,Black,Black,None reported,Yes,"$30,840",carfax_rebrowser_sample_oneprice,2026-04-25,SUV,30.0
Chevrolet,Equinox LT,2026,"15,111 mi.",Gasoline,4 Cyl,Automatic,Gray,Black,None reported,Yes,"$26,840",carfax_rebrowser_sample_oneprice,2026-04-25,SUV,27.0
Kia,Sportage LX,2026,"11,915 mi.",Gasoline,4 Cyl,Automatic,Gray,Black,None reported,Yes,"$26,870",carfax_rebrowser_sample_oneprice,2026-04-25,SUV,28.0
Buick,Envista Avenir,2026,"2,885 mi.",Flexible-Fuel,3 Cyl,Automatic,Blue,Gray,None reported,Yes,"$30,190",carfax_rebrowser_sample_oneprice,2026-04-25,SUV,30.0
Honda,HR-V LX,2026,"4,545 mi.",Gasoline,4 Cyl,Automatic,White,Black,None reported,Yes,"$26,620",carfax_rebrowser_sample_oneprice,2026-04-25,SUV,28.0
Nissan,Rogue SV,2026,"4,238 mi.",Gasoline,3 Cyl,Automatic,Black,Black,None reported,Yes,"$28,590",carfax_rebrowser_sample_oneprice,2026-04-25,SUV,32.0
Toyota,Corolla Cross,2026,32 mi.,Gasoline,4 Cyl,Automatic,Unknown,Gray,None reported,Yes,"$27,500",carfax_rebrowser_sample_oneprice,2026-04-25,SUV,32.0
Honda,HR-V Sport,2026,"6,060 mi.",Gasoline,4 Cyl,Automatic,Green,Black,None reported,Yes,"$29,850",carfax_rebrowser_sample_oneprice,2026-04-25,SUV,27.0
Buick,Encore GX Preferred,2026,"1,369 mi.",Gasoline,3 Cyl,Automatic,White,Tan,None reported,Yes,"$27,780",carfax_rebrowser_sample_oneprice,2026-04-25,SUV,30.0
Nissan,Kicks SR,2026,"1,817 mi.",Gasoline,4 Cyl,Automatic,Red,Unknown,None reported,Yes,"$26,920",carfax_rebrowser_sample_oneprice,2026-04-25,SUV,31.0
Kia,Seltos LX,2026,"15,731 mi.",Gasoline,4 Cyl,Automatic,White,Black,None reported,Yes,"$22,010",carfax_rebrowser_sample_oneprice,2026-04-25,SUV,
Honda,HR-V Sport,2026,"1,305 mi.",Gasoline,4 Cyl,Automatic,Green,Black,None reported,Yes,"$29,940",carfax_rebrowser_sample_oneprice,2026-04-25,SUV,27.0
Nissan,Rogue SV,2026,"16,128 mi.",Gasoline,3 Cyl,Automatic,Black,Black,None reported,Yes,"$27,300",carfax_rebrowser_sample_oneprice,2026-04-25,SUV,31.0
Jeep,Compass Trailhawk,2026,"2,454 mi.",Gasoline,4 Cyl,Automatic,Blue,Red,None reported,Yes,"$32,240",carfax_rebrowser_sample_oneprice,2026-04-25,SUV,26.0
Chevrolet,TrailBlazer ACTIV,2026,"8,335 mi.",Gasoline,3 Cyl,Automatic,Blue,Black,None reported,Yes,"$28,240",carfax_rebrowser_sample_oneprice,2026-04-25,SUV,31.0
Subaru,Crosstrek Premium,2026,"1,884 mi.",Gasoline,4 Cyl,Automatic,White,Gray,None reported,Yes,"$31,480",carfax_rebrowser_sample_oneprice,2026-04-25,SUV,29.0
Buick,Encore GX Preferred,2026,841 mi.,Gasoline,3 Cyl,Automatic,Blue,Tan,None reported,Yes,"$27,990",carfax_rebrowser_sample_oneprice,2026-04-25,SUV,30.0
Nissan,Rogue SV,2026,"18,600 mi.",Gasoline,3 Cyl,Automatic,Blue,Black,None reported,Yes,"$24,690",carfax_rebrowser_sample_oneprice,2026-04-25,SUV,31.0
Hyundai,Kona SEL Sport,2026,"4,253 mi.",Gasoline,4 Cyl,Automatic,Gray,Gray,None reported,Yes,"$27,180",carfax_rebrowser_sample_oneprice,2026-04-25,SUV,27.0
Honda,HR-V LX,2026,"1,583 mi.",Gasoline,4 Cyl,Automatic,Black,Unknown,None reported,Yes,"$27,220",carfax_rebrowser_sample_oneprice,2026-04-25,SUV,27.0
Nissan,Rogue SV,2026,985 mi.,Gasoline,3 Cyl,Automatic,Gray,Black,None reported,Yes,"$28,260",carfax_rebrowser_sample_oneprice,2026-04-25,SUV,31.0
Hyundai,Kona SEL Premium,2026,"3,324 mi.",Gasoline,4 Cyl,Automatic,Gray,Black,None reported,Yes,"$28,740",carfax_rebrowser_sample_oneprice,2026-04-25,SUV,26.0
Subaru,Forester,2026,"2,006 mi.",Gasoline,4 Cyl,Automatic,Gray,Gray,None reported,Yes,"$30,430",carfax_rebrowser_sample_oneprice,2026-04-25,SUV,29.0
Subaru,Crosstrek Premium,2026,"2,364 mi.",Gasoline,4 Cyl,Automatic,Silver,Black,None reported,Yes,"$27,910",carfax_rebrowser_sample_oneprice,2026-04-25,SUV,29.0
Toyota,Corolla Cross LE,2026,"11,429 mi.",Gasoline,4 Cyl,Automatic,Black,Black,None reported,Yes,"$28,310",carfax_rebrowser_sample_oneprice,2026-04-25,SUV,32.0
Honda,HR-V LX,2026,"7,501 mi.",Gasoline,4 Cyl,Automatic,Black,Black,None reported,Yes,"$26,860",carfax_rebrowser_sample_oneprice,2026-04-25,SUV,27.0
Buick,Encore GX Sport Touring,2026,"1,302 mi.",Gasoline,3 Cyl,Automatic,Gray,Black,None reported,Yes,"$29,830",carfax_rebrowser_sample_oneprice,2026-04-25,SUV,30.0
Hyundai,Tucson SEL,2026,436 mi.,Gasoline,4 Cyl,Automatic,White,Tan,None reported,Yes,"$31,350",carfax_rebrowser_sample_oneprice,2026-04-25,SUV,26.0
Hyundai,Kona SEL Premium,2026,"1,706 mi.",Gasoline,4 Cyl,Automatic,White,Gray,None reported,Yes,"$28,250",carfax_rebrowser_sample_oneprice,2026-04-25,SUV,28.0
Nissan,Rogue SV,2026,"18,089 mi.",Gasoline,3 Cyl,Automatic,Gray,Black,None reported,Yes,"$26,420",carfax_rebrowser_sample_oneprice,2026-04-25,SUV,31.0
Nissan,Rogue SV,2026,"6,037 mi.",Gasoline,3 Cyl,Automatic,Blue,Black,None reported,Yes,"$26,780",carfax_rebrowser_sample_oneprice,2026-04-25,SUV,31.0
Hyundai,Tucson SEL,2026,"1,294 mi.",Gasoline,4 Cyl,Automatic,Black,Black,None reported,Yes,"$27,490",carfax_rebrowser_sample_oneprice,2026-04-25,SUV,28.0
Kia,Seltos LX,2026,"9,218 mi.",Gasoline,4 Cyl,Automatic,Blue,Black,None reported,Yes,"$22,450",carfax_rebrowser_sample_oneprice,2026-04-25,SUV,
Honda,HR-V LX,2026,"4,149 mi.",Gasoline,4 Cyl,Automatic,Black,Black,None reported,Yes,"$27,310",carfax_rebrowser_sample_oneprice,2026-04-25,SUV,27.0
Nissan,Rogue SV,2026,"13,089 mi.",Gasoline,3 Cyl,Automatic,White,Black,None reported,Yes,"$26,360",carfax_rebrowser_sample_oneprice,2026-04-25,SUV,32.0
Hyundai,Kona SE,2026,"4,664 mi.",Gasoline,4 Cyl,Automatic,White,Gray,None reported,Yes,"$24,180",carfax_rebrowser_sample_oneprice,2026-04-25,SUV,31.0
Subaru,Crosstrek,2026,"1,151 mi.",Gasoline,4 Cyl,Automatic,Gray,Gray,None reported,Yes,"$27,270",carfax_rebrowser_sample_oneprice,2026-04-25,SUV,29.0
Honda,HR-V Sport,2026,"1,281 mi.",Gasoline,4 Cyl,Automatic,Gray,Black,None reported,Yes,"$29,750",carfax_rebrowser_sample_oneprice,2026-04-25,SUV,27.0
Buick,Envista Avenir,2026,"2,162 mi.",Flexible-Fuel,3 Cyl,Automatic,Gray,Black,None reported,Yes,"$30,340",carfax_rebrowser_sample_oneprice,2026-04-25,SUV,30.0
Chevrolet,Equinox LT,2026,"8,042 mi.",Gasoline,4 Cyl,Automatic,White,Black,None reported,Yes,"$28,680",carfax_rebrowser_sample_oneprice,2026-04-25,SUV,27.0
Honda,HR-V LX,2026,"12,830 mi.",Gasoline,4 Cyl,Automatic,Gray,Black,None reported,Yes,"$26,600",carfax_rebrowser_sample_oneprice,2026-04-25,SUV,27.0
Ford,Escape Active,2026,914 mi.,Gasoline,3 Cyl,Automatic,Red,Black,None reported,Yes,"$29,950",carfax_rebrowser_sample_oneprice,2026-04-25,SUV,30.0
Hyundai,Tucson SE,2026,"7,070 mi.",Gasoline,4 Cyl,Automatic,Silver,Gray,None reported,Yes,"$27,280",carfax_rebrowser_sample_oneprice,2026-04-25,SUV,26.0
Toyota,Corolla Cross LE,2026,"9,243 mi.",Gasoline,4 Cyl,Automatic,Unknown,Black,None reported,Yes,"$28,460",carfax_rebrowser_sample_oneprice,2026-04-25,SUV,32.0
Chevrolet,TrailBlazer RS,2026,"12,452 mi.",Gasoline,3 Cyl,Automatic,Black,Black,None reported,Yes,"$29,420",carfax_rebrowser_sample_oneprice,2026-04-25,SUV,27.0
Honda,HR-V Sport,2026,"1,539 mi.",Gasoline,4 Cyl,Automatic,White,Black,None reported,Yes,"$29,650",carfax_rebrowser_sample_oneprice,2026-04-25,SUV,27.0
Hyundai,Venue SEL,2026,"1,102 mi.",Gasoline,4 Cyl,Automatic,Gray,Gray,None reported,Yes,"$23,850",carfax_rebrowser_sample_oneprice,2026-04-25,SUV,31.0
Subaru,Crosstrek Premium,2026,"4,838 mi.",Gasoline,4 Cyl,Automatic,White,Gray,None reported,Yes,"$29,520",carfax_rebrowser_sample_oneprice,2026-04-25,SUV,29.0
Jeep,Compass Latitude,2026,"4,325 mi.",Gasoline,4 Cyl,Automatic,Blue,Black,None reported,Yes,"$28,940",carfax_rebrowser_sample_oneprice,2026-04-25,SUV,26.0
Subaru,Crosstrek Premium,2026,"2,938 mi.",Gasoline,4 Cyl,Automatic,Blue,Black,None reported,Yes,"$28,170",carfax_rebrowser_sample_oneprice,2026-04-25,SUV,29.0
Kia,Seltos,2026,"2,048 mi.",Gasoline,4 Cyl,Automatic,Orange,Black,None reported,Yes,"$25,200",carfax_rebrowser_sample_oneprice,2026-04-25,SUV,
Kia,Sportage LX,2026,"14,660 mi.",Hybrid,4 Cyl,Automatic,Gray,Black,None reported,Yes,"$27,730",carfax_rebrowser_sample_oneprice,2026-04-25,SUV,42.0
Infiniti,QX80 Premium Select,2024,"53,501 mi.",Gasoline,8 Cyl,Automatic,Gray,Black,None reported,Yes,"$44,590",carfax_rebrowser_sample_oneprice,2026-04-25,SUV,15.0
Chevrolet,Equinox LT,2026,"7,684 mi.",Gasoline,4 Cyl,Automatic,Black,Gray,None reported,Yes,"$28,470",carfax_rebrowser_sample_oneprice,2026-04-25,SUV,27.0
Subaru,Crosstrek Premium,2026,"4,360 mi.",Gasoline,4 Cyl,Automatic,Green,Black,None reported,Yes,"$29,210",carfax_rebrowser_sample_oneprice,2026-04-25,SUV,29.0
Hyundai,Venue SEL,2026,"3,239 mi.",Gasoline,4 Cyl,Automatic,White,Black,None reported,Yes,"$24,640",carfax_rebrowser_sample_oneprice,2026-04-25,SUV,31.0
Hyundai,Venue SEL,2026,"3,241 mi.",Gasoline,4 Cyl,Automatic,Gray,Gray,None reported,Yes,"$24,390",carfax_rebrowser_sample_oneprice,2026-04-25,SUV,31.0
Hyundai,Kona SEL Sport,2026,"6,814 mi.",Gasoline,4 Cyl,Automatic,Black,Gray,None reported,Yes,"$26,000",carfax_rebrowser_sample_oneprice,2026-04-25,SUV,31.0
Hyundai,Tucson SEL,2026,"8,991 mi.",Gasoline,4 Cyl,Automatic,Silver,Black,None reported,Yes,"$29,780",carfax_rebrowser_sample_oneprice,2026-04-25,SUV,26.0
Subaru,Crosstrek Premium,2026,"2,101 mi.",Gasoline,4 Cyl,Automatic,White,Gray,None reported,Yes,"$28,350",carfax_rebrowser_sample_oneprice,2026-04-25,SUV,29.0
Nissan,Rogue S,2026,"2,221 mi.",Gasoline,3 Cyl,Automatic,Gray,Black,None reported,Yes,"$25,090",carfax_rebrowser_sample_oneprice,2026-04-25,SUV,32.0
Chevrolet,Trax LT,2026,"2,989 mi.",Flexible-Fuel,3 Cyl,Automatic,White,Black,None reported,Yes,"$24,580",carfax_rebrowser_sample_oneprice,2026-04-25,SUV,29.0
Honda,HR-V Sport,2026,"1,471 mi.",Gasoline,4 Cyl,Automatic,Blue,Black,None reported,Yes,"$29,350",carfax_rebrowser_sample_oneprice,2026-04-25,SUV,27.0
Chevrolet,Equinox LT,2026,"7,224 mi.",Gasoline,4 Cyl,Automatic,Gray,Black,None reported,Yes,"$30,550",carfax_rebrowser_sample_oneprice,2026-04-25,SUV,26.0
Toyota,Corolla Cross,2026,"4,179 mi.",Gasoline,4 Cyl,Automatic,White,Gray,None reported,Yes,"$26,420",carfax_rebrowser_sample_oneprice,2026-04-25,SUV,32.0
Jeep,Compass Limited Edition,2026,"1,759 mi.",Gasoline,4 Cyl,Automatic,White,Unknown,None reported,Yes,"$32,850",carfax_rebrowser_sample_oneprice,2026-04-25,SUV,26.0
Subaru,Crosstrek Premium,2026,"2,228 mi.",Gasoline,4 Cyl,Automatic,White,Gray,None reported,Yes,"$30,330",carfax_rebrowser_sample_oneprice,2026-04-25,SUV,29.0
Chevrolet,Trax LT,2026,534 mi.,Flexible-Fuel,3 Cyl,Automatic,Gray,Black,None reported,Yes,"$25,410",carfax_rebrowser_sample_oneprice,2026-04-25,SUV,29.0
Chevrolet,Equinox LT,2026,"4,340 mi.",Gasoline,4 Cyl,Automatic,Gray,Black,None reported,Yes,"$31,310",carfax_rebrowser_sample_oneprice,2026-04-25,SUV,26.0
Toyota,Corolla Cross LE,2026,"1,738 mi.",Gasoline,4 Cyl,Automatic,Blue,Gray,None reported,Yes,"$29,440",carfax_rebrowser_sample_oneprice,2026-04-25,SUV,32.0
Hyundai,Kona SEL Sport,2026,"7,722 mi.",Gasoline,4 Cyl,Automatic,Green,Gray,None reported,Yes,"$26,750",carfax_rebrowser_sample_oneprice,2026-04-25,SUV,31.0
Hyundai,Venue SEL,2026,"5,265 mi.",Gasoline,4 Cyl,Automatic,Black,Black,None reported,Yes,"$24,670",carfax_rebrowser_sample_oneprice,2026-04-25,SUV,31.0
BMW,7 Series 760i xDrive,2024,"28,040 mi.",Gasoline,8 Cyl,Automatic,Gray,Black,None reported,Yes,"$80,720",carfax_rebrowser_sample_oneprice,2026-04-25,Sedan,20.0
Nissan,Rogue SV,2026,"1,675 mi.",Gasoline,3 Cyl,Automatic,Red,Black,None reported,Yes,"$27,580",carfax_rebrowser_sample_oneprice,2026-04-25,SUV,32.0
Kia,Sportage LX,2026,"26,186 mi.",Gasoline,4 Cyl,Automatic,White,Black,None reported,Yes,"$26,960",carfax_rebrowser_sample_oneprice,2026-04-25,SUV,26.0
Nissan,Kicks,2026,"4,926 mi.",Gasoline,4 Cyl,Automatic,White,Black,None reported,Yes,"$24,210",carfax_rebrowser_sample_oneprice,2026-04-25,SUV,31.0
Hyundai,Venue SE,2026,"2,974 mi.",Gasoline,4 Cyl,Automatic,White,Black,None reported,Yes,"$18,970",carfax_rebrowser_sample_oneprice,2026-04-25,SUV,31.0
Honda,HR-V Sport,2026,"2,663 mi.",Gasoline,4 Cyl,Automatic,Blue,Black,None reported,Yes,"$29,730",carfax_rebrowser_sample_oneprice,2026-04-25,SUV,27.0
Kia,Sportage EX,2026,"5,544 mi.",Gasoline,4 Cyl,Automatic,Gray,Black,None reported,Yes,"$28,510",carfax_rebrowser_sample_oneprice,2026-04-25,SUV,28.0
Hyundai,Kona SEL Sport,2026,"8,830 mi.",Gasoline,4 Cyl,Automatic,White,Gray,None reported,Yes,"$27,170",carfax_rebrowser_sample_oneprice,2026-04-25,SUV,27.0
Chevrolet,Equinox LT,2026,"14,321 mi.",Gasoline,4 Cyl,Automatic,White,Black,None reported,Yes,"$30,170",carfax_rebrowser_sample_oneprice,2026-04-25,SUV,26.0
Volkswagen,Taos SEL,2026,361 mi.,Gasoline,4 Cyl,Automatic,Gray,Blue,None reported,Yes,"$32,360",carfax_rebrowser_sample_oneprice,2026-04-25,SUV,28.0
Lincoln,Navigator Reserve,2024,"10,695 mi.",Gasoline,6 Cyl,Automatic,Blue,Unknown,None reported,Yes,"$77,910",carfax_rebrowser_sample_oneprice,2026-04-26,SUV,18.0
BMW,X7 M60i,2024,"44,154 mi.",Gasoline,8 Cyl,Automatic,Gray,Tan,None reported,Yes,"$74,100",carfax_rebrowser_sample_oneprice,2026-04-26,SUV,18.0
Lincoln,Navigator Reserve,2024,"20,695 mi.",Gasoline,6 Cyl,Automatic,Black,Unknown,None reported,Yes,"$71,060",carfax_rebrowser_sample_oneprice,2026-04-26,SUV,18.0
Audi,Q8 Prestige,2024,"15,300 mi.",Gasoline,6 Cyl,Automatic,Black,Tan,None reported,Yes,"$63,210",carfax_rebrowser_sample_oneprice,2026-04-26,SUV,19.0
BMW,X5 xDrive50e,2024,"33,430 mi.",Hybrid,6 Cyl,Automatic,Gray,Black,None reported,Yes,"$60,170",carfax_rebrowser_sample_oneprice,2026-04-26,SUV,
Volvo,XC90 T8 Ultimate,2024,"29,791 mi.",Hybrid,4 Cyl,Automatic,White,Black,None reported,Yes,"$56,240",carfax_rebrowser_sample_oneprice,2026-04-26,SUV,27.0
GMC,Yukon Denali,2024,"23,882 mi.",Gasoline,8 Cyl,Automatic,Black,Black,None reported,Yes,"$70,840",carfax_rebrowser_sample_oneprice,2026-04-26,SUV,16.0
Jeep,Grand Wagoneer Series II,2024,"24,229 mi.",Gasoline,6 Cyl,Automatic,Black,Black,None reported,Yes,"$71,700",carfax_rebrowser_sample_oneprice,2026-04-26,SUV,17.0
GMC,Yukon XL Denali,2024,"19,084 mi.",Gasoline,8 Cyl,Automatic,Black,Black,None reported,Yes,"$70,130",carfax_rebrowser_sample_oneprice,2026-04-26,SUV,16.0
GMC,Yukon XL Denali,2024,"35,812 mi.",Gasoline,8 Cyl,Automatic,White,Black,None reported,Yes,"$70,200",carfax_rebrowser_sample_oneprice,2026-04-26,SUV,16.0
GMC,Yukon Denali,2024,"18,506 mi.",Gasoline,8 Cyl,Automatic,Black,Black,None reported,Yes,"$72,160",carfax_rebrowser_sample_oneprice,2026-04-26,SUV,16.0
Ford,Expedition Limited,2024,"16,782 mi.",Gasoline,6 Cyl,Automatic,Black,Black,None reported,Yes,"$60,880",carfax_rebrowser_sample_oneprice,2026-04-26,SUV,18.0
BMW,X7 xDrive40i,2024,"26,219 mi.",Gasoline,6 Cyl,Automatic,Gray,Black,None reported,Yes,"$69,210",carfax_rebrowser_sample_oneprice,2026-04-26,SUV,22.0
Cadillac,Escalade,2024,"78,148 mi.",Gasoline,8 Cyl,Automatic,Blue,Unknown,None reported,Yes,"$72,780",carfax_rebrowser_sample_oneprice,2026-04-26,SUV,16.0
Chevrolet,Tahoe RST,2024,"29,987 mi.",Gasoline,8 Cyl,Automatic,Red,Black,None reported,Yes,"$61,590",carfax_rebrowser_sample_oneprice,2026-04-26,SUV,16.0
Chevrolet,Tahoe Z71,2024,"13,382 mi.",Gasoline,8 Cyl,Automatic,Black,Black,None reported,Yes,"$64,320",carfax_rebrowser_sample_oneprice,2026-04-26,SUV,16.0
Chevrolet,Tahoe High Country,2024,"33,439 mi.",Gasoline,8 Cyl,Automatic,Black,Black,None reported,Yes,"$65,660",carfax_rebrowser_sample_oneprice,2026-04-26,SUV,16.0
Lincoln,Navigator L Black Label,2024,"26,733 mi.",Gasoline,6 Cyl,Automatic,White,White,None reported,Yes,"$71,110",carfax_rebrowser_sample_oneprice,2026-04-26,SUV,
BMW,X7 xDrive40i,2024,"6,099 mi.",Gasoline,6 Cyl,Automatic,Gray,Gray,None reported,Yes,"$64,060",carfax_rebrowser_sample_oneprice,2026-04-26,SUV,22.0
Chevrolet,Tahoe High Country,2024,"16,438 mi.",Gasoline,8 Cyl,Automatic,White,Black,None reported,Yes,"$69,280",carfax_rebrowser_sample_oneprice,2026-04-26,SUV,16.0
Ford,Expedition Timberline,2024,"10,059 mi.",Gasoline,6 Cyl,Automatic,White,Black,None reported,Yes,"$62,940",carfax_rebrowser_sample_oneprice,2026-04-26,SUV,17.0
GMC,Yukon Denali,2024,"51,948 mi.",Diesel,6 Cyl,Automatic,Black,Black,None reported,Yes,"$66,350",carfax_rebrowser_sample_oneprice,2026-04-26,SUV,22.0
GMC,Yukon AT4,2024,"21,595 mi.",Gasoline,8 Cyl,Automatic,White,Black,None reported,Yes,"$66,590",carfax_rebrowser_sample_oneprice,2026-04-26,SUV,17.0
BMW,X7 M60i,2024,"40,985 mi.",Gasoline,8 Cyl,Automatic,Gray,Black,None reported,Yes,"$75,150",carfax_rebrowser_sample_oneprice,2026-04-26,SUV,18.0
GMC,Hummer EV 3X,2024,"30,105 mi.",Electric,Electric,Automatic,Blue,Tan,None reported,Yes,"$66,600",carfax_rebrowser_sample_oneprice,2026-04-26,SUV,
GMC,Yukon Denali,2024,"39,915 mi.",Gasoline,8 Cyl,Automatic,White,Black,None reported,Yes,"$70,140",carfax_rebrowser_sample_oneprice,2026-04-26,SUV,16.0
Jeep,Wagoneer Series II,2024,"10,729 mi.",Gasoline,6 Cyl,Automatic,Gray,Black,None reported,Yes,"$55,480",carfax_rebrowser_sample_oneprice,2026-04-26,SUV,19.0
Chevrolet,Tahoe Z71,2024,"30,478 mi.",Gasoline,8 Cyl,Automatic,Black,Black,None reported,Yes,"$60,520",carfax_rebrowser_sample_oneprice,2026-04-26,SUV,16.0
Lexus,RX 350h,2024,"3,628 mi.",Hybrid,4 Cyl,Automatic,Green,Black,None reported,Yes,"$59,120",carfax_rebrowser_sample_oneprice,2026-04-26,SUV,
Chevrolet,Suburban RST,2024,"55,123 mi.",Gasoline,8 Cyl,Automatic,White,Black,None reported,Yes,"$61,200",carfax_rebrowser_sample_oneprice,2026-04-26,SUV,16.0
Land Rover,Range Rover Sport SE Dynamic,2024,"34,211 mi.",Gasoline,6 Cyl,Automatic,Blue,Gray,None reported,Yes,"$71,800",carfax_rebrowser_sample_oneprice,2026-04-26,SUV,
Chevrolet,Tahoe High Country,2024,"65,923 mi.",Gasoline,8 Cyl,Automatic,White,Black,None reported,Yes,"$60,740",carfax_rebrowser_sample_oneprice,2026-04-26,SUV,16.0
GMC,Yukon Denali,2024,"38,345 mi.",Gasoline,8 Cyl,Automatic,Blue,Brown,None reported,Yes,"$67,700",carfax_rebrowser_sample_oneprice,2026-04-26,SUV,16.0
Ford,Expedition Limited,2024,"10,224 mi.",Gasoline,6 Cyl,Automatic,White,Black,None reported,Yes,"$59,440",carfax_rebrowser_sample_oneprice,2026-04-26,SUV,18.0
Mercedes-Benz,GLS 450,2024,"26,689 mi.",Gasoline,6 Cyl,Automatic,Blue,Tan,None reported,Yes,"$68,660",carfax_rebrowser_sample_oneprice,2026-04-26,SUV,21.0
BMW,X6 xDrive40i,2024,"10,459 mi.",Gasoline,6 Cyl,Automatic,Black,Brown,None reported,Yes,"$69,070",carfax_rebrowser_sample_oneprice,2026-04-26,SUV,24.0
GMC,Hummer EV 2X,2024,"26,330 mi.",Electric,Electric,Automatic,Black,Tan,None reported,Yes,"$55,580",carfax_rebrowser_sample_oneprice,2026-04-26,SUV,
Lexus,RX 500h,2024,"21,160 mi.",Hybrid,4 Cyl,Automatic,White,Red,None reported,Yes,"$63,320",carfax_rebrowser_sample_oneprice,2026-04-26,SUV,
Lincoln,Navigator Reserve,2024,"21,083 mi.",Gasoline,6 Cyl,Automatic,Black,Black,None reported,Yes,"$72,960",carfax_rebrowser_sample_oneprice,2026-04-26,SUV,18.0
Toyota,Sequoia Limited Edition,2024,"18,120 mi.",Hybrid,6 Cyl,Automatic,Silver,Black,None reported,Yes,"$68,190",carfax_rebrowser_sample_oneprice,2026-04-26,SUV,
Jeep,Wagoneer Series III,2024,"17,147 mi.",Gasoline,6 Cyl,Automatic,White,Black,None reported,Yes,"$59,430",carfax_rebrowser_sample_oneprice,2026-04-26,SUV,19.0
GMC,Yukon Denali,2024,"22,687 mi.",Diesel,6 Cyl,Automatic,Black,Black,None reported,Yes,"$70,350",carfax_rebrowser_sample_oneprice,2026-04-26,SUV,22.0
GMC,Yukon AT4,2024,"70,120 mi.",Gasoline,8 Cyl,Automatic,Black,Black,None reported,Yes,"$59,110",carfax_rebrowser_sample_oneprice,2026-04-26,SUV,16.0
Chevrolet,Tahoe Z71,2024,"27,823 mi.",Gasoline,8 Cyl,Automatic,Unknown,Unknown,None reported,Yes,"$66,130",carfax_rebrowser_sample_oneprice,2026-04-26,SUV,16.0
Chevrolet,Tahoe RST,2024,"35,680 mi.",Gasoline,8 Cyl,Automatic,Red,Black,None reported,Yes,"$57,850",carfax_rebrowser_sample_oneprice,2026-04-26,SUV,16.0
Cadillac,Escalade,2024,"30,323 mi.",Gasoline,8 Cyl,Automatic,Black,Black,None reported,Yes,"$66,590",carfax_rebrowser_sample_oneprice,2026-04-26,SUV,16.0
Dodge,Durango SRT,2024,"7,789 mi.",Gasoline,8 Cyl,Automatic,Black,Black,None reported,Yes,"$64,450",carfax_rebrowser_sample_oneprice,2026-04-26,SUV,15.0
Chevrolet,Suburban Z71,2024,"40,088 mi.",Gasoline,8 Cyl,Automatic,Black,Black,None reported,Yes,"$61,700",carfax_rebrowser_sample_oneprice,2026-04-26,SUV,16.0
GMC,Yukon Denali,2024,"33,656 mi.",Gasoline,8 Cyl,Automatic,White,Black,None reported,Yes,"$65,920",carfax_rebrowser_sample_oneprice,2026-04-26,SUV,16.0
Rivian,R1S Adventure,2024,"14,660 mi.",Electric,Electric,Automatic,Unknown,Unknown,None reported,Yes,"$68,210",carfax_rebrowser_sample_oneprice,2026-04-26,SUV,
Toyota,Land Cruiser,2024,"6,724 mi.",Hybrid,4 Cyl,Automatic,Unknown,Black,None reported,Yes,"$66,120",carfax_rebrowser_sample_oneprice,2026-04-26,SUV,23.0
Mercedes-Benz,GLE 53 AMG,2024,"10,787 mi.",Gasoline,6 Cyl,Automatic,Gray,Red,None reported,Yes,"$71,770",carfax_rebrowser_sample_oneprice,2026-04-26,SUV,20.0
Mercedes-Benz,GLC 43 AMG,2024,"10,372 mi.",Gasoline,4 Cyl,Automatic,Silver,Black,None reported,Yes,"$58,080",carfax_rebrowser_sample_oneprice,2026-04-26,SUV,21.0
GMC,Yukon Denali,2024,"48,832 mi.",Gasoline,8 Cyl,Automatic,Black,Black,None reported,Yes,"$64,310",carfax_rebrowser_sample_oneprice,2026-04-26,SUV,16.0
GMC,Yukon Denali,2024,"27,414 mi.",Gasoline,8 Cyl,Automatic,White,Unknown,None reported,Yes,"$73,580",carfax_rebrowser_sample_oneprice,2026-04-26,SUV,16.0
Chevrolet,Tahoe RST,2024,"16,718 mi.",Diesel,6 Cyl,Automatic,Blue,Red,None reported,Yes,"$66,070",carfax_rebrowser_sample_oneprice,2026-04-26,SUV,22.0
Cadillac,Escalade ESV,2024,"57,487 mi.",Gasoline,8 Cyl,Automatic,White,Tan,None reported,Yes,"$72,960",carfax_rebrowser_sample_oneprice,2026-04-26,SUV,16.0
GMC,Yukon XL Denali,2024,"58,342 mi.",Gasoline,8 Cyl,Automatic,White,Brown,None reported,Yes,"$66,270",carfax_rebrowser_sample_oneprice,2026-04-26,SUV,16.0
Toyota,Land Cruiser,2024,"14,185 mi.",Hybrid,4 Cyl,Automatic,Blue,Black,None reported,Yes,"$65,250",carfax_rebrowser_sample_oneprice,2026-04-26,SUV,23.0
Chevrolet,Suburban RST,2024,"32,426 mi.",Gasoline,8 Cyl,Automatic,Black,Black,None reported,Yes,"$58,970",carfax_rebrowser_sample_oneprice,2026-04-26,SUV,16.0
GMC,Yukon XL AT4,2024,"36,753 mi.",Gasoline,8 Cyl,Automatic,Black,Black,None reported,Yes,"$63,820",carfax_rebrowser_sample_oneprice,2026-04-26,SUV,16.0
Chevrolet,Suburban RST,2024,"13,931 mi.",Gasoline,8 Cyl,Automatic,Red,Black,None reported,Yes,"$65,120",carfax_rebrowser_sample_oneprice,2026-04-26,SUV,16.0
Tesla,Model X,2024,"21,700 mi.",Electric,Electric,Automatic,Gray,Unknown,None reported,Yes,"$71,760",carfax_rebrowser_sample_oneprice,2026-04-26,SUV,100.0
BMW,X5 xDrive40i,2024,"28,603 mi.",Gasoline,6 Cyl,Automatic,Black,Brown,None reported,Yes,"$60,630",carfax_rebrowser_sample_oneprice,2026-04-26,SUV,25.0
BMW,X7 M60i,2024,"54,509 mi.",Gasoline,8 Cyl,Automatic,Gray,Tan,None reported,Yes,"$71,880",carfax_rebrowser_sample_oneprice,2026-04-26,SUV,18.0
BMW,X6 xDrive40i,2024,"19,622 mi.",Gasoline,6 Cyl,Automatic,Gray,Black,None reported,Yes,"$68,510",carfax_rebrowser_sample_oneprice,2026-04-26,SUV,24.0
Alfa Romeo,Stelvio Quadrifoglio,2024,"4,603 mi.",Gasoline,6 Cyl,Automatic,Black,Black,None reported,Yes,"$69,320",carfax_rebrowser_sample_oneprice,2026-04-26,SUV,19.0
Jeep,Wrangler Rubicon,2024,"7,100 mi.",Gasoline,8 Cyl,Automatic,Gray,Red,None reported,Yes,"$76,500",carfax_rebrowser_sample_oneprice,2026-04-26,SUV,14.0
Jeep,Wrangler Rubicon,2024,"23,433 mi.",Gasoline,8 Cyl,Automatic,Gray,Red,None reported,Yes,"$73,540",carfax_rebrowser_sample_oneprice,2026-04-26,SUV,14.0
Chevrolet,Suburban RST,2024,"46,808 mi.",Gasoline,8 Cyl,Automatic,Gray,Black,None reported,Yes,"$63,100",carfax_rebrowser_sample_oneprice,2026-04-26,SUV,16.0
Chevrolet,Tahoe Premier,2024,"23,584 mi.",Gasoline,8 Cyl,Automatic,Red,Black,None reported,Yes,"$63,720",carfax_rebrowser_sample_oneprice,2026-04-26,SUV,16.0
GMC,Yukon Denali,2024,"29,054 mi.",Gasoline,8 Cyl,Automatic,Beige,Black,None reported,Yes,"$67,830",carfax_rebrowser_sample_oneprice,2026-04-26,SUV,16.0
Chevrolet,Suburban Z71,2024,"31,977 mi.",Gasoline,8 Cyl,Automatic,Blue,Black,None reported,Yes,"$65,670",carfax_rebrowser_sample_oneprice,2026-04-26,SUV,16.0
Lexus,TX 500h,2024,"34,563 mi.",Hybrid,4 Cyl,Automatic,Blue,Black,None reported,Yes,"$60,630",carfax_rebrowser_sample_oneprice,2026-04-26,SUV,27.0
GMC,Yukon XL SLT,2024,"14,602 mi.",Gasoline,8 Cyl,Automatic,White,Black,None reported,Yes,"$62,810",carfax_rebrowser_sample_oneprice,2026-04-26,SUV,16.0
Chevrolet,Tahoe Z71,2024,"10,303 mi.",Gasoline,8 Cyl,Automatic,Black,Black,None reported,Yes,"$66,720",carfax_rebrowser_sample_oneprice,2026-04-26,SUV,16.0
GMC,Yukon XL Denali,2024,"72,250 mi.",Gasoline,8 Cyl,Automatic,Black,Black,None reported,Yes,"$59,710",carfax_rebrowser_sample_oneprice,2026-04-26,SUV,16.0
Lincoln,Aviator Black Label,2024,"9,480 mi.",Gasoline,6 Cyl,Automatic,Red,Tan,None reported,Yes,"$64,850",carfax_rebrowser_sample_oneprice,2026-04-26,SUV,20.0
Toyota,Sequoia Limited Edition,2024,"29,488 mi.",Hybrid,6 Cyl,Automatic,Unknown,Black,None reported,Yes,"$65,410",carfax_rebrowser_sample_oneprice,2026-04-26,SUV,
Toyota,Sequoia Platinum,2024,"30,447 mi.",Hybrid,6 Cyl,Automatic,Silver,Black,None reported,Yes,"$66,850",carfax_rebrowser_sample_oneprice,2026-04-26,SUV,
Chevrolet,Suburban Premier,2024,"34,832 mi.",Gasoline,8 Cyl,Automatic,Red,Black,None reported,Yes,"$65,090",carfax_rebrowser_sample_oneprice,2026-04-26,SUV,16.0
Chevrolet,Suburban RST,2024,"43,978 mi.",Gasoline,8 Cyl,Automatic,Black,Black,None reported,Yes,"$62,440",carfax_rebrowser_sample_oneprice,2026-04-26,SUV,16.0
Chevrolet,Tahoe High Country,2024,"22,483 mi.",Gasoline,8 Cyl,Automatic,Black,Black,None reported,Yes,"$69,000",carfax_rebrowser_sample_oneprice,2026-04-26,SUV,16.0
Lexus,TX 350,2024,"7,611 mi.",Gasoline,4 Cyl,Automatic,White,Tan,None reported,Yes,"$64,000",carfax_rebrowser_sample_oneprice,2026-04-26,SUV,23.0
BMW,X7 xDrive40i,2024,"25,904 mi.",Gasoline,6 Cyl,Automatic,Bronze,Tan,None reported,Yes,"$67,450",carfax_rebrowser_sample_oneprice,2026-04-26,SUV,22.0
BMW,X7 xDrive40i,2024,"44,808 mi.",Gasoline,6 Cyl,Automatic,White,White,None reported,Yes,"$61,760",carfax_rebrowser_sample_oneprice,2026-04-26,SUV,22.0
Chevrolet,Suburban LT,2024,"21,166 mi.",Gasoline,8 Cyl,Automatic,Red,Brown,None reported,Yes,"$61,880",carfax_rebrowser_sample_oneprice,2026-04-26,SUV,16.0
Chevrolet,Suburban Premier,2024,"23,818 mi.",Gasoline,8 Cyl,Automatic,Gray,Black,None reported,Yes,"$66,680",carfax_rebrowser_sample_oneprice,2026-04-26,SUV,16.0
GMC,Yukon Denali,2024,"23,309 mi.",Gasoline,8 Cyl,Automatic,Red,Brown,None reported,Yes,"$70,830",carfax_rebrowser_sample_oneprice,2026-04-26,SUV,16.0
Ford,Expedition Timberline,2024,"18,298 mi.",Gasoline,6 Cyl,Automatic,White,Black,None reported,Yes,"$65,530",carfax_rebrowser_sample_oneprice,2026-04-26,SUV,17.0
Jeep,Wagoneer Series III,2024,"11,218 mi.",Gasoline,6 Cyl,Automatic,Red,Black,None reported,Yes,"$61,970",carfax_rebrowser_sample_oneprice,2026-04-26,SUV,19.0
Chevrolet,Tahoe RST,2024,"43,114 mi.",Gasoline,8 Cyl,Automatic,White,Red,None reported,Yes,"$60,000",carfax_rebrowser_sample_oneprice,2026-04-26,SUV,16.0
GMC,Yukon Denali,2024,"31,315 mi.",Gasoline,8 Cyl,Automatic,White,Brown,None reported,Yes,"$71,520",carfax_rebrowser_sample_oneprice,2026-04-26,SUV,16.0
Chevrolet,Tahoe RST,2024,"36,068 mi.",Gasoline,8 Cyl,Automatic,Black,Red,None reported,Yes,"$61,680",carfax_rebrowser_sample_oneprice,2026-04-26,SUV,16.0
Mercedes-Benz,GLE 450,2024,"16,318 mi.",Gasoline,6 Cyl,Automatic,Silver,Tan,None reported,Yes,"$66,700",carfax_rebrowser_sample_oneprice,2026-04-26,SUV,22.0
GMC,Yukon Denali,2024,"21,729 mi.",Gasoline,8 Cyl,Automatic,Gray,Black,None reported,Yes,"$70,990",carfax_rebrowser_sample_oneprice,2026-04-26,SUV,16.0
Jeep,Grand Wagoneer Series II,2024,"36,240 mi.",Gasoline,6 Cyl,Automatic,White,Black,None reported,Yes,"$62,420",carfax_rebrowser_sample_oneprice,2026-04-26,SUV,17.0
Chevrolet,Tahoe Z71,2024,"7,594 mi.",Gasoline,8 Cyl,Automatic,Black,Black,None reported,Yes,"$72,100",carfax_rebrowser_sample_oneprice,2026-04-26,SUV,16.0
Chevrolet,Suburban Premier,2024,"39,581 mi.",Gasoline,8 Cyl,Automatic,Black,Black,None reported,Yes,"$60,310",carfax_rebrowser_sample_oneprice,2026-04-26,SUV,16.0
Chevrolet,Suburban RST,2024,"34,414 mi.",Gasoline,8 Cyl,Automatic,White,Red,None reported,Yes,"$62,570",carfax_rebrowser_sample_oneprice,2026-04-26,SUV,16.0
Chevrolet,Suburban RST,2024,"20,219 mi.",Gasoline,8 Cyl,Automatic,Gray,Red,None reported,Yes,"$66,840",carfax_rebrowser_sample_oneprice,2026-04-26,SUV,16.0
Mercedes-Benz,GLE 580,2024,"6,330 mi.",Gasoline,8 Cyl,Automatic,White,Black,None reported,Yes,"$73,710",carfax_rebrowser_sample_oneprice,2026-04-26,SUV,
Porsche,Macan S,2024,"4,410 mi.",Gasoline,6 Cyl,Automatic,White,Black,None reported,Yes,"$73,290",carfax_rebrowser_sample_oneprice,2026-04-26,SUV,19.0
GMC,Yukon XL AT4,2024,"29,474 mi.",Gasoline,8 Cyl,Automatic,Black,Black,None reported,Yes,"$66,180",carfax_rebrowser_sample_oneprice,2026-04-26,SUV,16.0
GMC,Yukon Denali,2024,"35,502 mi.",Gasoline,8 Cyl,Automatic,Black,Black,None reported,Yes,"$65,360",carfax_rebrowser_sample_oneprice,2026-04-26,SUV,16.0
Ford,Bronco Raptor,2024,"14,572 mi.",Gasoline,6 Cyl,Automatic,Gray,Black,None reported,Yes,"$72,610",carfax_rebrowser_sample_oneprice,2026-04-26,SUV,15.0
GMC,Yukon XL SLT,2024,"28,613 mi.",Gasoline,8 Cyl,Automatic,White,Black,None reported,Yes,"$63,570",carfax_rebrowser_sample_oneprice,2026-04-26,SUV,16.0
Chevrolet,Tahoe Z71,2024,"12,811 mi.",Gasoline,8 Cyl,Automatic,Gray,Black,None reported,Yes,"$67,570",carfax_rebrowser_sample_oneprice,2026-04-26,SUV,16.0
Mercedes-Benz,GLS 450,2024,"42,343 mi.",Gasoline,6 Cyl,Automatic,Blue,Black,None reported,Yes,"$64,890",carfax_rebrowser_sample_oneprice,2026-04-26,SUV,21.0
Toyota,4Runner TRD Pro,2024,"19,874 mi.",Gasoline,6 Cyl,Automatic,White,Black,None reported,Yes,"$59,470",carfax_rebrowser_sample_oneprice,2026-04-26,SUV,17.0
BMW,X5 M60i,2024,"33,809 mi.",Gasoline,8 Cyl,Automatic,White,Black,None reported,Yes,"$76,480",carfax_rebrowser_sample_oneprice,2026-04-26,SUV,19.0
Lincoln,Navigator Reserve,2024,"12,018 mi.",Gasoline,6 Cyl,Automatic,White,Tan,None reported,Yes,"$74,390",carfax_rebrowser_sample_oneprice,2026-04-26,SUV,18.0
BMW,X7 M60i,2024,"38,589 mi.",Gasoline,8 Cyl,Automatic,Black,Tan,None reported,Yes,"$78,980",carfax_rebrowser_sample_oneprice,2026-04-26,SUV,18.0
Toyota,Sequoia Platinum,2024,"37,031 mi.",Hybrid,6 Cyl,Automatic,Unknown,Black,None reported,Yes,"$63,600",carfax_rebrowser_sample_oneprice,2026-04-26,SUV,
Cadillac,Escalade,2024,"50,569 mi.",Gasoline,8 Cyl,Automatic,White,Tan,None reported,Yes,"$74,750",carfax_rebrowser_sample_oneprice,2026-04-26,SUV,16.0
Land Rover,Defender 110,2024,"42,457 mi.",Gasoline,6 Cyl,Automatic,White,Black,None reported,Yes,"$60,750",carfax_rebrowser_sample_oneprice,2026-04-26,SUV,18.0
Porsche,Cayenne,2024,"29,907 mi.",Gasoline,6 Cyl,Automatic,Blue,Black,None reported,Yes,"$75,070",carfax_rebrowser_sample_oneprice,2026-04-26,SUV,19.0
Chevrolet,Tahoe RST,2024,"28,377 mi.",Gasoline,8 Cyl,Automatic,Black,Red,None reported,Yes,"$65,460",carfax_rebrowser_sample_oneprice,2026-04-26,SUV,16.0
Ford,Bronco Raptor,2024,"9,395 mi.",Gasoline,6 Cyl,Automatic,Gray,Black,None reported,Yes,"$75,420",carfax_rebrowser_sample_oneprice,2026-04-26,SUV,15.0
BMW,X7 M60i,2024,"32,499 mi.",Gasoline,8 Cyl,Automatic,Blue,White,None reported,Yes,"$80,300",carfax_rebrowser_sample_oneprice,2026-04-26,SUV,18.0
Mercedes-Benz,GLE 53 AMG,2024,"44,956 mi.",Gasoline,6 Cyl,Automatic,Gray,Black,None reported,Yes,"$76,230",carfax_rebrowser_sample_oneprice,2026-04-26,SUV,20.0
Lincoln,Navigator Reserve,2024,"39,451 mi.",Gasoline,6 Cyl,Automatic,Black,Black,None reported,Yes,"$69,050",carfax_rebrowser_sample_oneprice,2026-04-26,SUV,18.0
Chevrolet,Tahoe Premier,2024,"21,347 mi.",Gasoline,8 Cyl,Automatic,Red,Black,None reported,Yes,"$65,830",carfax_rebrowser_sample_oneprice,2026-04-26,SUV,16.0
Toyota,Sequoia Limited Edition,2024,"25,758 mi.",Hybrid,6 Cyl,Automatic,Red,Black,None reported,Yes,"$66,390",carfax_rebrowser_sample_oneprice,2026-04-26,SUV,
Chevrolet,Tahoe High Country,2024,"23,963 mi.",Gasoline,8 Cyl,Automatic,White,Black,None reported,Yes,"$68,080",carfax_rebrowser_sample_oneprice,2026-04-26,SUV,16.0
Mercedes-Benz,GLE 53 AMG,2024,"18,005 mi.",Gasoline,6 Cyl,Automatic,Black,Black,None reported,Yes,"$72,320",carfax_rebrowser_sample_oneprice,2026-04-26,SUV,20.0
Land Rover,Defender 130,2024,"12,653 mi.",Gasoline,6 Cyl,Automatic,Black,Tan,None reported,Yes,"$70,600",carfax_rebrowser_sample_oneprice,2026-04-26,SUV,18.0
Chevrolet,Suburban LT,2024,"11,885 mi.",Gasoline,8 Cyl,Automatic,White,Unknown,None reported,Yes,"$65,870",carfax_rebrowser_sample_oneprice,2026-04-26,SUV,16.0
Toyota,Sequoia Platinum,2024,"32,355 mi.",Hybrid,6 Cyl,Automatic,Silver,Black,None reported,Yes,"$71,550",carfax_rebrowser_sample_oneprice,2026-04-26,SUV,
Toyota,Sequoia SR5,2024,"25,476 mi.",Hybrid,6 Cyl,Automatic,Red,Black,None reported,Yes,"$65,510",carfax_rebrowser_sample_oneprice,2026-04-26,SUV,
Lincoln,Navigator Reserve,2024,"19,295 mi.",Gasoline,6 Cyl,Automatic,White,Tan,None reported,Yes,"$78,330",carfax_rebrowser_sample_oneprice,2026-04-26,SUV,18.0
GMC,Yukon Denali Ultimate,2024,"56,840 mi.",Gasoline,8 Cyl,Automatic,White,White,None reported,Yes,"$77,890",carfax_rebrowser_sample_oneprice,2026-04-26,SUV,16.0
Toyota,Land Cruiser,2024,"18,813 mi.",Hybrid,4 Cyl,Automatic,Blue,Black,None reported,Yes,"$63,000",carfax_rebrowser_sample_oneprice,2026-04-26,SUV,23.0
Toyota,Land Cruiser,2024,"21,409 mi.",Hybrid,4 Cyl,Automatic,Silver,Black,None reported,Yes,"$63,990",carfax_rebrowser_sample_oneprice,2026-04-26,SUV,23.0
INEOS,Grenadier Base,2024,"24,403 mi.",Gasoline,6 Cyl,Automatic,Blue,Gray,None reported,Yes,"$64,580",carfax_rebrowser_sample_oneprice,2026-04-26,SUV,15.0
BMW,X4 M,2024,"16,808 mi.",Gasoline,6 Cyl,Automatic,White,Black,None reported,Yes,"$66,540",carfax_rebrowser_sample_oneprice,2026-04-26,SUV,17.0
GMC,Yukon Denali,2024,"26,089 mi.",Gasoline,8 Cyl,Automatic,Black,Black,None reported,Yes,"$70,190",carfax_rebrowser_sample_oneprice,2026-04-26,SUV,16.0
Cadillac,Escalade ESV,2024,"90,892 mi.",Gasoline,8 Cyl,Automatic,Black,Black,None reported,Yes,"$67,060",carfax_rebrowser_sample_oneprice,2026-04-26,SUV,16.0
Toyota,Sequoia TRD Pro,2024,"54,467 mi.",Hybrid,6 Cyl,Automatic,Brown,Black,None reported,Yes,"$67,650",carfax_rebrowser_sample_oneprice,2026-04-26,SUV,
BMW,X3 M,2024,"37,900 mi.",Gasoline,6 Cyl,Automatic,Yellow,Gray,None reported,Yes,"$70,720",carfax_rebrowser_sample_oneprice,2026-04-26,SUV,17.0
Mercedes-Benz,GLC 43 AMG,2024,"10,030 mi.",Gasoline,4 Cyl,Automatic,White,Brown,None reported,Yes,"$61,490",carfax_rebrowser_sample_oneprice,2026-04-26,SUV,21.0
GMC,Yukon AT4,2024,"19,481 mi.",Gasoline,8 Cyl,Automatic,Red,Black,None reported,Yes,"$67,730",carfax_rebrowser_sample_oneprice,2026-04-26,SUV,16.0
Toyota,Sequoia Limited Edition,2024,"35,349 mi.",Hybrid,6 Cyl,Automatic,White,Black,None reported,Yes,"$64,230",carfax_rebrowser_sample_oneprice,2026-04-26,SUV,
Rivian,R1S Adventure,2024,"20,167 mi.",Electric,Electric,Automatic,Silver,Unknown,None reported,Yes,"$67,930",carfax_rebrowser_sample_oneprice,2026-04-26,SUV,
Land Rover,Defender 110,2024,"21,844 mi.",Gasoline,6 Cyl,Automatic,White,White,None reported,Yes,"$64,970",carfax_rebrowser_sample_oneprice,2026-04-26,SUV,18.0
Audi,SQ5 Prestige,2024,"3,653 mi.",Gasoline,6 Cyl,Automatic,White,Gray,None reported,Yes,"$61,240",carfax_rebrowser_sample_oneprice,2026-04-26,SUV,21.0
Chevrolet,Tahoe RST,2024,"33,571 mi.",Diesel,6 Cyl,Automatic,White,Black,None reported,Yes,"$66,240",carfax_rebrowser_sample_oneprice,2026-04-26,SUV,22.0
BMW,X5 xDrive40i,2024,"14,941 mi.",Gasoline,6 Cyl,Automatic,White,White,None reported,Yes,"$62,140",carfax_rebrowser_sample_oneprice,2026-04-26,SUV,25.0
Land Rover,Defender 110,2024,"41,050 mi.",Gasoline,6 Cyl,Automatic,Blue,Tan,None reported,Yes,"$61,010",carfax_rebrowser_sample_oneprice,2026-04-26,SUV,18.0
BMW,X5 M60i,2024,"31,544 mi.",Gasoline,8 Cyl,Automatic,Black,Black,None reported,Yes,"$74,140",carfax_rebrowser_sample_oneprice,2026-04-26,SUV,19.0
Toyota,Land Cruiser,2024,"18,128 mi.",Hybrid,4 Cyl,Automatic,White,Black,None reported,Yes,"$64,660",carfax_rebrowser_sample_oneprice,2026-04-26,SUV,23.0
Toyota,Land Cruiser,2024,"20,392 mi.",Hybrid,4 Cyl,Automatic,Black,Black,None reported,Yes,"$64,830",carfax_rebrowser_sample_oneprice,2026-04-26,SUV,23.0
Toyota,Sequoia TRD Pro,2024,"39,652 mi.",Hybrid,6 Cyl,Automatic,White,Black,None reported,Yes,"$70,760",carfax_rebrowser_sample_oneprice,2026-04-26,SUV,
Cadillac,Escalade,2024,"41,576 mi.",Gasoline,8 Cyl,Automatic,Blue,Tan,None reported,Yes,"$73,550",carfax_rebrowser_sample_oneprice,2026-04-26,SUV,16.0
Land Rover,Defender 130,2024,"14,169 mi.",Gasoline,6 Cyl,Automatic,White,Black,None reported,Yes,"$67,380",carfax_rebrowser_sample_oneprice,2026-04-26,SUV,17.0
Land Rover,Range Rover Sport SE,2024,"27,637 mi.",Gasoline,6 Cyl,Automatic,Black,Black,None reported,Yes,"$74,930",carfax_rebrowser_sample_oneprice,2026-04-26,SUV,
BMW,X5 xDrive40i,2024,"25,308 mi.",Gasoline,6 Cyl,Automatic,Black,Brown,None reported,Yes,"$63,040",carfax_rebrowser_sample_oneprice,2026-04-26,SUV,25.0
BMW,X5 xDrive40i,2024,"34,278 mi.",Gasoline,6 Cyl,Automatic,Gray,Black,None reported,Yes,"$62,080",carfax_rebrowser_sample_oneprice,2026-04-26,SUV,25.0
BMW,X5 M60i,2024,"45,674 mi.",Gasoline,8 Cyl,Automatic,Black,Black,None reported,Yes,"$71,700",carfax_rebrowser_sample_oneprice,2026-04-26,SUV,19.0
Mercedes-Benz,GLS 450,2024,"41,126 mi.",Gasoline,6 Cyl,Automatic,Black,Brown,None reported,Yes,"$63,910",carfax_rebrowser_sample_oneprice,2026-04-26,SUV,21.0
Chevrolet,Tahoe High Country,2024,"22,288 mi.",Gasoline,8 Cyl,Automatic,Blue,Black,None reported,Yes,"$64,480",carfax_rebrowser_sample_oneprice,2026-04-26,SUV,16.0
BMW,X7 xDrive40i,2024,"39,869 mi.",Gasoline,6 Cyl,Automatic,Blue,Brown,None reported,Yes,"$61,110",carfax_rebrowser_sample_oneprice,2026-04-26,SUV,22.0
Dodge,Durango SRT,2024,"30,285 mi.",Gasoline,8 Cyl,Automatic,Black,Black,None reported,Yes,"$60,240",carfax_rebrowser_sample_oneprice,2026-04-26,SUV,15.0
Land Rover,Range Rover Sport SE Dynamic,2024,"39,869 mi.",Gasoline,6 Cyl,Automatic,Gray,Black,None reported,Yes,"$74,270",carfax_rebrowser_sample_oneprice,2026-04-26,SUV,
Chevrolet,Tahoe Z71,2024,"26,469 mi.",Gasoline,8 Cyl,Automatic,Black,Black,None reported,Yes,"$64,020",carfax_rebrowser_sample_oneprice,2026-04-26,SUV,16.0
BMW,X5 xDrive50e,2024,"11,814 mi.",Hybrid,6 Cyl,Automatic,Black,Gray,None reported,Yes,"$68,640",carfax_rebrowser_sample_oneprice,2026-04-26,SUV,
BMW,X7 xDrive40i,2024,"25,078 mi.",Gasoline,6 Cyl,Automatic,Green,Tan,None reported,Yes,"$65,730",carfax_rebrowser_sample_oneprice,2026-04-26,SUV,22.0
Audi,SQ8 Premium Plus,2024,"10,798 mi.",Gasoline,8 Cyl,Automatic,Gray,Red,None reported,Yes,"$74,680",carfax_rebrowser_sample_oneprice,2026-04-26,SUV,17.0
Chevrolet,Suburban Premier,2024,"21,241 mi.",Gasoline,8 Cyl,Automatic,Black,Black,None reported,Yes,"$69,130",carfax_rebrowser_sample_oneprice,2026-04-26,SUV,16.0
BMW,X5 xDrive40i,2024,"12,191 mi.",Gasoline,6 Cyl,Automatic,Black,Gray,None reported,Yes,"$66,250",carfax_rebrowser_sample_oneprice,2026-04-26,SUV,25.0
BMW,X7 xDrive40i,2024,"45,460 mi.",Gasoline,6 Cyl,Automatic,Black,Tan,None reported,Yes,"$59,920",carfax_rebrowser_sample_oneprice,2026-04-26,SUV,22.0
Mercedes-Benz,GLE 53 AMG,2024,"45,569 mi.",Gasoline,6 Cyl,Automatic,Black,Black,None reported,Yes,"$62,760",carfax_rebrowser_sample_oneprice,2026-04-26,SUV,20.0
Toyota,Land Cruiser,2024,"33,815 mi.",Hybrid,4 Cyl,Automatic,Unknown,Black,None reported,Yes,"$62,210",carfax_rebrowser_sample_oneprice,2026-04-26,SUV,23.0
Chevrolet,Suburban RST,2024,"52,678 mi.",Gasoline,8 Cyl,Automatic,White,Red,None reported,Yes,"$61,450",carfax_rebrowser_sample_oneprice,2026-04-26,SUV,16.0
Land Rover,Range Rover Sport SE,2024,"21,243 mi.",Gasoline,6 Cyl,Automatic,White,Black,None reported,Yes,"$74,520",carfax_rebrowser_sample_oneprice,2026-04-26,SUV,
BMW,X5 M60i,2024,"27,368 mi.",Gasoline,8 Cyl,Automatic,Gray,Black,None reported,Yes,"$72,430",carfax_rebrowser_sample_oneprice,2026-04-26,SUV,19.0
Toyota,Land Cruiser,2024,"18,247 mi.",Hybrid,4 Cyl,Automatic,Black,Tan,None reported,Yes,"$64,190",carfax_rebrowser_sample_oneprice,2026-04-26,SUV,23.0
BMW,X7 xDrive40i,2024,"15,753 mi.",Gasoline,6 Cyl,Automatic,Black,Brown,None reported,Yes,"$68,110",carfax_rebrowser_sample_oneprice,2026-04-26,SUV,22.0
Toyota,Land Cruiser,2024,"8,623 mi.",Hybrid,4 Cyl,Automatic,White,Black,None reported,Yes,"$65,960",carfax_rebrowser_sample_oneprice,2026-04-26,SUV,23.0
Toyota,Land Cruiser,2024,"22,168 mi.",Hybrid,4 Cyl,Automatic,Gray,Black,None reported,Yes,"$64,850",carfax_rebrowser_sample_oneprice,2026-04-26,SUV,23.0
BMW,X5 xDrive40i,2024,"24,417 mi.",Gasoline,6 Cyl,Automatic,Gray,Brown,None reported,Yes,"$60,030",carfax_rebrowser_sample_oneprice,2026-04-26,SUV,25.0
Chevrolet,Suburban RST,2024,"26,208 mi.",Diesel,6 Cyl,Automatic,White,Unknown,None reported,Yes,"$70,650",carfax_rebrowser_sample_oneprice,2026-04-26,SUV,22.0
GMC,Yukon Denali,2024,"19,058 mi.",Gasoline,8 Cyl,Automatic,Black,Black,None reported,Yes,"$67,430",carfax_rebrowser_sample_oneprice,2026-04-26,SUV,16.0
Chevrolet,Tahoe Z71,2024,"6,454 mi.",Gasoline,8 Cyl,Automatic,White,Black,None reported,Yes,"$68,190",carfax_rebrowser_sample_oneprice,2026-04-26,SUV,16.0
Porsche,Macan S,2024,"16,955 mi.",Gasoline,6 Cyl,Automatic,Unknown,Gray,None reported,Yes,"$69,410",carfax_rebrowser_sample_oneprice,2026-04-26,SUV,19.0
Mercedes-Benz,GLE 450,2024,"23,468 mi.",Gasoline,6 Cyl,Automatic,Black,Black,None reported,Yes,"$64,760",carfax_rebrowser_sample_oneprice,2026-04-26,SUV,22.0
Porsche,Cayenne,2024,"56,120 mi.",Gasoline,6 Cyl,Automatic,Silver,Black,None reported,Yes,"$70,070",carfax_rebrowser_sample_oneprice,2026-04-26,SUV,19.0
Chevrolet,Tahoe High Country,2024,"39,999 mi.",Gasoline,8 Cyl,Automatic,White,Unknown,None reported,Yes,"$65,790",carfax_rebrowser_sample_oneprice,2026-04-26,SUV,16.0
Land Rover,Range Rover Sport SE Dynamic,2024,"40,395 mi.",Gasoline,6 Cyl,Automatic,Gray,Black,None reported,Yes,"$74,670",carfax_rebrowser_sample_oneprice,2026-04-26,SUV,
Chevrolet,Tahoe Z71,2024,"26,271 mi.",Gasoline,8 Cyl,Automatic,White,Black,None reported,Yes,"$63,370",carfax_rebrowser_sample_oneprice,2026-04-26,SUV,16.0
Lexus,TX 500h,2024,"18,891 mi.",Hybrid,4 Cyl,Automatic,Gray,Gray,None reported,Yes,"$68,860",carfax_rebrowser_sample_oneprice,2026-04-26,SUV,27.0
BMW,X7 xDrive40i,2024,"31,633 mi.",Gasoline,6 Cyl,Automatic,Bronze,Black,None reported,Yes,"$62,960",carfax_rebrowser_sample_oneprice,2026-04-26,SUV,22.0
Toyota,Sequoia Capstone,2024,"20,754 mi.",Hybrid,6 Cyl,Automatic,Gray,Black,None reported,Yes,"$71,010",carfax_rebrowser_sample_oneprice,2026-04-26,SUV,
BMW,X5 xDrive50e,2024,"16,990 mi.",Hybrid,6 Cyl,Automatic,Gray,Brown,None reported,Yes,"$65,230",carfax_rebrowser_sample_oneprice,2026-04-26,SUV,
Land Rover,Defender 110,2024,"17,993 mi.",Gasoline,6 Cyl,Automatic,White,Tan,None reported,Yes,"$66,970",carfax_rebrowser_sample_oneprice,2026-04-26,SUV,18.0
BMW,X7 xDrive40i,2024,"20,265 mi.",Gasoline,6 Cyl,Automatic,Gray,Black,None reported,Yes,"$71,010",carfax_rebrowser_sample_oneprice,2026-04-26,SUV,22.0
BMW,X6 xDrive40i,2024,"42,152 mi.",Gasoline,6 Cyl,Automatic,Gray,Brown,None reported,Yes,"$65,290",carfax_rebrowser_sample_oneprice,2026-04-26,SUV,24.0
BMW,X7 M60i,2024,"37,746 mi.",Gasoline,8 Cyl,Automatic,Gray,Tan,None reported,Yes,"$74,630",carfax_rebrowser_sample_oneprice,2026-04-26,SUV,18.0
GMC,Yukon SLT,2024,"35,784 mi.",Diesel,6 Cyl,Automatic,White,Unknown,None reported,Yes,"$61,930",carfax_rebrowser_sample_oneprice,2026-04-26,SUV,22.0
Lincoln,Navigator L Reserve,2024,"30,272 mi.",Gasoline,6 Cyl,Automatic,White,Black,None reported,Yes,"$73,760",carfax_rebrowser_sample_oneprice,2026-04-26,SUV,
BMW,X5 xDrive40i,2024,"11,438 mi.",Gasoline,6 Cyl,Automatic,White,Brown,None reported,Yes,"$60,050",carfax_rebrowser_sample_oneprice,2026-04-26,SUV,25.0
Jeep,Grand Wagoneer Series II,2024,"33,098 mi.",Gasoline,6 Cyl,Automatic,Black,Black,None reported,Yes,"$69,270",carfax_rebrowser_sample_oneprice,2026-04-26,SUV,17.0
GMC,Yukon AT4,2024,"19,481 mi.",Gasoline,8 Cyl,Automatic,Black,Black,None reported,Yes,"$70,780",carfax_rebrowser_sample_oneprice,2026-04-26,SUV,16.0
GMC,Yukon XL Denali,2024,"42,341 mi.",Gasoline,8 Cyl,Automatic,White,Brown,None reported,Yes,"$71,210",carfax_rebrowser_sample_oneprice,2026-04-26,SUV,16.0
Lincoln,Navigator Reserve,2024,"23,955 mi.",Gasoline,6 Cyl,Automatic,White,Unknown,None reported,Yes,"$74,510",carfax_rebrowser_sample_oneprice,2026-04-26,SUV,18.0
Lexus,TX 500h,2024,"6,920 mi.",Hybrid,4 Cyl,Automatic,Gray,Tan,None reported,Yes,"$66,340",carfax_rebrowser_sample_oneprice,2026-04-26,SUV,27.0
BMW,X5 M60i,2024,"41,833 mi.",Gasoline,8 Cyl,Automatic,Blue,Black,None reported,Yes,"$71,320",carfax_rebrowser_sample_oneprice,2026-04-26,SUV,19.0
Mercedes-Benz,GLE 53 AMG,2024,"20,317 mi.",Gasoline,6 Cyl,Automatic,Gray,Black,None reported,Yes,"$78,330",carfax_rebrowser_sample_oneprice,2026-04-26,SUV,20.0
Lexus,RX 500h,2024,"19,919 mi.",Hybrid,4 Cyl,Automatic,Black,Black,None reported,Yes,"$62,800",carfax_rebrowser_sample_oneprice,2026-04-26,SUV,
Toyota,Land Cruiser,2024,"18,943 mi.",Hybrid,4 Cyl,Automatic,Blue,Black,None reported,Yes,"$63,670",carfax_rebrowser_sample_oneprice,2026-04-26,SUV,23.0
GMC,Hummer EV 2X,2024,"1,822 mi.",Electric,Electric,Automatic,Blue,Tan,None reported,Yes,"$72,700",carfax_rebrowser_sample_oneprice,2026-04-26,SUV,
BMW,X5 M60i,2024,"27,359 mi.",Gasoline,8 Cyl,Automatic,Gray,Black,None reported,Yes,"$78,360",carfax_rebrowser_sample_oneprice,2026-04-26,SUV,19.0
Lincoln,Navigator L Black Label,2024,"24,708 mi.",Gasoline,6 Cyl,Automatic,Gray,White,None reported,Yes,"$81,500",carfax_rebrowser_sample_oneprice,2026-04-26,SUV,
GMC,Yukon Denali,2024,"30,963 mi.",Gasoline,8 Cyl,Automatic,Black,Black,None reported,Yes,"$69,620",carfax_rebrowser_sample_oneprice,2026-04-26,SUV,16.0
BMW,X5 xDrive40i,2024,"22,222 mi.",Gasoline,6 Cyl,Automatic,Black,Black,None reported,Yes,"$63,730",carfax_rebrowser_sample_oneprice,2026-04-26,SUV,25.0
Ford,Bronco Raptor,2024,"17,448 mi.",Gasoline,6 Cyl,Automatic,Black,Black,None reported,Yes,"$70,600",carfax_rebrowser_sample_oneprice,2026-04-26,SUV,15.0
Lincoln,Navigator L Reserve,2024,"31,199 mi.",Gasoline,6 Cyl,Automatic,White,Tan,None reported,Yes,"$74,220",carfax_rebrowser_sample_oneprice,2026-04-26,SUV,
Nissan,Altima SV,2025,"31,004 mi.",Gasoline,4 Cyl,Automatic,Gray,Black,None reported,Yes,"$20,780",carfax_rebrowser_sample_oneprice,2026-04-26,Sedan,31.0
Buick,Enclave Avenir,2024,"16,353 mi.",Gasoline,6 Cyl,Automatic,Black,Tan,None reported,Yes,"$44,670",carfax_rebrowser_sample_oneprice,2026-04-26,SUV,20.0
Toyota,Sequoia Limited Edition,2024,"38,711 mi.",Hybrid,6 Cyl,Automatic,Red,Black,None reported,Yes,"$64,040",carfax_rebrowser_sample_oneprice,2026-04-26,SUV,
GMC,Yukon Denali,2024,"37,011 mi.",Gasoline,8 Cyl,Automatic,Unknown,Black,None reported,Yes,"$72,880",carfax_rebrowser_sample_oneprice,2026-04-26,SUV,16.0
Lincoln,Aviator Reserve,2024,"4,843 mi.",Gasoline,6 Cyl,Automatic,Blue,Tan,None reported,Yes,"$59,490",carfax_rebrowser_sample_oneprice,2026-04-26,SUV,20.0
Chevrolet,Tahoe RST,2024,"9,255 mi.",Gasoline,8 Cyl,Automatic,White,Black,None reported,Yes,"$68,320",carfax_rebrowser_sample_oneprice,2026-04-26,SUV,16.0
Lincoln,Nautilus Reserve,2024,406 mi.,Hybrid,4 Cyl,Automatic,Gray,Black,None reported,Yes,"$58,410",carfax_rebrowser_sample_oneprice,2026-04-26,SUV,30.0
Toyota,Land Cruiser First Edition,2024,"4,820 mi.",Hybrid,4 Cyl,Automatic,Unknown,Black,None reported,Yes,"$70,300",carfax_rebrowser_sample_oneprice,2026-04-26,SUV,23.0
Chevrolet,Tahoe RST,2024,"39,318 mi.",Gasoline,8 Cyl,Automatic,White,Red,None reported,Yes,"$62,790",carfax_rebrowser_sample_oneprice,2026-04-26,SUV,16.0
Mercedes-Benz,GLE 53 AMG,2024,"31,867 mi.",Gasoline,6 Cyl,Automatic,White,Tan,None reported,Yes,"$69,830",carfax_rebrowser_sample_oneprice,2026-04-26,SUV,20.0
Mercedes-Benz,GLS 450,2024,"14,835 mi.",Gasoline,6 Cyl,Automatic,Unknown,Tan,None reported,Yes,"$71,910",carfax_rebrowser_sample_oneprice,2026-04-26,SUV,21.0
Mercedes-Benz,GLE 450,2024,"31,596 mi.",Gasoline,6 Cyl,Automatic,Unknown,Black,None reported,Yes,"$59,670",carfax_rebrowser_sample_oneprice,2026-04-26,SUV,22.0
Jeep,Grand Wagoneer Series III,2024,"22,580 mi.",Gasoline,6 Cyl,Automatic,Silver,Blue,None reported,Yes,"$70,350",carfax_rebrowser_sample_oneprice,2026-04-26,SUV,17.0
Chevrolet,Suburban Z71,2024,"27,743 mi.",Gasoline,8 Cyl,Automatic,White,Black,None reported,Yes,"$65,760",carfax_rebrowser_sample_oneprice,2026-04-26,SUV,16.0
Jeep,Grand Wagoneer Series II,2024,"36,959 mi.",Gasoline,6 Cyl,Automatic,Black,Black,None reported,Yes,"$66,380",carfax_rebrowser_sample_oneprice,2026-04-26,SUV,17.0
BMW,X7 xDrive40i,2024,"23,750 mi.",Gasoline,6 Cyl,Automatic,White,Black,None reported,Yes,"$69,840",carfax_rebrowser_sample_oneprice,2026-04-26,SUV,22.0
Toyota,Sequoia Limited Edition,2024,"17,147 mi.",Hybrid,6 Cyl,Automatic,Gray,Black,None reported,Yes,"$71,390",carfax_rebrowser_sample_oneprice,2026-04-26,SUV,
Land Rover,Defender 110,2024,"21,446 mi.",Gasoline,6 Cyl,Automatic,Blue,Black,None reported,Yes,"$60,630",carfax_rebrowser_sample_oneprice,2026-04-26,SUV,18.0
Porsche,Macan 4,2024,"5,289 mi.",Electric,Electric,Automatic,Green,Tan,None reported,Yes,"$78,780",carfax_rebrowser_sample_oneprice,2026-04-26,SUV,98.0
Lincoln,Navigator Reserve,2024,"17,336 mi.",Gasoline,6 Cyl,Automatic,White,Black,None reported,Yes,"$75,060",carfax_rebrowser_sample_oneprice,2026-04-26,SUV,18.0
Toyota,Land Cruiser 1958,2025,"11,330 mi.",Hybrid,4 Cyl,Automatic,White,Black,None reported,Yes,"$59,160",carfax_rebrowser_sample_oneprice,2026-04-26,SUV,23.0
Chevrolet,Tahoe LT,2025,"19,198 mi.",Gasoline,8 Cyl,Automatic,White,Black,None reported,Yes,"$61,590",carfax_rebrowser_sample_oneprice,2026-04-26,SUV,16.0
Ford,Expedition Platinum,2025,"29,431 mi.",Gasoline,6 Cyl,Automatic,Black,Black,None reported,Yes,"$67,730",carfax_rebrowser_sample_oneprice,2026-04-26,SUV,18.0
Chevrolet,Suburban Z71,2025,"25,241 mi.",Gasoline,8 Cyl,Automatic,White,Black,None reported,Yes,"$66,920",carfax_rebrowser_sample_oneprice,2026-04-26,SUV,16.0
Ford,Expedition MAX Active,2025,"21,356 mi.",Gasoline,6 Cyl,Automatic,Silver,Gray,None reported,Yes,"$62,290",carfax_rebrowser_sample_oneprice,2026-04-26,SUV,
GMC,Yukon XL AT4,2025,"12,865 mi.",Gasoline,8 Cyl,Automatic,White,Unknown,None reported,Yes,"$75,210",carfax_rebrowser_sample_oneprice,2026-04-26,SUV,16.0
Chevrolet,Suburban LT,2025,"21,141 mi.",Diesel,6 Cyl,Automatic,Black,Black,None reported,Yes,"$71,080",carfax_rebrowser_sample_oneprice,2026-04-26,SUV,22.0
Toyota,4Runner TRD Off Road,2025,"7,086 mi.",Hybrid,4 Cyl,Automatic,Unknown,Black,None reported,Yes,"$59,310",carfax_rebrowser_sample_oneprice,2026-04-26,SUV,23.0
Ford,Expedition Platinum,2025,"11,988 mi.",Gasoline,6 Cyl,Automatic,Black,Black,None reported,Yes,"$74,490",carfax_rebrowser_sample_oneprice,2026-04-26,SUV,18.0
Toyota,Land Cruiser,2025,"8,804 mi.",Hybrid,4 Cyl,Automatic,Black,Tan,None reported,Yes,"$66,130",carfax_rebrowser_sample_oneprice,2026-04-26,SUV,23.0
Chevrolet,Tahoe RST,2025,"21,264 mi.",Gasoline,8 Cyl,Automatic,Black,Black,None reported,Yes,"$65,670",carfax_rebrowser_sample_oneprice,2026-04-26,SUV,16.0
Toyota,Land Cruiser 1958,2025,"3,229 mi.",Hybrid,4 Cyl,Automatic,Unknown,Black,None reported,Yes,"$60,760",carfax_rebrowser_sample_oneprice,2026-04-26,SUV,23.0
Ford,Expedition Tremor,2025,"22,980 mi.",Gasoline,6 Cyl,Automatic,Green,Black,None reported,Yes,"$73,080",carfax_rebrowser_sample_oneprice,2026-04-26,SUV,18.0
Audi,Q7 Prestige,2025,"9,543 mi.",Gasoline,6 Cyl,Automatic,White,Black,None reported,Yes,"$64,760",carfax_rebrowser_sample_oneprice,2026-04-26,SUV,20.0
BMW,X5 xDrive50e,2025,"6,110 mi.",Hybrid,6 Cyl,Automatic,Gray,Gray,None reported,Yes,"$72,500",carfax_rebrowser_sample_oneprice,2026-04-26,SUV,22.0
Ford,Bronco Stroppe Edition,2025,"1,004 mi.",Gasoline,6 Cyl,Automatic,White,Black,None reported,Yes,"$63,810",carfax_rebrowser_sample_oneprice,2026-04-26,SUV,18.0
Ford,Expedition Platinum,2025,"19,032 mi.",Gasoline,6 Cyl,Automatic,Black,Black,None reported,Yes,"$70,430",carfax_rebrowser_sample_oneprice,2026-04-26,SUV,18.0
Mercedes-Benz,EQE 350,2025,"7,232 mi.",Electric,Electric,Automatic,Green,Brown,None reported,Yes,"$63,310",carfax_rebrowser_sample_oneprice,2026-04-26,SUV,81.0
GMC,Yukon Denali,2025,"24,957 mi.",Gasoline,8 Cyl,Automatic,White,Black,None reported,Yes,"$71,050",carfax_rebrowser_sample_oneprice,2026-04-26,SUV,16.0
Ford,Expedition MAX Active,2025,"21,733 mi.",Gasoline,6 Cyl,Automatic,Gray,Gray,None reported,Yes,"$64,590",carfax_rebrowser_sample_oneprice,2026-04-26,SUV,
Chevrolet,Suburban Z71,2025,"17,731 mi.",Gasoline,8 Cyl,Automatic,Gray,Black,None reported,Yes,"$69,370",carfax_rebrowser_sample_oneprice,2026-04-26,SUV,16.0
Toyota,Land Cruiser,2025,"5,999 mi.",Hybrid,4 Cyl,Automatic,Blue,Unknown,None reported,Yes,"$68,450",carfax_rebrowser_sample_oneprice,2026-04-26,SUV,23.0
Ford,Expedition MAX Platinum,2025,"19,321 mi.",Gasoline,6 Cyl,Automatic,Gray,Black,None reported,Yes,"$75,290",carfax_rebrowser_sample_oneprice,2026-04-26,SUV,
Ford,Expedition Platinum,2025,"10,200 mi.",Gasoline,6 Cyl,Automatic,Gray,Black,None reported,Yes,"$75,200",carfax_rebrowser_sample_oneprice,2026-04-26,SUV,18.0
Ford,Expedition MAX Active,2025,"2,840 mi.",Gasoline,6 Cyl,Automatic,White,Gray,None reported,Yes,"$70,340",carfax_rebrowser_sample_oneprice,2026-04-26,SUV,
Ford,Expedition MAX Active,2025,"20,976 mi.",Gasoline,6 Cyl,Automatic,Black,Gray,None reported,Yes,"$60,720",carfax_rebrowser_sample_oneprice,2026-04-26,SUV,
Ford,Expedition MAX Platinum,2025,"24,355 mi.",Gasoline,6 Cyl,Automatic,White,Black,None reported,Yes,"$70,700",carfax_rebrowser_sample_oneprice,2026-04-26,SUV,
Lexus,TX 500h,2025,"8,033 mi.",Hybrid,4 Cyl,Automatic,Silver,Black,None reported,Yes,"$69,290",carfax_rebrowser_sample_oneprice,2026-04-26,SUV,27.0
Chevrolet,Tahoe LT,2025,"21,484 mi.",Gasoline,8 Cyl,Automatic,Gray,Black,None reported,Yes,"$61,600",carfax_rebrowser_sample_oneprice,2026-04-26,SUV,16.0
Lexus,TX 350,2025,"6,631 mi.",Gasoline,4 Cyl,Automatic,White,Tan,None reported,Yes,"$62,020",carfax_rebrowser_sample_oneprice,2026-04-26,SUV,23.0
Ford,Expedition Platinum,2025,"15,556 mi.",Gasoline,6 Cyl,Automatic,White,Gray,None reported,Yes,"$74,260",carfax_rebrowser_sample_oneprice,2026-04-26,SUV,18.0
Mercedes-Benz,GLB 250,2026,"3,539 mi.",Gasoline,4 Cyl,Automatic,Silver,Black,None reported,Yes,"$46,110",carfax_rebrowser_sample_oneprice,2026-04-26,SUV,27.0
Land Rover,Range Rover Velar S,2026,"5,689 mi.",Gasoline,4 Cyl,Automatic,White,Black,None reported,Yes,"$58,400",carfax_rebrowser_sample_oneprice,2026-04-26,SUV,23.0
BMW,X3 xDrive30,2026,"6,290 mi.",Gasoline,4 Cyl,Automatic,Black,Black,None reported,Yes,"$52,160",carfax_rebrowser_sample_oneprice,2026-04-26,SUV,29.0
Chevrolet,Traverse Z71,2026,"3,266 mi.",Gasoline,4 Cyl,Automatic,Red,Black,None reported,Yes,"$53,060",carfax_rebrowser_sample_oneprice,2026-04-26,SUV,21.0
Cadillac,Optiq Sport,2026,53 mi.,Electric,Electric,Automatic,Red,Gray,None reported,Yes,"$53,940",carfax_rebrowser_sample_oneprice,2026-04-26,SUV,105.0
Audi,Q7 Premium Plus,2026,"7,271 mi.",Gasoline,4 Cyl,Automatic,Black,Black,None reported,Yes,"$56,390",carfax_rebrowser_sample_oneprice,2026-04-26,SUV,22.0
BMW,X3 xDrive30,2026,"8,294 mi.",Gasoline,4 Cyl,Automatic,Black,Brown,None reported,Yes,"$52,480",carfax_rebrowser_sample_oneprice,2026-04-26,SUV,29.0
BMW,X3 xDrive30,2026,"8,266 mi.",Gasoline,4 Cyl,Automatic,White,Black,None reported,Yes,"$51,420",carfax_rebrowser_sample_oneprice,2026-04-26,SUV,29.0
BMW,X3 xDrive30,2026,"8,319 mi.",Gasoline,4 Cyl,Automatic,White,Brown,None reported,Yes,"$51,860",carfax_rebrowser_sample_oneprice,2026-04-26,SUV,29.0
Genesis,GV70,2026,"4,500 mi.",Gasoline,4 Cyl,Automatic,White,White,None reported,Yes,"$44,590",carfax_rebrowser_sample_oneprice,2026-04-26,SUV,22.0
Mercedes-Benz,GLC 300,2026,"6,647 mi.",Gasoline,4 Cyl,Automatic,White,Tan,None reported,Yes,"$46,800",carfax_rebrowser_sample_oneprice,2026-04-26,SUV,27.0
BMW,X3 xDrive30,2026,"8,808 mi.",Gasoline,4 Cyl,Automatic,Gray,Black,None reported,Yes,"$51,730",carfax_rebrowser_sample_oneprice,2026-04-26,SUV,29.0
Subaru,Outback Touring,2026,"1,461 mi.",Gasoline,4 Cyl,Automatic,Black,Brown,None reported,Yes,"$44,480",carfax_rebrowser_sample_oneprice,2026-04-26,SUV,27.0
BMW,X1 xDrive28i,2026,"5,273 mi.",Gasoline,4 Cyl,Automatic,Blue,Gray,None reported,Yes,"$43,370",carfax_rebrowser_sample_oneprice,2026-04-26,SUV,28.0
Ford,Explorer ST-Line,2026,14 mi.,Gasoline,4 Cyl,Automatic,Gray,Black,None reported,Yes,"$42,160",carfax_rebrowser_sample_oneprice,2026-04-26,SUV,24.0
Hyundai,Palisade Calligraphy,2026,"4,615 mi.",Gasoline,6 Cyl,Automatic,White,Gray,None reported,Yes,"$51,200",carfax_rebrowser_sample_oneprice,2026-04-26,SUV,20.0
BMW,X3 xDrive30,2026,"8,209 mi.",Gasoline,4 Cyl,Automatic,Black,Black,None reported,Yes,"$52,410",carfax_rebrowser_sample_oneprice,2026-04-26,SUV,29.0
BMW,X3 xDrive30,2026,"5,620 mi.",Gasoline,4 Cyl,Automatic,Gray,Black,None reported,Yes,"$52,210",carfax_rebrowser_sample_oneprice,2026-04-26,SUV,29.0
Tesla,Model Y,2026,"18,142 mi.",Electric,Electric,Automatic,White,Black,None reported,Yes,"$43,140",carfax_rebrowser_sample_oneprice,2026-04-26,SUV,
BMW,X3 xDrive30,2026,"13,730 mi.",Gasoline,4 Cyl,Automatic,Black,Black,None reported,Yes,"$46,430",carfax_rebrowser_sample_oneprice,2026-04-26,SUV,29.0
BMW,X3 xDrive30,2026,"13,922 mi.",Gasoline,4 Cyl,Automatic,Black,Black,None reported,Yes,"$45,700",carfax_rebrowser_sample_oneprice,2026-04-26,SUV,29.0
BMW,X3 xDrive30,2026,"7,190 mi.",Gasoline,4 Cyl,Automatic,White,Black,None reported,Yes,"$51,770",carfax_rebrowser_sample_oneprice,2026-04-26,SUV,29.0
BMW,X3 xDrive30,2026,"8,939 mi.",Gasoline,4 Cyl,Automatic,Black,Yellow,None reported,Yes,"$51,170",carfax_rebrowser_sample_oneprice,2026-04-26,SUV,29.0
BMW,X3 xDrive30,2026,"13,342 mi.",Gasoline,4 Cyl,Automatic,Gray,Black,None reported,Yes,"$46,760",carfax_rebrowser_sample_oneprice,2026-04-26,SUV,29.0
Mercedes-Benz,GLC 300,2026,"2,226 mi.",Gasoline,4 Cyl,Automatic,White,Black,None reported,Yes,"$50,770",carfax_rebrowser_sample_oneprice,2026-04-26,SUV,27.0
Subaru,Outback Touring,2026,717 mi.,Gasoline,4 Cyl,Automatic,Blue,Black,None reported,Yes,"$44,720",carfax_rebrowser_sample_oneprice,2026-04-26,SUV,27.0
Honda,Passport TrailSport,2026,"10,620 mi.",Gasoline,6 Cyl,Automatic,Green,Black,None reported,Yes,"$47,950",carfax_rebrowser_sample_oneprice,2026-04-26,SUV,20.0
BMW,X3 xDrive30,2026,"12,262 mi.",Gasoline,4 Cyl,Automatic,Blue,Black,None reported,Yes,"$45,320",carfax_rebrowser_sample_oneprice,2026-04-26,SUV,29.0
Chevrolet,Blazer EV LT,2026,"2,361 mi.",Electric,Electric,Automatic,Blue,Black,None reported,Yes,"$45,940",carfax_rebrowser_sample_oneprice,2026-04-26,SUV,104.0
Tesla,Model Y Long Range,2026,"7,916 mi.",Electric,Electric,Automatic,Silver,Unknown,None reported,Yes,"$45,510",carfax_rebrowser_sample_oneprice,2026-04-26,SUV,123.0
BMW,X5 sDrive40i,2026,"13,441 mi.",Gasoline,6 Cyl,Automatic,White,Gray,None reported,Yes,"$61,280",carfax_rebrowser_sample_oneprice,2026-04-26,SUV,25.0
Mercedes-Benz,GLC 300,2026,"3,695 mi.",Gasoline,4 Cyl,Automatic,Gray,Black,None reported,Yes,"$48,600",carfax_rebrowser_sample_oneprice,2026-04-26,SUV,27.0
Honda,Passport TrailSport,2026,"9,024 mi.",Gasoline,6 Cyl,Automatic,Gray,Black,None reported,Yes,"$43,970",carfax_rebrowser_sample_oneprice,2026-04-26,SUV,20.0
Tesla,Model Y Long Range,2026,"7,933 mi.",Electric,Electric,Automatic,Gray,Black,None reported,Yes,"$43,450",carfax_rebrowser_sample_oneprice,2026-04-26,SUV,134.0
Genesis,GV70 Select,2026,"3,500 mi.",Gasoline,4 Cyl,Automatic,White,Black,None reported,Yes,"$47,860",carfax_rebrowser_sample_oneprice,2026-04-26,SUV,22.0
Chevrolet,Traverse High Country,2026,"2,212 mi.",Gasoline,4 Cyl,Automatic,White,Black,None reported,Yes,"$52,390",carfax_rebrowser_sample_oneprice,2026-04-26,SUV,22.0
Land Rover,Range Rover Velar S,2026,"10,238 mi.",Gasoline,4 Cyl,Automatic,White,Blue,None reported,Yes,"$55,490",carfax_rebrowser_sample_oneprice,2026-04-26,SUV,23.0
Genesis,GV70 Select,2026,"3,500 mi.",Gasoline,4 Cyl,Automatic,White,White,None reported,Yes,"$47,680",carfax_rebrowser_sample_oneprice,2026-04-26,SUV,22.0
BMW,X3 xDrive30,2026,"5,254 mi.",Gasoline,4 Cyl,Automatic,Black,Yellow,None reported,Yes,"$50,620",carfax_rebrowser_sample_oneprice,2026-04-26,SUV,29.0
BMW,X3 xDrive30,2026,"9,091 mi.",Gasoline,4 Cyl,Automatic,White,Tan,None reported,Yes,"$51,270",carfax_rebrowser_sample_oneprice,2026-04-26,SUV,29.0
Tesla,Model Y,2026,"3,044 mi.",Electric,Electric,Automatic,Black,White,None reported,Yes,"$45,390",carfax_rebrowser_sample_oneprice,2026-04-26,SUV,
Tesla,Model Y Long Range,2026,"9,026 mi.",Electric,Electric,Automatic,Gray,Unknown,None reported,Yes,"$46,650",carfax_rebrowser_sample_oneprice,2026-04-26,SUV,123.0
Honda,Passport TrailSport,2026,"2,122 mi.",Gasoline,6 Cyl,Automatic,White,Black,None reported,Yes,"$49,100",carfax_rebrowser_sample_oneprice,2026-04-26,SUV,20.0
BMW,X3 xDrive30,2026,"14,181 mi.",Gasoline,4 Cyl,Automatic,Black,Black,None reported,Yes,"$45,460",carfax_rebrowser_sample_oneprice,2026-04-26,SUV,29.0
Land Rover,Range Rover Velar S,2026,"8,141 mi.",Gasoline,4 Cyl,Automatic,White,Black,None reported,Yes,"$54,980",carfax_rebrowser_sample_oneprice,2026-04-26,SUV,23.0
Lexus,NX 350,2026,"3,778 mi.",Gasoline,4 Cyl,Automatic,Green,Brown,None reported,Yes,"$52,730",carfax_rebrowser_sample_oneprice,2026-04-26,SUV,24.0
Tesla,Model Y Long Range,2026,"11,593 mi.",Electric,Electric,Automatic,White,White,None reported,Yes,"$47,070",carfax_rebrowser_sample_oneprice,2026-04-26,SUV,123.0
Tesla,Model Y Long Range,2026,"24,130 mi.",Electric,Electric,Automatic,White,Black,None reported,Yes,"$44,650",carfax_rebrowser_sample_oneprice,2026-04-26,SUV,123.0
Tesla,Model Y,2026,"11,446 mi.",Electric,Electric,Automatic,Gray,Black,None reported,Yes,"$43,720",carfax_rebrowser_sample_oneprice,2026-04-26,SUV,
GMC,Acadia Denali,2026,"1,195 mi.",Gasoline,4 Cyl,Automatic,White,Gray,None reported,Yes,"$52,160",carfax_rebrowser_sample_oneprice,2026-04-26,SUV,22.0
Mercedes-Benz,GLC 300,2026,"4,866 mi.",Gasoline,4 Cyl,Automatic,Black,Black,None reported,Yes,"$48,160",carfax_rebrowser_sample_oneprice,2026-04-26,SUV,27.0
Mercedes-Benz,GLC 300,2026,"5,680 mi.",Gasoline,4 Cyl,Automatic,Gray,Brown,None reported,Yes,"$49,730",carfax_rebrowser_sample_oneprice,2026-04-26,SUV,27.0
BMW,X3 xDrive30,2026,"4,759 mi.",Gasoline,4 Cyl,Automatic,Blue,Black,None reported,Yes,"$54,560",carfax_rebrowser_sample_oneprice,2026-04-26,SUV,29.0
Subaru,Outback Touring,2026,"1,168 mi.",Gasoline,4 Cyl,Automatic,Green,Brown,None reported,Yes,"$45,820",carfax_rebrowser_sample_oneprice,2026-04-26,SUV,24.0
Mercedes-Benz,GLC 300,2026,"6,788 mi.",Gasoline,4 Cyl,Automatic,Silver,Black,None reported,Yes,"$47,810",carfax_rebrowser_sample_oneprice,2026-04-26,SUV,27.0
Volkswagen,Atlas SEL,2026,248 mi.,Gasoline,4 Cyl,Automatic,White,Unknown,None reported,Yes,"$54,010",carfax_rebrowser_sample_oneprice,2026-04-26,SUV,21.0
Mercedes-Benz,GLC 300,2026,"5,246 mi.",Gasoline,4 Cyl,Automatic,Green,Tan,None reported,Yes,"$49,170",carfax_rebrowser_sample_oneprice,2026-04-26,SUV,27.0
Volvo,XC60 B5 Plus,2026,354 mi.,Gasoline,4 Cyl,Automatic,Blue,Tan,None reported,Yes,"$56,030",carfax_rebrowser_sample_oneprice,2026-04-26,SUV,26.0
Honda,Passport TrailSport,2026,"18,237 mi.",Gasoline,6 Cyl,Automatic,Orange,Black,None reported,Yes,"$46,570",carfax_rebrowser_sample_oneprice,2026-04-26,SUV,20.0
Mercedes-Benz,GLC 300,2026,"7,324 mi.",Gasoline,4 Cyl,Automatic,White,Black,None reported,Yes,"$49,180",carfax_rebrowser_sample_oneprice,2026-04-26,SUV,27.0
Toyota,Grand Highlander XLE,2026,"6,282 mi.",Hybrid,4 Cyl,Automatic,Unknown,Black,None reported,Yes,"$47,350",carfax_rebrowser_sample_oneprice,2026-04-26,SUV,36.0
Jeep,Wrangler Rubicon,2026,"4,698 mi.",Gasoline,6 Cyl,Automatic,Gray,Black,None reported,Yes,"$59,360",carfax_rebrowser_sample_oneprice,2026-04-26,SUV,20.0
Lincoln,Nautilus Premiere,2026,"1,995 mi.",Gasoline,4 Cyl,Automatic,White,Gray,None reported,Yes,"$60,170",carfax_rebrowser_sample_oneprice,2026-04-26,SUV,24.0
Lexus,NX 350,2026,"5,443 mi.",Gasoline,4 Cyl,Automatic,White,Red,None reported,Yes,"$44,210",carfax_rebrowser_sample_oneprice,2026-04-26,SUV,24.0
Hyundai,Ioniq 9 SEL,2026,62 mi.,Electric,Electric,Automatic,White,Black,None reported,Yes,"$48,060",carfax_rebrowser_sample_oneprice,2026-04-26,SUV,
Genesis,GV80 2.5T,2026,"20,097 mi.",Gasoline,4 Cyl,Automatic,White,Black,None reported,Yes,"$49,030",carfax_rebrowser_sample_oneprice,2026-04-26,SUV,21.0
Mercedes-Benz,GLC 300,2026,"7,850 mi.",Gasoline,4 Cyl,Automatic,Black,Tan,None reported,Yes,"$46,580",carfax_rebrowser_sample_oneprice,2026-04-26,SUV,27.0
Toyota,Grand Highlander Limited,2026,277 mi.,Gasoline,4 Cyl,Automatic,Unknown,Black,None reported,Yes,"$54,430",carfax_rebrowser_sample_oneprice,2026-04-26,SUV,22.0
Acura,MDX A-Spec,2026,"2,492 mi.",Gasoline,6 Cyl,Automatic,Silver,Black,None reported,Yes,"$56,430",carfax_rebrowser_sample_oneprice,2026-04-26,SUV,21.0
Mercedes-Benz,GLC 300,2026,"3,262 mi.",Gasoline,4 Cyl,Automatic,White,Black,None reported,Yes,"$48,500",carfax_rebrowser_sample_oneprice,2026-04-26,SUV,27.0
Mercedes-Benz,GLC 300,2026,"2,457 mi.",Gasoline,4 Cyl,Automatic,Gray,Black,None reported,Yes,"$48,370",carfax_rebrowser_sample_oneprice,2026-04-26,SUV,27.0
Hyundai,Palisade Calligraphy,2026,"4,620 mi.",Gasoline,6 Cyl,Automatic,White,Gray,None reported,Yes,"$50,960",carfax_rebrowser_sample_oneprice,2026-04-26,SUV,21.0
Chevrolet,Traverse High Country,2026,"8,805 mi.",Gasoline,4 Cyl,Automatic,Black,Black,None reported,Yes,"$51,210",carfax_rebrowser_sample_oneprice,2026-04-26,SUV,22.0
Mercedes-Benz,GLC 300,2026,"5,473 mi.",Gasoline,4 Cyl,Automatic,Red,Tan,None reported,Yes,"$47,190",carfax_rebrowser_sample_oneprice,2026-04-26,SUV,27.0
Genesis,GV70,2026,"5,688 mi.",Gasoline,4 Cyl,Automatic,Black,Black,None reported,Yes,"$42,560",carfax_rebrowser_sample_oneprice,2026-04-26,SUV,22.0
Land Rover,Range Rover Evoque S,2026,"7,691 mi.",Gasoline,4 Cyl,Automatic,Gray,Black,None reported,Yes,"$47,560",carfax_rebrowser_sample_oneprice,2026-04-26,SUV,22.0
BMW,X3 xDrive30,2026,"19,562 mi.",Gasoline,4 Cyl,Automatic,Gray,Black,None reported,Yes,"$46,640",carfax_rebrowser_sample_oneprice,2026-04-26,SUV,29.0
Acura,MDX A-Spec,2026,"3,374 mi.",Gasoline,6 Cyl,Automatic,Black,Black,None reported,Yes,"$55,460",carfax_rebrowser_sample_oneprice,2026-04-26,SUV,21.0
Land Rover,Range Rover Evoque S,2026,"3,190 mi.",Gasoline,4 Cyl,Automatic,Gray,Black,None reported,Yes,"$50,060",carfax_rebrowser_sample_oneprice,2026-04-26,SUV,22.0
Mercedes-Benz,GLC 300,2026,"11,160 mi.",Gasoline,4 Cyl,Automatic,Gray,Gray,None reported,Yes,"$53,140",carfax_rebrowser_sample_oneprice,2026-04-26,SUV,26.0
GMC,Acadia Elevation,2026,564 mi.,Gasoline,4 Cyl,Automatic,Black,Gray,None reported,Yes,"$46,900",carfax_rebrowser_sample_oneprice,2026-04-26,SUV,22.0
Mercedes-Benz,GLC 300,2026,"5,136 mi.",Gasoline,4 Cyl,Automatic,White,Black,None reported,Yes,"$47,180",carfax_rebrowser_sample_oneprice,2026-04-26,SUV,27.0
Mercedes-Benz,GLC 300,2026,"3,752 mi.",Gasoline,4 Cyl,Automatic,White,Black,None reported,Yes,"$48,510",carfax_rebrowser_sample_oneprice,2026-04-26,SUV,27.0
Lexus,TX 350,2026,"11,057 mi.",Gasoline,4 Cyl,Automatic,Unknown,Gray,None reported,Yes,"$60,450",carfax_rebrowser_sample_oneprice,2026-04-26,SUV,23.0
Genesis,GV70,2026,"3,555 mi.",Gasoline,4 Cyl,Automatic,Red,Black,None reported,Yes,"$44,450",carfax_rebrowser_sample_oneprice,2026-04-26,SUV,22.0
Tesla,Model Y,2026,"7,473 mi.",Electric,Electric,Automatic,Gray,Black,None reported,Yes,"$45,350",carfax_rebrowser_sample_oneprice,2026-04-26,SUV,
Toyota,4Runner SR5,2026,"3,039 mi.",Gasoline,4 Cyl,Automatic,Black,Unknown,None reported,Yes,"$46,730",carfax_rebrowser_sample_oneprice,2026-04-26,SUV,21.0
Lexus,TX 350,2026,"1,983 mi.",Gasoline,4 Cyl,Automatic,White,Tan,None reported,Yes,"$63,590",carfax_rebrowser_sample_oneprice,2026-04-26,SUV,23.0
Mercedes-Benz,GLC 300,2026,"6,496 mi.",Gasoline,4 Cyl,Automatic,Gray,Black,None reported,Yes,"$53,000",carfax_rebrowser_sample_oneprice,2026-04-26,SUV,26.0
Land Rover,Range Rover Evoque Dynamic SE,2026,"11,211 mi.",Gasoline,4 Cyl,Automatic,Unknown,Black,None reported,Yes,"$53,050",carfax_rebrowser_sample_oneprice,2026-04-26,SUV,22.0
Lexus,NX 350,2026,"3,463 mi.",Gasoline,4 Cyl,Automatic,Green,Brown,None reported,Yes,"$47,750",carfax_rebrowser_sample_oneprice,2026-04-26,SUV,24.0
Land Rover,Range Rover Evoque S,2026,"2,437 mi.",Gasoline,4 Cyl,Automatic,Black,Gray,None reported,Yes,"$50,040",carfax_rebrowser_sample_oneprice,2026-04-26,SUV,22.0
Infiniti,QX60 Luxe,2026,"4,925 mi.",Gasoline,4 Cyl,Automatic,Black,Black,None reported,Yes,"$46,200",carfax_rebrowser_sample_oneprice,2026-04-26,SUV,24.0
Toyota,4Runner TRD Sport,2026,14 mi.,Gasoline,4 Cyl,Automatic,White,Black,None reported,Yes,"$53,840",carfax_rebrowser_sample_oneprice,2026-04-26,SUV,22.0
Lexus,RX 350h,2026,"2,053 mi.",Hybrid,4 Cyl,Automatic,Black,Black,None reported,Yes,"$58,750",carfax_rebrowser_sample_oneprice,2026-04-26,SUV,
Mercedes-Benz,GLC 300,2026,"2,670 mi.",Gasoline,4 Cyl,Automatic,White,Black,None reported,Yes,"$51,180",carfax_rebrowser_sample_oneprice,2026-04-26,SUV,27.0
Acura,MDX A-Spec,2026,"3,368 mi.",Gasoline,6 Cyl,Automatic,White,Black,None reported,Yes,"$55,370",carfax_rebrowser_sample_oneprice,2026-04-26,SUV,21.0
Tesla,Model Y Long Range,2026,"8,513 mi.",Electric,Electric,Automatic,Gray,Black,None reported,Yes,"$47,600",carfax_rebrowser_sample_oneprice,2026-04-26,SUV,123.0
Infiniti,QX60 Luxe,2026,"2,025 mi.",Gasoline,4 Cyl,Automatic,Black,Black,None reported,Yes,"$46,460",carfax_rebrowser_sample_oneprice,2026-04-26,SUV,24.0
Honda,Passport TrailSport,2026,"2,629 mi.",Gasoline,6 Cyl,Automatic,Blue,Black,None reported,Yes,"$49,090",carfax_rebrowser_sample_oneprice,2026-04-26,SUV,20.0
Jaguar,F-Pace R-Dynamic S,2026,"4,137 mi.",Gasoline,4 Cyl,Automatic,Red,Red,None reported,Yes,"$54,440",carfax_rebrowser_sample_oneprice,2026-04-26,SUV,24.0
Mercedes-Benz,GLC 300,2026,"1,267 mi.",Gasoline,4 Cyl,Automatic,White,Black,None reported,Yes,"$51,220",carfax_rebrowser_sample_oneprice,2026-04-26,SUV,27.0
Jeep,Wrangler Sport,2026,"5,780 mi.",Gasoline,4 Cyl,Automatic,White,Black,None reported,Yes,"$49,820",carfax_rebrowser_sample_oneprice,2026-04-26,SUV,21.0
Tesla,Model Y,2026,"9,846 mi.",Electric,Electric,Automatic,Black,Black,None reported,Yes,"$44,910",carfax_rebrowser_sample_oneprice,2026-04-26,SUV,
Acura,MDX Technology,2026,"3,095 mi.",Gasoline,6 Cyl,Automatic,White,Black,None reported,Yes,"$50,910",carfax_rebrowser_sample_oneprice,2026-04-26,SUV,22.0
Acura,MDX A-Spec,2026,"2,079 mi.",Gasoline,6 Cyl,Automatic,Black,Black,None reported,Yes,"$58,020",carfax_rebrowser_sample_oneprice,2026-04-26,SUV,21.0
Honda,Passport TrailSport,2026,"7,157 mi.",Gasoline,6 Cyl,Automatic,White,Black,None reported,Yes,"$49,370",carfax_rebrowser_sample_oneprice,2026-04-26,SUV,20.0
Acura,MDX A-Spec,2026,"2,036 mi.",Gasoline,6 Cyl,Automatic,Gray,Black,None reported,Yes,"$56,170",carfax_rebrowser_sample_oneprice,2026-04-26,SUV,21.0
Mercedes-Benz,GLC 300,2026,"4,117 mi.",Gasoline,4 Cyl,Automatic,White,Tan,None reported,Yes,"$49,100",carfax_rebrowser_sample_oneprice,2026-04-26,SUV,27.0
Acura,MDX Technology,2026,"3,611 mi.",Gasoline,6 Cyl,Automatic,Silver,Black,None reported,Yes,"$52,330",carfax_rebrowser_sample_oneprice,2026-04-26,SUV,22.0
Mercedes-Benz,GLC 300,2026,"1,427 mi.",Gasoline,4 Cyl,Automatic,Black,Black,None reported,Yes,"$47,810",carfax_rebrowser_sample_oneprice,2026-04-26,SUV,27.0
Mercedes-Benz,GLC 300,2026,"1,448 mi.",Gasoline,4 Cyl,Automatic,Silver,Black,None reported,Yes,"$52,900",carfax_rebrowser_sample_oneprice,2026-04-26,SUV,26.0
Infiniti,QX60 Luxe,2026,"4,791 mi.",Gasoline,4 Cyl,Automatic,Gray,Gray,None reported,Yes,"$46,330",carfax_rebrowser_sample_oneprice,2026-04-26,SUV,24.0
BMW,X3 xDrive30,2026,"12,406 mi.",Gasoline,4 Cyl,Automatic,Gray,Black,None reported,Yes,"$52,640",carfax_rebrowser_sample_oneprice,2026-04-26,SUV,29.0
Mercedes-Benz,GLC 300,2026,"1,364 mi.",Gasoline,4 Cyl,Automatic,Black,Black,None reported,Yes,"$52,800",carfax_rebrowser_sample_oneprice,2026-04-26,SUV,26.0
Toyota,4Runner SR5,2026,"1,774 mi.",Gasoline,4 Cyl,Automatic,Black,Black,None reported,Yes,"$58,280",carfax_rebrowser_sample_oneprice,2026-04-26,SUV,21.0
Mercedes-Benz,GLC 300,2026,"2,052 mi.",Gasoline,4 Cyl,Automatic,White,Black,None reported,Yes,"$54,880",carfax_rebrowser_sample_oneprice,2026-04-26,SUV,26.0
Mercedes-Benz,GLC 300,2026,"2,460 mi.",Gasoline,4 Cyl,Automatic,Silver,Black,None reported,Yes,"$54,730",carfax_rebrowser_sample_oneprice,2026-04-26,SUV,26.0
BMW,X3 xDrive30,2026,"13,745 mi.",Gasoline,4 Cyl,Automatic,White,Tan,None reported,Yes,"$48,270",carfax_rebrowser_sample_oneprice,2026-04-26,SUV,29.0
Volvo,XC60 B5 Plus,2026,"2,885 mi.",Gasoline,4 Cyl,Automatic,White,Tan,None reported,Yes,"$56,070",carfax_rebrowser_sample_oneprice,2026-04-26,SUV,26.0
Mercedes-Benz,GLC 300,2026,"1,511 mi.",Gasoline,4 Cyl,Automatic,Black,Black,None reported,Yes,"$51,590",carfax_rebrowser_sample_oneprice,2026-04-26,SUV,26.0
Mercedes-Benz,GLC 300,2026,"4,354 mi.",Gasoline,4 Cyl,Automatic,White,Tan,None reported,Yes,"$52,420",carfax_rebrowser_sample_oneprice,2026-04-26,SUV,26.0
Mercedes-Benz,GLC 300,2026,"1,317 mi.",Gasoline,4 Cyl,Automatic,Gray,Black,None reported,Yes,"$54,130",carfax_rebrowser_sample_oneprice,2026-04-26,SUV,26.0
Hyundai,Palisade XRT,2026,"3,223 mi.",Gasoline,6 Cyl,Automatic,White,Black,None reported,Yes,"$46,350",carfax_rebrowser_sample_oneprice,2026-04-26,SUV,19.0
Chevrolet,Equinox LT,2026,"2,210 mi.",Gasoline,4 Cyl,Automatic,Black,Black,None reported,Yes,"$31,030",carfax_rebrowser_sample_oneprice,2026-04-26,SUV,27.0
Land Rover,Range Rover Evoque S,2026,"6,538 mi.",Gasoline,4 Cyl,Automatic,White,Black,None reported,Yes,"$47,810",carfax_rebrowser_sample_oneprice,2026-04-26,SUV,22.0
Land Rover,Range Rover Evoque S,2026,"5,830 mi.",Gasoline,4 Cyl,Automatic,White,Gray,None reported,Yes,"$48,880",carfax_rebrowser_sample_oneprice,2026-04-26,SUV,22.0
Land Rover,Range Rover Evoque S,2026,"6,990 mi.",Gasoline,4 Cyl,Automatic,Gray,Black,None reported,Yes,"$47,500",carfax_rebrowser_sample_oneprice,2026-04-26,SUV,22.0
Volvo,XC60 B5 Plus,2026,"2,553 mi.",Gasoline,4 Cyl,Automatic,White,Tan,None reported,Yes,"$56,180",carfax_rebrowser_sample_oneprice,2026-04-26,SUV,26.0
Lexus,RX 500h,2024,"17,909 mi.",Hybrid,4 Cyl,Automatic,Black,Red,None reported,Yes,"$62,390",carfax_rebrowser_sample_oneprice,2026-04-26,SUV,
Volvo,XC60 B5 Ultra,2026,"3,399 mi.",Gasoline,4 Cyl,Automatic,Blue,Tan,None reported,Yes,"$57,800",carfax_rebrowser_sample_oneprice,2026-04-26,SUV,26.0
Volvo,XC60 B5 Ultra,2026,"2,818 mi.",Gasoline,4 Cyl,Automatic,Blue,Tan,None reported,Yes,"$58,480",carfax_rebrowser_sample_oneprice,2026-04-26,SUV,26.0
Land Rover,Range Rover Evoque S,2026,"5,111 mi.",Gasoline,4 Cyl,Automatic,White,Black,None reported,Yes,"$48,970",carfax_rebrowser_sample_oneprice,2026-04-26,SUV,22.0
Land Rover,Range Rover Evoque Dynamic SE,2026,"16,432 mi.",Gasoline,4 Cyl,Automatic,White,Black,None reported,Yes,"$53,270",carfax_rebrowser_sample_oneprice,2026-04-26,SUV,22.0
Jaguar,F-Pace R-Dynamic S,2026,"7,481 mi.",Gasoline,4 Cyl,Automatic,White,Black,None reported,Yes,"$53,540",carfax_rebrowser_sample_oneprice,2026-04-26,SUV,24.0
Mercedes-Benz,GLC 300,2026,40 mi.,Gasoline,4 Cyl,Automatic,Silver,Black,None reported,Yes,"$50,860",carfax_rebrowser_sample_oneprice,2026-04-26,SUV,27.0
Mercedes-Benz,GLC 300,2026,"2,518 mi.",Gasoline,4 Cyl,Automatic,White,Gray,None reported,Yes,"$54,030",carfax_rebrowser_sample_oneprice,2026-04-26,SUV,26.0
Volvo,XC90 B5 Core,2026,"2,110 mi.",Gasoline,4 Cyl,Automatic,White,Tan,None reported,Yes,"$58,060",carfax_rebrowser_sample_oneprice,2026-04-26,SUV,23.0
Volvo,XC60 B5 Plus,2026,"2,457 mi.",Gasoline,4 Cyl,Automatic,Gray,Tan,None reported,Yes,"$56,840",carfax_rebrowser_sample_oneprice,2026-04-26,SUV,26.0
Volvo,XC90 B5 Core,2026,"3,326 mi.",Gasoline,4 Cyl,Automatic,White,Tan,None reported,Yes,"$57,720",carfax_rebrowser_sample_oneprice,2026-04-26,SUV,23.0
Land Rover,Range Rover Velar S,2026,"4,722 mi.",Gasoline,4 Cyl,Automatic,White,Black,None reported,Yes,"$58,030",carfax_rebrowser_sample_oneprice,2026-04-26,SUV,23.0
Land Rover,Range Rover Velar S,2026,"4,667 mi.",Gasoline,4 Cyl,Automatic,Black,Black,None reported,Yes,"$58,430",carfax_rebrowser_sample_oneprice,2026-04-26,SUV,23.0
Volvo,XC90 B6 Plus,2026,"2,005 mi.",Gasoline,4 Cyl,Automatic,Blue,Tan,None reported,Yes,"$72,290",carfax_rebrowser_sample_oneprice,2026-04-26,SUV,23.0
Volvo,XC90 B5 Core,2026,"4,981 mi.",Gasoline,4 Cyl,Automatic,White,Black,None reported,Yes,"$59,880",carfax_rebrowser_sample_oneprice,2026-04-26,SUV,23.0
Infiniti,QX60 Sport,2026,734 mi.,Gasoline,4 Cyl,Automatic,Gray,Black,None reported,Yes,"$53,420",carfax_rebrowser_sample_oneprice,2026-04-26,SUV,24.0
Acura,MDX Technology,2026,"1,831 mi.",Gasoline,6 Cyl,Automatic,White,Black,None reported,Yes,"$51,980",carfax_rebrowser_sample_oneprice,2026-04-26,SUV,22.0
Tesla,Model Y,2026,"8,812 mi.",Electric,Electric,Automatic,Black,White,None reported,Yes,"$43,420",carfax_rebrowser_sample_oneprice,2026-04-26,SUV,
Jeep,Wrangler Sport,2026,"13,375 mi.",Gasoline,6 Cyl,Automatic,Red,Black,None reported,Yes,"$50,090",carfax_rebrowser_sample_oneprice,2026-04-26,SUV,20.0
Tesla,Model Y Long Range,2026,"18,664 mi.",Electric,Electric,Automatic,Unknown,Unknown,None reported,Yes,"$45,840",carfax_rebrowser_sample_oneprice,2026-04-26,SUV,123.0
Hyundai,Palisade SEL,2026,"2,542 mi.",Gasoline,6 Cyl,Automatic,Unknown,Unknown,None reported,Yes,"$38,570",carfax_rebrowser_sample_oneprice,2026-04-26,SUV,20.0
Ford,Mustang Mach-E Premium,2026,480 mi.,Electric,Electric,Automatic,Green,Black,None reported,Yes,"$40,940",carfax_rebrowser_sample_oneprice,2026-04-26,SUV,110.0
Genesis,GV70,2026,"6,563 mi.",Gasoline,4 Cyl,Automatic,White,White,None reported,Yes,"$43,680",carfax_rebrowser_sample_oneprice,2026-04-26,SUV,22.0
Hyundai,Palisade Calligraphy,2026,"8,562 mi.",Gasoline,6 Cyl,Automatic,White,Gray,None reported,Yes,"$51,810",carfax_rebrowser_sample_oneprice,2026-04-26,SUV,21.0
Mercedes-Benz,GLC 300,2026,"3,162 mi.",Gasoline,4 Cyl,Automatic,Green,Tan,None reported,Yes,"$52,130",carfax_rebrowser_sample_oneprice,2026-04-26,SUV,27.0
BMW,X3 xDrive30,2026,"17,005 mi.",Gasoline,4 Cyl,Automatic,White,Unknown,None reported,Yes,"$45,940",carfax_rebrowser_sample_oneprice,2026-04-26,SUV,29.0
Toyota,4Runner SR5,2026,24 mi.,Gasoline,4 Cyl,Automatic,Black,Unknown,None reported,Yes,"$44,530",carfax_rebrowser_sample_oneprice,2026-04-26,SUV,22.0
Honda,Passport TrailSport,2026,"2,133 mi.",Gasoline,6 Cyl,Automatic,Orange,Black,None reported,Yes,"$45,850",carfax_rebrowser_sample_oneprice,2026-04-26,SUV,20.0
Acura,MDX Technology,2026,"2,300 mi.",Gasoline,6 Cyl,Automatic,Black,Black,None reported,Yes,"$51,050",carfax_rebrowser_sample_oneprice,2026-04-26,SUV,22.0
Toyota,Highlander Limited,2026,"2,791 mi.",Gasoline,4 Cyl,Automatic,Red,Unknown,None reported,Yes,"$53,180",carfax_rebrowser_sample_oneprice,2026-04-26,SUV,24.0
Mercedes-Benz,GLC 300,2026,"5,762 mi.",Gasoline,4 Cyl,Automatic,Black,Black,None reported,Yes,"$52,930",carfax_rebrowser_sample_oneprice,2026-04-26,SUV,26.0
Mercedes-Benz,GLC 300,2026,"2,912 mi.",Gasoline,4 Cyl,Automatic,Black,Black,None reported,Yes,"$51,120",carfax_rebrowser_sample_oneprice,2026-04-26,SUV,27.0
Infiniti,QX60 Luxe,2026,"3,069 mi.",Gasoline,4 Cyl,Automatic,Blue,Black,None reported,Yes,"$46,040",carfax_rebrowser_sample_oneprice,2026-04-26,SUV,24.0
Ford,Explorer Tremor,2026,"4,615 mi.",Gasoline,6 Cyl,Automatic,Gray,Black,None reported,Yes,"$46,310",carfax_rebrowser_sample_oneprice,2026-04-26,SUV,19.0
Infiniti,QX60 Luxe,2026,"10,641 mi.",Gasoline,4 Cyl,Automatic,White,Gray,None reported,Yes,"$46,640",carfax_rebrowser_sample_oneprice,2026-04-26,SUV,24.0
Hyundai,Palisade Limited,2026,16 mi.,Gasoline,6 Cyl,Automatic,Black,Gray,None reported,Yes,"$48,050",carfax_rebrowser_sample_oneprice,2026-04-26,SUV,21.0
Hyundai,Palisade XRT,2026,"5,221 mi.",Gasoline,6 Cyl,Automatic,White,Black,None reported,Yes,"$48,700",carfax_rebrowser_sample_oneprice,2026-04-26,SUV,19.0
Toyota,Grand Highlander XLE,2026,"3,886 mi.",Hybrid,4 Cyl,Automatic,White,Gray,None reported,Yes,"$51,650",carfax_rebrowser_sample_oneprice,2026-04-26,SUV,34.0
Honda,Passport TrailSport,2026,"9,346 mi.",Gasoline,6 Cyl,Automatic,Green,Black,None reported,Yes,"$50,320",carfax_rebrowser_sample_oneprice,2026-04-26,SUV,20.0
Hyundai,Santa Fe Calligraphy,2026,"6,646 mi.",Hybrid,4 Cyl,Automatic,Brown,Black,None reported,Yes,"$42,360",carfax_rebrowser_sample_oneprice,2026-04-26,SUV,36.0
Chevrolet,Traverse Z71,2026,"7,579 mi.",Gasoline,4 Cyl,Automatic,Gray,Black,None reported,Yes,"$48,270",carfax_rebrowser_sample_oneprice,2026-04-26,SUV,21.0
Jeep,Wrangler Rubicon,2026,"4,126 mi.",Gasoline,4 Cyl,Automatic,Blue,Black,None reported,Yes,"$54,400",carfax_rebrowser_sample_oneprice,2026-04-26,SUV,21.0
Chevrolet,Traverse Z71,2026,"5,448 mi.",Gasoline,4 Cyl,Automatic,Gray,Black,None reported,Yes,"$49,800",carfax_rebrowser_sample_oneprice,2026-04-26,SUV,21.0
Nissan,Pathfinder Platinum,2026,"3,590 mi.",Gasoline,6 Cyl,Automatic,Gray,Brown,None reported,Yes,"$47,510",carfax_rebrowser_sample_oneprice,2026-04-26,SUV,23.0
Acura,MDX Technology,2026,"8,646 mi.",Gasoline,6 Cyl,Automatic,Black,Brown,None reported,Yes,"$50,400",carfax_rebrowser_sample_oneprice,2026-04-26,SUV,22.0
Chevrolet,Traverse,2026,"6,688 mi.",Gasoline,4 Cyl,Automatic,Black,Black,None reported,Yes,"$52,470",carfax_rebrowser_sample_oneprice,2026-04-26,SUV,22.0
Volkswagen,Atlas SEL,2026,"4,941 mi.",Gasoline,4 Cyl,Automatic,Black,Black,None reported,Yes,"$48,640",carfax_rebrowser_sample_oneprice,2026-04-26,SUV,22.0
Genesis,GV70 Advanced,2026,"17,659 mi.",Gasoline,4 Cyl,Automatic,Silver,Gray,None reported,Yes,"$49,180",carfax_rebrowser_sample_oneprice,2026-04-26,SUV,22.0
Mercedes-Benz,GLC 300,2026,"67,885 mi.",Gasoline,4 Cyl,Automatic,Black,Black,None reported,Yes,"$44,310",carfax_rebrowser_sample_oneprice,2026-04-26,SUV,26.0
Tesla,Model Y Long Range,2026,"17,133 mi.",Electric,Electric,Automatic,Gray,Black,None reported,Yes,"$46,450",carfax_rebrowser_sample_oneprice,2026-04-26,SUV,123.0
BMW,X3 xDrive30,2026,"19,384 mi.",Gasoline,4 Cyl,Automatic,Gray,Black,None reported,Yes,"$47,600",carfax_rebrowser_sample_oneprice,2026-04-26,SUV,29.0
Mercedes-Benz,GLC 300,2026,"5,850 mi.",Gasoline,4 Cyl,Automatic,Black,Tan,None reported,Yes,"$49,290",carfax_rebrowser_sample_oneprice,2026-04-26,SUV,27.0
Honda,Passport TrailSport,2026,"6,748 mi.",Gasoline,6 Cyl,Automatic,Black,Black,None reported,Yes,"$46,350",carfax_rebrowser_sample_oneprice,2026-04-26,SUV,20.0
Mazda,CX-70 Premium Plus,2026,"2,941 mi.",Gasoline,6 Cyl,Automatic,Gray,Black,None reported,Yes,"$45,640",carfax_rebrowser_sample_oneprice,2026-04-26,SUV,
Hyundai,Palisade Calligraphy,2026,"6,891 mi.",Hybrid,4 Cyl,Automatic,Black,Gray,None reported,Yes,"$55,030",carfax_rebrowser_sample_oneprice,2026-04-26,SUV,29.0
Honda,Passport TrailSport,2026,"3,374 mi.",Gasoline,6 Cyl,Automatic,White,Unknown,None reported,Yes,"$46,290",carfax_rebrowser_sample_oneprice,2026-04-26,SUV,20.0
Toyota,4Runner Limited Edition,2026,260 mi.,Hybrid,4 Cyl,Automatic,Red,Black,None reported,Yes,"$67,290",carfax_rebrowser_sample_oneprice,2026-04-26,SUV,23.0
Cadillac,Lyriq Sport,2026,459 mi.,Electric,Electric,Automatic,White,Gray,None reported,Yes,"$63,050",carfax_rebrowser_sample_oneprice,2026-04-26,SUV,92.0
Hyundai,Palisade Limited,2026,"12,422 mi.",Gasoline,6 Cyl,Automatic,White,Black,None reported,Yes,"$46,810",carfax_rebrowser_sample_oneprice,2026-04-26,SUV,21.0
Toyota,Highlander Limited,2026,"10,721 mi.",Gasoline,4 Cyl,Automatic,White,Black,None reported,Yes,"$50,640",carfax_rebrowser_sample_oneprice,2026-04-26,SUV,24.0
Ford,Explorer ST-Line,2026,"10,736 mi.",Gasoline,4 Cyl,Automatic,Gray,Black,None reported,Yes,"$43,650",carfax_rebrowser_sample_oneprice,2026-04-26,SUV,24.0
Acura,MDX Technology,2026,"5,572 mi.",Gasoline,6 Cyl,Automatic,White,Black,None reported,Yes,"$52,180",carfax_rebrowser_sample_oneprice,2026-04-26,SUV,22.0
Acura,RDX Advance,2026,349 mi.,Gasoline,4 Cyl,Automatic,Blue,Unknown,None reported,Yes,"$49,360",carfax_rebrowser_sample_oneprice,2026-04-26,SUV,23.0
Hyundai,Palisade Calligraphy,2026,"2,069 mi.",Gasoline,6 Cyl,Automatic,Red,Black,None reported,Yes,"$53,580",carfax_rebrowser_sample_oneprice,2026-04-26,SUV,20.0
BMW,X1 xDrive28i,2026,"8,845 mi.",Gasoline,4 Cyl,Automatic,White,Black,None reported,Yes,"$43,580",carfax_rebrowser_sample_oneprice,2026-04-26,SUV,28.0
BMW,X3 xDrive30,2026,"3,963 mi.",Gasoline,4 Cyl,Automatic,White,Brown,None reported,Yes,"$50,660",carfax_rebrowser_sample_oneprice,2026-04-26,SUV,29.0
Hyundai,Palisade Calligraphy,2026,"10,850 mi.",Gasoline,6 Cyl,Automatic,Gray,Gray,None reported,Yes,"$51,870",carfax_rebrowser_sample_oneprice,2026-04-26,SUV,20.0
Mazda,CX-90 Premium Sport,2026,257 mi.,Gasoline,6 Cyl,Automatic,White,Gray,None reported,Yes,"$42,490",carfax_rebrowser_sample_oneprice,2026-04-26,SUV,25.0
Toyota,Grand Highlander XLE,2026,279 mi.,Gasoline,4 Cyl,Automatic,White,Black,None reported,Yes,"$50,020",carfax_rebrowser_sample_oneprice,2026-04-26,SUV,
Hyundai,Palisade Calligraphy,2026,"11,884 mi.",Gasoline,6 Cyl,Automatic,White,Black,None reported,Yes,"$49,470",carfax_rebrowser_sample_oneprice,2026-04-26,SUV,21.0
BMW,X3 xDrive30,2026,"4,302 mi.",Gasoline,4 Cyl,Automatic,Gray,Black,None reported,Yes,"$53,040",carfax_rebrowser_sample_oneprice,2026-04-26,SUV,29.0
Hyundai,Palisade Calligraphy,2026,"10,895 mi.",Gasoline,6 Cyl,Automatic,White,Brown,None reported,Yes,"$51,960",carfax_rebrowser_sample_oneprice,2026-04-26,SUV,21.0
Mercedes-Benz,GLC 300,2026,"2,632 mi.",Gasoline,4 Cyl,Automatic,Black,Black,None reported,Yes,"$54,560",carfax_rebrowser_sample_oneprice,2026-04-26,SUV,26.0
Toyota,Highlander XLE,2026,"3,907 mi.",Gasoline,4 Cyl,Automatic,Unknown,Black,None reported,Yes,"$47,940",carfax_rebrowser_sample_oneprice,2026-04-26,SUV,24.0
Mercedes-Benz,GLC 300,2026,"4,247 mi.",Gasoline,4 Cyl,Automatic,Black,Black,None reported,Yes,"$49,940",carfax_rebrowser_sample_oneprice,2026-04-26,SUV,27.0
Hyundai,Palisade Calligraphy,2026,"1,751 mi.",Hybrid,4 Cyl,Automatic,Green,Gray,None reported,Yes,"$55,840",carfax_rebrowser_sample_oneprice,2026-04-26,SUV,
Mercedes-Benz,GLC 300,2026,"1,311 mi.",Gasoline,4 Cyl,Automatic,Green,Unknown,None reported,Yes,"$51,930",carfax_rebrowser_sample_oneprice,2026-04-26,SUV,27.0
BMW,X3 xDrive30,2026,"9,941 mi.",Gasoline,4 Cyl,Automatic,Blue,Brown,None reported,Yes,"$52,140",carfax_rebrowser_sample_oneprice,2026-04-26,SUV,29.0
Toyota,Crown Signia Limited,2026,"4,792 mi.",Hybrid,4 Cyl,Automatic,Unknown,Black,None reported,Yes,"$50,280",carfax_rebrowser_sample_oneprice,2026-04-26,SUV,38.0
Toyota,Grand Highlander XLE,2026,"31,264 mi.",Hybrid,4 Cyl,Automatic,Blue,Black,None reported,Yes,"$49,740",carfax_rebrowser_sample_oneprice,2026-04-26,SUV,34.0
Ford,Explorer Platinum,2026,285 mi.,Gasoline,4 Cyl,Automatic,Red,Black,None reported,Yes,"$51,690",carfax_rebrowser_sample_oneprice,2026-04-26,SUV,23.0
Hyundai,Palisade XRT,2026,"3,559 mi.",Gasoline,6 Cyl,Automatic,Gray,Black,None reported,Yes,"$48,320",carfax_rebrowser_sample_oneprice,2026-04-26,SUV,19.0
Nissan,Armada SV,2026,"11,641 mi.",Gasoline,6 Cyl,Automatic,Black,Black,None reported,Yes,"$50,740",carfax_rebrowser_sample_oneprice,2026-04-26,SUV,18.0
Lexus,RX 350,2026,"1,128 mi.",Gasoline,4 Cyl,Automatic,Gray,Brown,None reported,Yes,"$57,530",carfax_rebrowser_sample_oneprice,2026-04-26,SUV,25.0
Ford,Bronco Raptor,2024,"18,004 mi.",Gasoline,6 Cyl,Automatic,Black,Black,None reported,Yes,"$69,780",carfax_rebrowser_sample_oneprice,2026-04-26,SUV,15.0
Toyota,4Runner TRD Off Road,2026,156 mi.,Gasoline,4 Cyl,Automatic,White,Black,None reported,Yes,"$60,670",carfax_rebrowser_sample_oneprice,2026-04-26,SUV,21.0
Acura,MDX Technology,2026,913 mi.,Gasoline,6 Cyl,Automatic,White,Black,None reported,Yes,"$53,610",carfax_rebrowser_sample_oneprice,2026-04-26,SUV,22.0
Mercedes-Benz,GLC 300,2026,"3,892 mi.",Gasoline,4 Cyl,Automatic,Silver,Black,None reported,Yes,"$50,710",carfax_rebrowser_sample_oneprice,2026-04-26,SUV,27.0
Hyundai,Palisade Calligraphy,2026,"4,168 mi.",Gasoline,6 Cyl,Automatic,Gray,Gray,None reported,Yes,"$52,060",carfax_rebrowser_sample_oneprice,2026-04-26,SUV,20.0
Acura,MDX A-Spec,2026,"17,407 mi.",Gasoline,6 Cyl,Automatic,Black,Black,None reported,Yes,"$53,760",carfax_rebrowser_sample_oneprice,2026-04-26,SUV,21.0
Mercedes-Benz,GLA 250,2026,"3,639 mi.",Gasoline,4 Cyl,Automatic,Black,Black,None reported,Yes,"$46,840",carfax_rebrowser_sample_oneprice,2026-04-26,SUV,28.0
Mercedes-Benz,GLC 300,2026,"2,914 mi.",Gasoline,4 Cyl,Automatic,Green,Brown,None reported,Yes,"$49,670",carfax_rebrowser_sample_oneprice,2026-04-26,SUV,27.0
Hyundai,Palisade Calligraphy,2026,"6,785 mi.",Gasoline,6 Cyl,Automatic,Blue,Black,None reported,Yes,"$52,690",carfax_rebrowser_sample_oneprice,2026-04-26,SUV,20.0
Toyota,Grand Highlander Limited,2026,"2,001 mi.",Gasoline,4 Cyl,Automatic,Blue,Unknown,None reported,Yes,"$55,090",carfax_rebrowser_sample_oneprice,2026-04-26,SUV,22.0
Honda,Passport TrailSport,2026,"11,254 mi.",Gasoline,6 Cyl,Automatic,Black,Brown,None reported,Yes,"$48,800",carfax_rebrowser_sample_oneprice,2026-04-26,SUV,20.0
Audi,Q7 Premium Plus,2026,"1,015 mi.",Gasoline,6 Cyl,Automatic,Gray,Black,None reported,Yes,"$66,140",carfax_rebrowser_sample_oneprice,2026-04-26,SUV,20.0
Land Rover,Range Rover Evoque S,2026,"6,759 mi.",Gasoline,4 Cyl,Automatic,Black,Black,None reported,Yes,"$47,290",carfax_rebrowser_sample_oneprice,2026-04-26,SUV,22.0
Genesis,GV70 Sport Prestige,2026,"6,938 mi.",Gasoline,4 Cyl,Automatic,White,Black,None reported,Yes,"$49,940",carfax_rebrowser_sample_oneprice,2026-04-26,SUV,22.0
Chevrolet,Traverse,2026,"5,999 mi.",Gasoline,4 Cyl,Automatic,Black,Black,None reported,Yes,"$56,240",carfax_rebrowser_sample_oneprice,2026-04-26,SUV,21.0
Chevrolet,Traverse High Country,2026,188 mi.,Gasoline,4 Cyl,Automatic,White,Gray,None reported,Yes,"$56,310",carfax_rebrowser_sample_oneprice,2026-04-26,SUV,22.0
Chevrolet,Traverse High Country,2026,"12,079 mi.",Gasoline,4 Cyl,Automatic,Gray,Gray,None reported,Yes,"$53,100",carfax_rebrowser_sample_oneprice,2026-04-26,SUV,22.0
Toyota,4Runner TRD Off Road,2026,"2,614 mi.",Gasoline,4 Cyl,Automatic,Blue,Black,None reported,Yes,"$61,560",carfax_rebrowser_sample_oneprice,2026-04-26,SUV,21.0
Ford,Explorer ST,2026,"2,091 mi.",Gasoline,6 Cyl,Automatic,Blue,Black,None reported,Yes,"$57,940",carfax_rebrowser_sample_oneprice,2026-04-26,SUV,20.0
Hyundai,Palisade Calligraphy,2026,"2,815 mi.",Gasoline,6 Cyl,Automatic,White,Black,None reported,Yes,"$50,130",carfax_rebrowser_sample_oneprice,2026-04-26,SUV,21.0
Hyundai,Palisade Calligraphy,2026,"6,953 mi.",Gasoline,6 Cyl,Automatic,Gray,Black,None reported,Yes,"$52,030",carfax_rebrowser_sample_oneprice,2026-04-26,SUV,21.0
Ford,Explorer ST,2026,"5,757 mi.",Gasoline,6 Cyl,Automatic,Gray,Black,None reported,Yes,"$56,380",carfax_rebrowser_sample_oneprice,2026-04-26,SUV,20.0
Volvo,XC60 B5 Ultra,2026,"5,044 mi.",Gasoline,4 Cyl,Automatic,White,Tan,None reported,Yes,"$57,080",carfax_rebrowser_sample_oneprice,2026-04-26,SUV,26.0
Subaru,Ascent Touring,2026,209 mi.,Gasoline,4 Cyl,Automatic,White,Black,None reported,Yes,"$51,430",carfax_rebrowser_sample_oneprice,2026-04-26,SUV,22.0
Mercedes-Benz,GLC 300,2026,344 mi.,Gasoline,4 Cyl,Automatic,White,Tan,None reported,Yes,"$53,680",carfax_rebrowser_sample_oneprice,2026-04-26,SUV,26.0
Mercedes-Benz,GLC 300,2026,"1,408 mi.",Gasoline,4 Cyl,Automatic,Green,Black,None reported,Yes,"$56,450",carfax_rebrowser_sample_oneprice,2026-04-26,SUV,26.0
BMW,X3 xDrive30,2026,"6,155 mi.",Gasoline,4 Cyl,Automatic,Gray,Tan,None reported,Yes,"$51,630",carfax_rebrowser_sample_oneprice,2026-04-26,SUV,29.0
BMW,X3 xDrive30,2026,"1,228 mi.",Gasoline,4 Cyl,Automatic,Blue,Tan,None reported,Yes,"$55,110",carfax_rebrowser_sample_oneprice,2026-04-26,SUV,29.0
Acura,MDX Technology,2026,"4,029 mi.",Gasoline,6 Cyl,Automatic,Silver,Black,None reported,Yes,"$52,830",carfax_rebrowser_sample_oneprice,2026-04-26,SUV,21.0
Lexus,RX 350,2026,"3,704 mi.",Gasoline,4 Cyl,Automatic,Black,Gray,None reported,Yes,"$57,110",carfax_rebrowser_sample_oneprice,2026-04-26,SUV,24.0
Volvo,XC60 B5 Plus,2026,"4,516 mi.",Gasoline,4 Cyl,Automatic,Black,Black,None reported,Yes,"$56,670",carfax_rebrowser_sample_oneprice,2026-04-26,SUV,26.0
Volvo,XC40 B5 Plus,2026,"3,900 mi.",Gasoline,4 Cyl,Automatic,White,Black,None reported,Yes,"$50,520",carfax_rebrowser_sample_oneprice,2026-04-26,SUV,26.0
Acura,MDX A-Spec,2026,"1,752 mi.",Gasoline,6 Cyl,Automatic,Black,Black,None reported,Yes,"$58,390",carfax_rebrowser_sample_oneprice,2026-04-26,SUV,21.0
BMW,X3 xDrive30,2026,"1,750 mi.",Gasoline,4 Cyl,Automatic,Gray,Tan,None reported,Yes,"$55,690",carfax_rebrowser_sample_oneprice,2026-04-26,SUV,29.0
BMW,X3 xDrive30,2026,"9,361 mi.",Gasoline,4 Cyl,Automatic,Black,Yellow,None reported,Yes,"$51,510",carfax_rebrowser_sample_oneprice,2026-04-26,SUV,29.0
Honda,Passport TrailSport,2026,"13,400 mi.",Gasoline,6 Cyl,Automatic,Black,Black,None reported,Yes,"$48,690",carfax_rebrowser_sample_oneprice,2026-04-26,SUV,20.0
Lexus,NX 350h,2026,409 mi.,Hybrid,4 Cyl,Automatic,Green,Brown,None reported,Yes,"$54,530",carfax_rebrowser_sample_oneprice,2026-04-26,SUV,39.0
Land Rover,Range Rover Evoque S,2026,"7,213 mi.",Gasoline,4 Cyl,Automatic,Blue,Black,None reported,Yes,"$49,370",carfax_rebrowser_sample_oneprice,2026-04-26,SUV,22.0
Ford,Explorer ST,2026,283 mi.,Gasoline,6 Cyl,Automatic,Black,Black,None reported,Yes,"$58,870",carfax_rebrowser_sample_oneprice,2026-04-26,SUV,20.0
Honda,Pilot TrailSport,2026,"4,120 mi.",Gasoline,6 Cyl,Automatic,Gray,Black,None reported,Yes,"$49,330",carfax_rebrowser_sample_oneprice,2026-04-26,SUV,20.0
Acura,MDX Advance,2026,"6,736 mi.",Gasoline,6 Cyl,Automatic,Gray,Black,None reported,Yes,"$59,810",carfax_rebrowser_sample_oneprice,2026-04-26,SUV,21.0
Acura,RDX Advance,2026,"2,784 mi.",Gasoline,4 Cyl,Automatic,White,Black,None reported,Yes,"$52,760",carfax_rebrowser_sample_oneprice,2026-04-26,SUV,23.0
Mercedes-Benz,GLB 250,2026,"4,441 mi.",Gasoline,4 Cyl,Automatic,Black,Black,None reported,Yes,"$47,680",carfax_rebrowser_sample_oneprice,2026-04-26,SUV,27.0
Land Rover,Range Rover Evoque S,2026,"8,124 mi.",Gasoline,4 Cyl,Automatic,Blue,Black,None reported,Yes,"$49,270",carfax_rebrowser_sample_oneprice,2026-04-26,SUV,22.0
Volvo,XC90 B5 Plus,2026,"6,147 mi.",Gasoline,4 Cyl,Automatic,Black,Tan,None reported,Yes,"$64,810",carfax_rebrowser_sample_oneprice,2026-04-26,SUV,23.0
Volvo,XC60 B5 Plus,2026,"4,296 mi.",Gasoline,4 Cyl,Automatic,Silver,Black,None reported,Yes,"$55,390",carfax_rebrowser_sample_oneprice,2026-04-26,SUV,26.0
Acura,RDX Advance,2026,"2,040 mi.",Gasoline,4 Cyl,Automatic,Gray,Black,None reported,Yes,"$53,160",carfax_rebrowser_sample_oneprice,2026-04-26,SUV,23.0
Hyundai,Palisade Calligraphy,2026,12 mi.,Gasoline,6 Cyl,Automatic,White,Black,None reported,Yes,"$55,930",carfax_rebrowser_sample_oneprice,2026-04-26,SUV,20.0
Jeep,Wagoneer Limited,2025,"8,210 mi.",Electric,Electric,Automatic,Silver,Black,None reported,Yes,"$38,930",carfax_rebrowser_sample_oneprice,2026-04-26,SUV,
Ford,Expedition MAX Limited,2024,"63,929 mi.",Gasoline,6 Cyl,Automatic,White,Brown,None reported,Yes,"$49,840",carfax_rebrowser_sample_oneprice,2026-04-26,SUV,
Lexus,NX 350,2024,"23,430 mi.",Gasoline,4 Cyl,Automatic,White,Black,None reported,Yes,"$46,750",carfax_rebrowser_sample_oneprice,2026-04-26,SUV,24.0
Audi,Q8 Premium Plus,2024,"29,663 mi.",Gasoline,6 Cyl,Automatic,Blue,Gray,None reported,Yes,"$58,470",carfax_rebrowser_sample_oneprice,2026-04-26,SUV,19.0
Toyota,Highlander Platinum,2024,"20,851 mi.",Gasoline,4 Cyl,Automatic,White,Unknown,None reported,Yes,"$50,430",carfax_rebrowser_sample_oneprice,2026-04-26,SUV,24.0
Ford,Expedition Limited,2024,"47,877 mi.",Gasoline,6 Cyl,Automatic,Black,Brown,None reported,Yes,"$54,810",carfax_rebrowser_sample_oneprice,2026-04-26,SUV,18.0
Chevrolet,Traverse,2024,"38,848 mi.",Gasoline,4 Cyl,Automatic,Red,Black,None reported,Yes,"$48,990",carfax_rebrowser_sample_oneprice,2026-04-26,SUV,21.0
Volvo,XC90 T8 Plus,2024,"37,366 mi.",Hybrid,4 Cyl,Automatic,Gray,Tan,None reported,Yes,"$49,530",carfax_rebrowser_sample_oneprice,2026-04-26,SUV,27.0
Honda,Pilot TrailSport,2024,"28,324 mi.",Gasoline,6 Cyl,Automatic,Blue,Black,None reported,Yes,"$44,160",carfax_rebrowser_sample_oneprice,2026-04-26,SUV,20.0
Ford,Expedition Limited,2024,"69,797 mi.",Gasoline,6 Cyl,Automatic,White,Tan,None reported,Yes,"$49,990",carfax_rebrowser_sample_oneprice,2026-04-26,SUV,18.0
Jeep,Wrangler Sahara,2024,"4,873 mi.",Gasoline,6 Cyl,Automatic,Red,Black,None reported,Yes,"$47,060",carfax_rebrowser_sample_oneprice,2026-04-26,SUV,20.0
Toyota,Highlander XSE,2024,"14,612 mi.",Gasoline,4 Cyl,Automatic,White,Black,None reported,Yes,"$45,790",carfax_rebrowser_sample_oneprice,2026-04-26,SUV,24.0
Dodge,Durango R/T,2024,"21,802 mi.",Gasoline,8 Cyl,Automatic,Gray,Red,None reported,Yes,"$46,750",carfax_rebrowser_sample_oneprice,2026-04-26,SUV,17.0
Volvo,XC90 T8 Ultimate,2024,"33,542 mi.",Hybrid,4 Cyl,Automatic,White,Yellow,None reported,Yes,"$55,420",carfax_rebrowser_sample_oneprice,2026-04-26,SUV,27.0
Jeep,Wagoneer Series III,2024,"65,075 mi.",Gasoline,6 Cyl,Automatic,Black,Black,None reported,Yes,"$46,170",carfax_rebrowser_sample_oneprice,2026-04-26,SUV,19.0
Jeep,Grand Cherokee Summit,2024,"21,158 mi.",Gasoline,6 Cyl,Automatic,Red,Tan,None reported,Yes,"$48,390",carfax_rebrowser_sample_oneprice,2026-04-26,SUV,22.0
Ford,Transit XLT,2025,25 mi.,Flexible-Fuel,6 Cyl,Automatic,White,Gray,None reported,Yes,"$55,870",carfax_rebrowser_sample_oneprice,2026-04-26,Van,
Chevrolet,Traverse,2024,"17,885 mi.",Gasoline,4 Cyl,Automatic,Gray,Black,None reported,Yes,"$52,270",carfax_rebrowser_sample_oneprice,2026-04-26,SUV,21.0
Acura,MDX Technology,2024,"20,861 mi.",Gasoline,6 Cyl,Automatic,Gray,Black,None reported,Yes,"$46,140",carfax_rebrowser_sample_oneprice,2026-04-26,SUV,21.0
Nissan,Armada SL,2024,"22,729 mi.",Gasoline,8 Cyl,Automatic,Gray,Black,None reported,Yes,"$42,580",carfax_rebrowser_sample_oneprice,2026-04-26,SUV,15.0
Cadillac,XT6 Premium Luxury,2024,"25,215 mi.",Gasoline,6 Cyl,Automatic,White,Gray,None reported,Yes,"$44,820",carfax_rebrowser_sample_oneprice,2026-04-26,SUV,21.0
Toyota,4Runner SR5,2024,"38,919 mi.",Gasoline,6 Cyl,Automatic,Black,Gray,None reported,Yes,"$42,780",carfax_rebrowser_sample_oneprice,2026-04-26,SUV,17.0
Chevrolet,Traverse,2024,"17,556 mi.",Gasoline,4 Cyl,Automatic,Black,Black,None reported,Yes,"$51,910",carfax_rebrowser_sample_oneprice,2026-04-26,SUV,21.0
Volvo,XC90 T8 Ultimate,2024,"41,245 mi.",Hybrid,4 Cyl,Automatic,Black,Tan,None reported,Yes,"$51,400",carfax_rebrowser_sample_oneprice,2026-04-26,SUV,27.0
Chevrolet,Traverse,2024,"14,704 mi.",Gasoline,4 Cyl,Automatic,Gray,Black,None reported,Yes,"$52,550",carfax_rebrowser_sample_oneprice,2026-04-26,SUV,21.0
Dodge,Durango R/T,2024,"27,048 mi.",Gasoline,8 Cyl,Automatic,White,Red,None reported,Yes,"$45,890",carfax_rebrowser_sample_oneprice,2026-04-26,SUV,17.0
BMW,X3 xDrive30i,2024,"8,864 mi.",Gasoline,4 Cyl,Automatic,Gray,Tan,None reported,Yes,"$43,480",carfax_rebrowser_sample_oneprice,2026-04-26,SUV,24.0
Toyota,4Runner SR5,2024,"44,584 mi.",Gasoline,6 Cyl,Automatic,White,Black,None reported,Yes,"$42,580",carfax_rebrowser_sample_oneprice,2026-04-26,SUV,17.0
Toyota,Grand Highlander Platinum,2024,"32,271 mi.",Gasoline,4 Cyl,Automatic,White,Black,None reported,Yes,"$49,910",carfax_rebrowser_sample_oneprice,2026-04-26,SUV,
Toyota,4Runner SR5,2024,"45,460 mi.",Gasoline,6 Cyl,Automatic,Black,Black,None reported,Yes,"$42,410",carfax_rebrowser_sample_oneprice,2026-04-26,SUV,17.0
BMW,iX xDrive50,2024,"20,120 mi.",Electric,Electric,Automatic,White,Tan,None reported,Yes,"$53,980",carfax_rebrowser_sample_oneprice,2026-04-26,SUV,83.0
Jeep,Grand Cherokee Summit,2024,"22,817 mi.",Gasoline,6 Cyl,Automatic,Black,Black,None reported,Yes,"$50,340",carfax_rebrowser_sample_oneprice,2026-04-26,SUV,22.0
Jeep,Wagoneer Series II,2024,"58,023 mi.",Gasoline,6 Cyl,Automatic,White,Black,None reported,Yes,"$44,580",carfax_rebrowser_sample_oneprice,2026-04-26,SUV,19.0
Toyota,4Runner TRD Off Road,2024,"42,935 mi.",Gasoline,6 Cyl,Automatic,Black,Black,None reported,Yes,"$45,540",carfax_rebrowser_sample_oneprice,2026-04-26,SUV,17.0
Jeep,Grand Cherokee Summit,2024,"15,486 mi.",Gasoline,6 Cyl,Automatic,Gray,Black,None reported,Yes,"$49,570",carfax_rebrowser_sample_oneprice,2026-04-26,SUV,22.0
Toyota,Grand Highlander Limited,2024,"25,047 mi.",Gasoline,4 Cyl,Automatic,Black,Gray,None reported,Yes,"$48,750",carfax_rebrowser_sample_oneprice,2026-04-26,SUV,22.0
Jeep,Wagoneer Series II,2024,"37,713 mi.",Gasoline,6 Cyl,Automatic,Black,Black,None reported,Yes,"$50,270",carfax_rebrowser_sample_oneprice,2026-04-26,SUV,19.0
Ford,Bronco Big Bend,2024,"4,853 mi.",Gasoline,4 Cyl,Manual,Gray,Gray,None reported,Yes,"$41,230",carfax_rebrowser_sample_oneprice,2026-04-26,SUV,20.0
Jeep,Grand Cherokee Summit,2024,"29,587 mi.",Gasoline,6 Cyl,Automatic,Black,Tan,None reported,Yes,"$48,850",carfax_rebrowser_sample_oneprice,2026-04-26,SUV,22.0
Cadillac,XT6 Sport,2024,"29,171 mi.",Gasoline,6 Cyl,Automatic,Red,Black,None reported,Yes,"$45,920",carfax_rebrowser_sample_oneprice,2026-04-26,SUV,21.0
Volvo,XC90 T8 Ultimate,2024,"21,340 mi.",Hybrid,4 Cyl,Automatic,Gray,Black,None reported,Yes,"$57,630",carfax_rebrowser_sample_oneprice,2026-04-26,SUV,27.0
Nissan,Armada Platinum Edition,2024,"16,700 mi.",Gasoline,8 Cyl,Automatic,Gray,Black,None reported,Yes,"$51,020",carfax_rebrowser_sample_oneprice,2026-04-26,SUV,15.0
Genesis,GV80 3.5T,2024,"62,130 mi.",Gasoline,6 Cyl,Automatic,Gray,Black,None reported,Yes,"$41,670",carfax_rebrowser_sample_oneprice,2026-04-26,SUV,20.0
Toyota,Grand Highlander Platinum,2024,"15,440 mi.",Gasoline,4 Cyl,Automatic,Black,Black,None reported,Yes,"$52,620",carfax_rebrowser_sample_oneprice,2026-04-26,SUV,
Toyota,Grand Highlander Platinum,2024,"41,480 mi.",Gasoline,4 Cyl,Automatic,Blue,Black,None reported,Yes,"$47,060",carfax_rebrowser_sample_oneprice,2026-04-26,SUV,
Acura,MDX Technology,2024,"26,412 mi.",Gasoline,6 Cyl,Automatic,Black,Black,None reported,Yes,"$47,420",carfax_rebrowser_sample_oneprice,2026-04-26,SUV,21.0
Jeep,Wagoneer Series II,2024,"28,565 mi.",Gasoline,6 Cyl,Automatic,Black,Black,None reported,Yes,"$51,600",carfax_rebrowser_sample_oneprice,2026-04-26,SUV,19.0
Toyota,Grand Highlander Limited,2024,"34,422 mi.",Hybrid,4 Cyl,Automatic,White,Unknown,None reported,Yes,"$53,230",carfax_rebrowser_sample_oneprice,2026-04-26,SUV,27.0
Jeep,Grand Cherokee L Summit,2024,"15,633 mi.",Gasoline,6 Cyl,Automatic,Blue,Black,None reported,Yes,"$52,640",carfax_rebrowser_sample_oneprice,2026-04-26,SUV,21.0
Infiniti,QX60 Autograph,2024,"35,215 mi.",Gasoline,6 Cyl,Automatic,Red,Brown,None reported,Yes,"$46,800",carfax_rebrowser_sample_oneprice,2026-04-26,SUV,22.0
Cadillac,XT6 Premium Luxury,2024,"20,603 mi.",Gasoline,6 Cyl,Automatic,White,Gray,None reported,Yes,"$44,580",carfax_rebrowser_sample_oneprice,2026-04-26,SUV,21.0
Chevrolet,Tahoe LT,2024,"33,644 mi.",Diesel,6 Cyl,Automatic,Gray,Black,None reported,Yes,"$59,720",carfax_rebrowser_sample_oneprice,2026-04-26,SUV,22.0
Audi,Q8 e-tron Premium Plus,2024,"10,540 mi.",Electric,Electric,Automatic,Gray,Black,None reported,Yes,"$44,460",carfax_rebrowser_sample_oneprice,2026-04-26,SUV,81.0
Lexus,RX 350,2024,"33,611 mi.",Gasoline,4 Cyl,Automatic,Gray,Tan,None reported,Yes,"$51,160",carfax_rebrowser_sample_oneprice,2026-04-26,SUV,24.0
Jeep,Wrangler Rubicon,2024,"12,498 mi.",Gasoline,6 Cyl,Automatic,Black,Black,None reported,Yes,"$55,810",carfax_rebrowser_sample_oneprice,2026-04-26,SUV,17.0
Jeep,Wrangler Sport,2024,"19,375 mi.",Gasoline,6 Cyl,Automatic,Black,Black,None reported,Yes,"$40,640",carfax_rebrowser_sample_oneprice,2026-04-26,SUV,20.0
Jeep,Grand Wagoneer,2024,"58,346 mi.",Gasoline,6 Cyl,Automatic,Silver,Black,None reported,Yes,"$49,860",carfax_rebrowser_sample_oneprice,2026-04-26,SUV,17.0
Honda,Pilot Touring,2024,"31,693 mi.",Gasoline,6 Cyl,Automatic,Gray,Black,None reported,Yes,"$42,150",carfax_rebrowser_sample_oneprice,2026-04-26,SUV,21.0
Jeep,Grand Wagoneer Series II,2024,"63,408 mi.",Gasoline,6 Cyl,Automatic,Gray,Black,None reported,Yes,"$54,190",carfax_rebrowser_sample_oneprice,2026-04-26,SUV,17.0
Ford,Mustang Mach-E GT,2024,667 mi.,Electric,Electric,Automatic,Gray,Gray,None reported,Yes,"$41,950",carfax_rebrowser_sample_oneprice,2026-04-26,SUV,90.0
Jeep,Wagoneer Series III,2024,"35,703 mi.",Gasoline,6 Cyl,Automatic,Black,Black,None reported,Yes,"$54,980",carfax_rebrowser_sample_oneprice,2026-04-26,SUV,19.0
Lexus,NX 350,2024,"19,738 mi.",Gasoline,4 Cyl,Automatic,Black,Black,None reported,Yes,"$45,670",carfax_rebrowser_sample_oneprice,2026-04-26,SUV,24.0
Lincoln,Nautilus Reserve,2024,"22,219 mi.",Hybrid,4 Cyl,Automatic,White,Black,None reported,Yes,"$43,230",carfax_rebrowser_sample_oneprice,2026-04-26,SUV,30.0
Jeep,Wagoneer Series II,2024,"40,409 mi.",Gasoline,6 Cyl,Automatic,Black,Black,None reported,Yes,"$51,280",carfax_rebrowser_sample_oneprice,2026-04-26,SUV,19.0
Lincoln,Nautilus Black Label,2024,"24,657 mi.",Gasoline,4 Cyl,Automatic,White,Unknown,None reported,Yes,"$56,850",carfax_rebrowser_sample_oneprice,2026-04-26,SUV,24.0
Genesis,GV80 3.5T,2024,"26,431 mi.",Gasoline,6 Cyl,Automatic,Red,Black,None reported,Yes,"$56,590",carfax_rebrowser_sample_oneprice,2026-04-26,SUV,20.0
Genesis,GV80 3.5T,2024,"21,469 mi.",Gasoline,6 Cyl,Automatic,Black,Tan,None reported,Yes,"$56,530",carfax_rebrowser_sample_oneprice,2026-04-26,SUV,20.0
Toyota,Grand Highlander Platinum,2024,"7,900 mi.",Gasoline,4 Cyl,Automatic,Black,Black,None reported,Yes,"$54,070",carfax_rebrowser_sample_oneprice,2026-04-26,SUV,
Lincoln,Nautilus Reserve,2024,"19,832 mi.",Gasoline,4 Cyl,Automatic,Red,Black,None reported,Yes,"$51,670",carfax_rebrowser_sample_oneprice,2026-04-26,SUV,24.0
Volvo,XC90 T8 Plus,2024,"8,606 mi.",Hybrid,4 Cyl,Automatic,Blue,Tan,None reported,Yes,"$52,720",carfax_rebrowser_sample_oneprice,2026-04-26,SUV,27.0
Lexus,TX 350,2024,"6,557 mi.",Gasoline,4 Cyl,Automatic,Gray,Black,None reported,Yes,"$60,990",carfax_rebrowser_sample_oneprice,2026-04-26,SUV,23.0
Genesis,GV70 Sport,2024,"32,069 mi.",Gasoline,6 Cyl,Automatic,Black,Black,None reported,Yes,"$45,450",carfax_rebrowser_sample_oneprice,2026-04-26,SUV,20.0
BMW,X3 xDrive30i,2024,"5,057 mi.",Gasoline,4 Cyl,Automatic,Blue,Tan,None reported,Yes,"$45,490",carfax_rebrowser_sample_oneprice,2026-04-26,SUV,24.0
Jeep,Grand Cherokee Summit,2024,"13,002 mi.",Gasoline,6 Cyl,Automatic,White,Black,None reported,Yes,"$50,790",carfax_rebrowser_sample_oneprice,2026-04-26,SUV,22.0
Lexus,RX 350,2024,"54,764 mi.",Gasoline,4 Cyl,Automatic,White,Brown,None reported,Yes,"$46,470",carfax_rebrowser_sample_oneprice,2026-04-26,SUV,24.0
Chevrolet,Tahoe Premier,2024,"55,212 mi.",Gasoline,8 Cyl,Automatic,White,Black,None reported,Yes,"$57,070",carfax_rebrowser_sample_oneprice,2026-04-26,SUV,16.0
Genesis,GV80 3.5T,2024,"12,323 mi.",Gasoline,6 Cyl,Automatic,Blue,Brown,None reported,Yes,"$58,340",carfax_rebrowser_sample_oneprice,2026-04-26,SUV,20.0
Volvo,XC90 T8 Ultimate,2024,"26,058 mi.",Hybrid,4 Cyl,Automatic,Black,Black,None reported,Yes,"$55,630",carfax_rebrowser_sample_oneprice,2026-04-26,SUV,27.0
Audi,Q8 e-tron Premium Plus,2024,"16,792 mi.",Electric,Electric,Automatic,Gray,Black,None reported,Yes,"$45,350",carfax_rebrowser_sample_oneprice,2026-04-26,SUV,86.0
Jeep,Wagoneer Series II,2024,"48,800 mi.",Gasoline,6 Cyl,Automatic,Gray,Black,None reported,Yes,"$48,930",carfax_rebrowser_sample_oneprice,2026-04-26,SUV,19.0
Toyota,Grand Highlander Limited,2024,"31,762 mi.",Gasoline,4 Cyl,Automatic,White,Gray,None reported,Yes,"$46,410",carfax_rebrowser_sample_oneprice,2026-04-26,SUV,22.0
Chevrolet,Tahoe Z71,2024,"75,177 mi.",Gasoline,8 Cyl,Automatic,Gray,Black,None reported,Yes,"$55,180",carfax_rebrowser_sample_oneprice,2026-04-26,SUV,16.0
Ford,Bronco Wildtrak,2024,"55,816 mi.",Gasoline,6 Cyl,Automatic,White,Tan,None reported,Yes,"$47,470",carfax_rebrowser_sample_oneprice,2026-04-26,SUV,17.0
Jeep,Wagoneer Series III,2024,"64,608 mi.",Gasoline,6 Cyl,Automatic,Red,Black,None reported,Yes,"$46,950",carfax_rebrowser_sample_oneprice,2026-04-26,SUV,19.0
Lincoln,Nautilus Premiere,2024,"10,123 mi.",Hybrid,4 Cyl,Automatic,Silver,Black,None reported,Yes,"$47,420",carfax_rebrowser_sample_oneprice,2026-04-26,SUV,30.0
Lexus,RX 350,2024,"19,017 mi.",Gasoline,4 Cyl,Automatic,Red,Black,None reported,Yes,"$51,970",carfax_rebrowser_sample_oneprice,2026-04-26,SUV,24.0
Toyota,Highlander Platinum,2024,"19,595 mi.",Gasoline,4 Cyl,Automatic,Gray,Gray,None reported,Yes,"$48,560",carfax_rebrowser_sample_oneprice,2026-04-26,SUV,24.0
Toyota,Grand Highlander Limited,2024,"29,652 mi.",Gasoline,4 Cyl,Automatic,Black,Black,None reported,Yes,"$47,090",carfax_rebrowser_sample_oneprice,2026-04-26,SUV,22.0
Jeep,Wrangler Rubicon,2024,"7,553 mi.",Gasoline,6 Cyl,Manual,Gray,Black,None reported,Yes,"$44,810",carfax_rebrowser_sample_oneprice,2026-04-26,SUV,19.0
Lexus,RX 350,2024,"12,188 mi.",Gasoline,4 Cyl,Automatic,Black,Brown,None reported,Yes,"$51,400",carfax_rebrowser_sample_oneprice,2026-04-26,SUV,24.0
Nissan,Armada Platinum Edition,2024,"11,247 mi.",Gasoline,8 Cyl,Automatic,Blue,Brown,None reported,Yes,"$51,960",carfax_rebrowser_sample_oneprice,2026-04-26,SUV,15.0
Toyota,RAV4 XSE,2024,"24,497 mi.",Hybrid,4 Cyl,Automatic,Gray,Black,None reported,Yes,"$44,190",carfax_rebrowser_sample_oneprice,2026-04-26,SUV,38.0
Chevrolet,Tahoe LT,2024,"19,071 mi.",Gasoline,8 Cyl,Automatic,White,Black,None reported,Yes,"$59,520",carfax_rebrowser_sample_oneprice,2026-04-26,SUV,16.0
Ford,Expedition MAX Limited,2024,"60,998 mi.",Gasoline,6 Cyl,Automatic,Black,Brown,None reported,Yes,"$53,560",carfax_rebrowser_sample_oneprice,2026-04-26,SUV,
Toyota,Grand Highlander Limited,2024,"17,649 mi.",Hybrid,4 Cyl,Automatic,Unknown,Unknown,None reported,Yes,"$52,420",carfax_rebrowser_sample_oneprice,2026-04-26,SUV,34.0
Jeep,Grand Cherokee L Summit,2024,"12,703 mi.",Gasoline,6 Cyl,Automatic,Gray,Tan,None reported,Yes,"$50,950",carfax_rebrowser_sample_oneprice,2026-04-26,SUV,21.0
Jeep,Wagoneer Series III,2024,"29,894 mi.",Gasoline,6 Cyl,Automatic,Bronze,Black,None reported,Yes,"$57,960",carfax_rebrowser_sample_oneprice,2026-04-26,SUV,19.0
Chevrolet,Traverse,2024,"24,745 mi.",Gasoline,4 Cyl,Automatic,Red,Black,None reported,Yes,"$48,610",carfax_rebrowser_sample_oneprice,2026-04-26,SUV,21.0
Kia,Telluride SX Prestige,2024,"28,888 mi.",Gasoline,6 Cyl,Automatic,White,Black,None reported,Yes,"$41,860",carfax_rebrowser_sample_oneprice,2026-04-26,SUV,20.0
Lincoln,Nautilus Reserve,2024,"14,709 mi.",Gasoline,4 Cyl,Automatic,Blue,Black,None reported,Yes,"$48,090",carfax_rebrowser_sample_oneprice,2026-04-26,SUV,24.0
Cadillac,XT6 Sport,2024,"27,687 mi.",Gasoline,6 Cyl,Automatic,Black,Tan,None reported,Yes,"$47,960",carfax_rebrowser_sample_oneprice,2026-04-26,SUV,21.0
Jeep,Wagoneer Series II,2024,"46,575 mi.",Gasoline,6 Cyl,Automatic,White,Black,None reported,Yes,"$49,420",carfax_rebrowser_sample_oneprice,2026-04-26,SUV,19.0
Jeep,Wrangler Rubicon,2024,"15,444 mi.",Gasoline,6 Cyl,Automatic,Pink,Black,None reported,Yes,"$45,310",carfax_rebrowser_sample_oneprice,2026-04-26,SUV,17.0
Jeep,Wagoneer Series II,2024,"28,977 mi.",Gasoline,6 Cyl,Automatic,White,Black,None reported,Yes,"$52,890",carfax_rebrowser_sample_oneprice,2026-04-26,SUV,19.0
Jeep,Wrangler Rubicon,2024,"18,357 mi.",Gasoline,6 Cyl,Automatic,Black,Black,None reported,Yes,"$52,600",carfax_rebrowser_sample_oneprice,2026-04-26,SUV,17.0
Toyota,Grand Highlander XLE,2024,"22,123 mi.",Hybrid,4 Cyl,Automatic,Black,Black,None reported,Yes,"$48,960",carfax_rebrowser_sample_oneprice,2026-04-26,SUV,34.0
Honda,Pilot Elite,2024,"15,547 mi.",Gasoline,6 Cyl,Automatic,Blue,Black,None reported,Yes,"$48,330",carfax_rebrowser_sample_oneprice,2026-04-26,SUV,21.0
Audi,Q8 e-tron Prestige,2024,"13,263 mi.",Electric,Electric,Automatic,Blue,Brown,None reported,Yes,"$52,660",carfax_rebrowser_sample_oneprice,2026-04-26,SUV,81.0
Cadillac,XT6 Sport,2024,"19,404 mi.",Gasoline,6 Cyl,Automatic,White,Black,None reported,Yes,"$49,320",carfax_rebrowser_sample_oneprice,2026-04-26,SUV,21.0
Jeep,Wagoneer Series II,2024,"57,300 mi.",Gasoline,6 Cyl,Automatic,White,Black,None reported,Yes,"$45,020",carfax_rebrowser_sample_oneprice,2026-04-26,SUV,19.0
Kia,EV9 GT-Line,2024,"10,477 mi.",Electric,Electric,Automatic,Blue,Brown,None reported,Yes,"$49,000",carfax_rebrowser_sample_oneprice,2026-04-26,SUV,80.0
Cadillac,XT6 Sport,2024,"21,107 mi.",Gasoline,6 Cyl,Automatic,Green,Tan,None reported,Yes,"$49,540",carfax_rebrowser_sample_oneprice,2026-04-26,SUV,21.0
Honda,Pilot Elite,2024,"18,824 mi.",Gasoline,6 Cyl,Automatic,Silver,Gray,None reported,Yes,"$48,150",carfax_rebrowser_sample_oneprice,2026-04-26,SUV,21.0
Toyota,Grand Highlander Platinum,2024,"45,199 mi.",Gasoline,4 Cyl,Automatic,Blue,Unknown,None reported,Yes,"$47,810",carfax_rebrowser_sample_oneprice,2026-04-26,SUV,
Jeep,Wagoneer Series III,2024,"28,163 mi.",Gasoline,6 Cyl,Automatic,Black,Black,None reported,Yes,"$55,270",carfax_rebrowser_sample_oneprice,2026-04-26,SUV,19.0
Lincoln,Aviator Reserve,2024,"18,634 mi.",Gasoline,6 Cyl,Automatic,Black,Black,None reported,Yes,"$53,780",carfax_rebrowser_sample_oneprice,2026-04-26,SUV,20.0
Genesis,GV80 3.5T,2024,"16,523 mi.",Gasoline,6 Cyl,Automatic,Black,Tan,None reported,Yes,"$56,010",carfax_rebrowser_sample_oneprice,2026-04-26,SUV,20.0
Toyota,Highlander Platinum,2024,"18,328 mi.",Hybrid,4 Cyl,Automatic,Black,Black,None reported,Yes,"$53,310",carfax_rebrowser_sample_oneprice,2026-04-26,SUV,35.0
Ford,Expedition Limited,2024,"50,004 mi.",Gasoline,6 Cyl,Automatic,Black,Brown,None reported,Yes,"$52,750",carfax_rebrowser_sample_oneprice,2026-04-26,SUV,18.0
Toyota,Grand Highlander Limited,2024,"26,466 mi.",Gasoline,4 Cyl,Automatic,Red,Gray,None reported,Yes,"$48,490",carfax_rebrowser_sample_oneprice,2026-04-26,SUV,22.0
Lincoln,Aviator Premiere,2024,"21,950 mi.",Gasoline,6 Cyl,Automatic,Gray,Black,None reported,Yes,"$48,090",carfax_rebrowser_sample_oneprice,2026-04-26,SUV,20.0
Chevrolet,Traverse,2024,"45,909 mi.",Gasoline,4 Cyl,Automatic,White,Black,None reported,Yes,"$46,550",carfax_rebrowser_sample_oneprice,2026-04-26,SUV,21.0
Mercedes-Benz,GLE 350,2024,"49,127 mi.",Gasoline,4 Cyl,Automatic,White,Unknown,None reported,Yes,"$48,890",carfax_rebrowser_sample_oneprice,2026-04-26,SUV,23.0
Lexus,RX 350,2024,"13,340 mi.",Gasoline,4 Cyl,Automatic,Gray,Tan,None reported,Yes,"$51,890",carfax_rebrowser_sample_oneprice,2026-04-26,SUV,24.0
Toyota,4Runner Limited Edition,2024,"2,490 mi.",Gasoline,6 Cyl,Automatic,Black,Black,None reported,Yes,"$55,230",carfax_rebrowser_sample_oneprice,2026-04-26,SUV,17.0
Chevrolet,Suburban LT,2024,"77,804 mi.",Gasoline,8 Cyl,Automatic,Black,Black,None reported,Yes,"$46,700",carfax_rebrowser_sample_oneprice,2026-04-26,SUV,16.0
Lincoln,Nautilus Reserve,2024,"47,771 mi.",Gasoline,4 Cyl,Automatic,White,Black,None reported,Yes,"$46,410",carfax_rebrowser_sample_oneprice,2026-04-26,SUV,24.0
Audi,SQ5 Premium Plus,2024,"10,159 mi.",Gasoline,6 Cyl,Automatic,Gray,Black,None reported,Yes,"$52,450",carfax_rebrowser_sample_oneprice,2026-04-26,SUV,21.0
Lincoln,Nautilus Reserve,2024,"35,576 mi.",Gasoline,4 Cyl,Automatic,Silver,Black,None reported,Yes,"$48,620",carfax_rebrowser_sample_oneprice,2026-04-26,SUV,24.0
Toyota,Grand Highlander XLE,2024,"31,140 mi.",Hybrid,4 Cyl,Automatic,Red,Black,None reported,Yes,"$49,810",carfax_rebrowser_sample_oneprice,2026-04-26,SUV,34.0
Ford,Expedition MAX XLT,2024,"39,761 mi.",Gasoline,6 Cyl,Automatic,White,Black,None reported,Yes,"$52,920",carfax_rebrowser_sample_oneprice,2026-04-26,SUV,
Lincoln,Nautilus Reserve,2024,"18,356 mi.",Hybrid,4 Cyl,Automatic,Red,Black,None reported,Yes,"$52,710",carfax_rebrowser_sample_oneprice,2026-04-26,SUV,30.0
Ford,Expedition MAX Limited,2024,"30,589 mi.",Gasoline,6 Cyl,Automatic,White,Tan,None reported,Yes,"$59,240",carfax_rebrowser_sample_oneprice,2026-04-26,SUV,
Ford,Explorer ST,2024,"30,995 mi.",Gasoline,6 Cyl,Automatic,Gray,Black,None reported,Yes,"$46,650",carfax_rebrowser_sample_oneprice,2026-04-26,SUV,20.0
Porsche,Macan,2024,"20,114 mi.",Gasoline,4 Cyl,Automatic,Black,Black,None reported,Yes,"$56,220",carfax_rebrowser_sample_oneprice,2026-04-26,SUV,21.0
BMW,X5 xDrive40i,2024,"16,651 mi.",Gasoline,6 Cyl,Automatic,Black,Gray,None reported,Yes,"$65,890",carfax_rebrowser_sample_oneprice,2026-04-26,SUV,25.0
Jeep,Wagoneer Series II,2024,"5,439 mi.",Gasoline,6 Cyl,Automatic,White,Black,None reported,Yes,"$59,410",carfax_rebrowser_sample_oneprice,2026-04-26,SUV,19.0
Jeep,Wrangler Sahara,2024,"11,810 mi.",Gasoline,6 Cyl,Automatic,Silver,Black,None reported,Yes,"$41,140",carfax_rebrowser_sample_oneprice,2026-04-26,SUV,20.0
Chevrolet,Tahoe LT,2024,"52,441 mi.",Gasoline,8 Cyl,Automatic,Gray,Gray,None reported,Yes,"$43,980",carfax_rebrowser_sample_oneprice,2026-04-26,SUV,17.0
Chevrolet,Tahoe LT,2024,"51,576 mi.",Gasoline,8 Cyl,Automatic,Beige,Black,None reported,Yes,"$45,850",carfax_rebrowser_sample_oneprice,2026-04-26,SUV,17.0
Toyota,Highlander Platinum,2024,"21,279 mi.",Gasoline,4 Cyl,Automatic,Red,Gray,None reported,Yes,"$47,800",carfax_rebrowser_sample_oneprice,2026-04-26,SUV,24.0
Chevrolet,Suburban Premier,2024,"69,965 mi.",Gasoline,8 Cyl,Automatic,White,Black,None reported,Yes,"$49,440",carfax_rebrowser_sample_oneprice,2026-04-26,SUV,17.0
Chevrolet,Suburban Premier,2024,"68,480 mi.",Gasoline,8 Cyl,Automatic,Green,Black,None reported,Yes,"$51,960",carfax_rebrowser_sample_oneprice,2026-04-26,SUV,17.0
Jeep,Wrangler Sahara,2024,"29,026 mi.",Gasoline,6 Cyl,Automatic,Pink,Black,None reported,Yes,"$41,290",carfax_rebrowser_sample_oneprice,2026-04-26,SUV,20.0
Lexus,RX 350,2024,"40,495 mi.",Gasoline,4 Cyl,Automatic,Gray,Tan,None reported,Yes,"$49,840",carfax_rebrowser_sample_oneprice,2026-04-26,SUV,25.0
Chevrolet,Tahoe LT,2024,"63,559 mi.",Gasoline,8 Cyl,Automatic,White,Black,None reported,Yes,"$47,580",carfax_rebrowser_sample_oneprice,2026-04-26,SUV,16.0
Jeep,Wagoneer Series III,2024,"57,475 mi.",Gasoline,6 Cyl,Automatic,Silver,Black,None reported,Yes,"$50,280",carfax_rebrowser_sample_oneprice,2026-04-26,SUV,19.0
BMW,X5 xDrive40i,2024,"28,932 mi.",Gasoline,6 Cyl,Automatic,White,Black,None reported,Yes,"$55,500",carfax_rebrowser_sample_oneprice,2026-04-26,SUV,25.0
GMC,Yukon XL Denali,2024,"65,336 mi.",Gasoline,8 Cyl,Automatic,Silver,Black,None reported,Yes,"$56,870",carfax_rebrowser_sample_oneprice,2026-04-26,SUV,16.0
Lincoln,Aviator Reserve,2024,"27,435 mi.",Gasoline,6 Cyl,Automatic,White,Black,None reported,Yes,"$50,960",carfax_rebrowser_sample_oneprice,2026-04-26,SUV,21.0
Chevrolet,Tahoe LT,2024,"54,021 mi.",Gasoline,8 Cyl,Automatic,Gray,Black,None reported,Yes,"$46,310",carfax_rebrowser_sample_oneprice,2026-04-26,SUV,17.0
Lexus,RX 350,2024,"35,842 mi.",Gasoline,4 Cyl,Automatic,Black,Black,None reported,Yes,"$56,100",carfax_rebrowser_sample_oneprice,2026-04-26,SUV,24.0
Toyota,Grand Highlander Platinum,2024,"18,106 mi.",Gasoline,4 Cyl,Automatic,Silver,Black,None reported,Yes,"$50,590",carfax_rebrowser_sample_oneprice,2026-04-26,SUV,
Honda,Pilot Elite,2024,"38,498 mi.",Gasoline,6 Cyl,Automatic,Black,Brown,None reported,Yes,"$44,270",carfax_rebrowser_sample_oneprice,2026-04-26,SUV,21.0
Lexus,RX 350,2024,"9,945 mi.",Gasoline,4 Cyl,Automatic,Gray,Tan,None reported,Yes,"$52,600",carfax_rebrowser_sample_oneprice,2026-04-26,SUV,25.0
Toyota,Grand Highlander XLE,2024,"17,702 mi.",Hybrid,4 Cyl,Automatic,White,Unknown,None reported,Yes,"$48,490",carfax_rebrowser_sample_oneprice,2026-04-26,SUV,34.0
Toyota,4Runner Limited Edition,2024,"54,001 mi.",Gasoline,6 Cyl,Automatic,White,Unknown,None reported,Yes,"$45,150",carfax_rebrowser_sample_oneprice,2026-04-26,SUV,17.0
Jeep,Wagoneer Series II,2024,"15,841 mi.",Gasoline,6 Cyl,Automatic,Red,Unknown,None reported,Yes,"$48,340",carfax_rebrowser_sample_oneprice,2026-04-26,SUV,20.0
Lexus,RX 350,2024,"8,911 mi.",Gasoline,4 Cyl,Automatic,Gray,Black,None reported,Yes,"$54,280",carfax_rebrowser_sample_oneprice,2026-04-26,SUV,24.0
Toyota,Grand Highlander Platinum,2024,"46,547 mi.",Gasoline,4 Cyl,Automatic,Unknown,Unknown,None reported,Yes,"$48,870",carfax_rebrowser_sample_oneprice,2026-04-26,SUV,
Volvo,XC90 B6 Ultimate,2024,"13,872 mi.",Gasoline,4 Cyl,Automatic,White,Tan,None reported,Yes,"$52,410",carfax_rebrowser_sample_oneprice,2026-04-26,SUV,23.0
Chevrolet,Tahoe LT,2024,"55,739 mi.",Gasoline,8 Cyl,Automatic,Black,Black,None reported,Yes,"$50,920",carfax_rebrowser_sample_oneprice,2026-04-26,SUV,16.0
Lexus,RX 350,2024,"44,675 mi.",Gasoline,4 Cyl,Automatic,Blue,Gray,None reported,Yes,"$47,190",carfax_rebrowser_sample_oneprice,2026-04-26,SUV,25.0
Chevrolet,Traverse Z71,2024,"25,581 mi.",Gasoline,4 Cyl,Automatic,White,Black,None reported,Yes,"$45,260",carfax_rebrowser_sample_oneprice,2026-04-26,SUV,21.0
Chevrolet,Tahoe Premier,2024,"57,472 mi.",Gasoline,8 Cyl,Automatic,White,Black,None reported,Yes,"$48,810",carfax_rebrowser_sample_oneprice,2026-04-26,SUV,17.0
Nissan,Armada SL,2024,"6,465 mi.",Gasoline,8 Cyl,Automatic,Black,Tan,None reported,Yes,"$46,910",carfax_rebrowser_sample_oneprice,2026-04-26,SUV,16.0
Ford,Expedition MAX Limited,2024,"58,424 mi.",Gasoline,6 Cyl,Automatic,Black,Tan,None reported,Yes,"$51,530",carfax_rebrowser_sample_oneprice,2026-04-26,SUV,
Toyota,4Runner TRD Off Road,2024,"35,688 mi.",Gasoline,6 Cyl,Automatic,Black,Black,None reported,Yes,"$47,040",carfax_rebrowser_sample_oneprice,2026-04-26,SUV,17.0
Lexus,RX 500h,2024,"54,892 mi.",Hybrid,4 Cyl,Automatic,Gray,Black,None reported,Yes,"$55,930",carfax_rebrowser_sample_oneprice,2026-04-26,SUV,
Toyota,Grand Highlander Platinum,2024,"24,386 mi.",Gasoline,4 Cyl,Automatic,White,Black,None reported,Yes,"$51,040",carfax_rebrowser_sample_oneprice,2026-04-26,SUV,
Toyota,Grand Highlander Limited,2024,"29,646 mi.",Gasoline,4 Cyl,Automatic,White,Black,None reported,Yes,"$45,880",carfax_rebrowser_sample_oneprice,2026-04-26,SUV,22.0
Acura,MDX Technology,2024,"16,888 mi.",Gasoline,6 Cyl,Automatic,White,Brown,None reported,Yes,"$44,920",carfax_rebrowser_sample_oneprice,2026-04-26,SUV,22.0
Volvo,XC90 B6 Ultimate,2024,"19,490 mi.",Gasoline,4 Cyl,Automatic,Black,Brown,None reported,Yes,"$50,150",carfax_rebrowser_sample_oneprice,2026-04-26,SUV,23.0
Jeep,Wrangler Rubicon,2024,"13,463 mi.",Gasoline,6 Cyl,Automatic,Silver,Black,None reported,Yes,"$46,200",carfax_rebrowser_sample_oneprice,2026-04-26,SUV,17.0
Chevrolet,Traverse,2024,"26,474 mi.",Gasoline,4 Cyl,Automatic,White,Black,None reported,Yes,"$46,970",carfax_rebrowser_sample_oneprice,2026-04-26,SUV,23.0
Jeep,Grand Cherokee Summit,2024,"13,810 mi.",Gasoline,6 Cyl,Automatic,Red,Black,None reported,Yes,"$47,850",carfax_rebrowser_sample_oneprice,2026-04-26,SUV,22.0
BMW,X5 xDrive40i,2024,"29,674 mi.",Gasoline,6 Cyl,Automatic,White,Black,None reported,Yes,"$59,040",carfax_rebrowser_sample_oneprice,2026-04-26,SUV,25.0
GMC,Yukon SLT,2024,"62,452 mi.",Gasoline,8 Cyl,Automatic,Black,Black,None reported,Yes,"$51,000",carfax_rebrowser_sample_oneprice,2026-04-26,SUV,17.0
BMW,X5 xDrive40i,2024,"35,959 mi.",Gasoline,6 Cyl,Automatic,Gray,Black,None reported,Yes,"$58,210",carfax_rebrowser_sample_oneprice,2026-04-26,SUV,25.0
Acura,MDX Technology,2024,"22,477 mi.",Gasoline,6 Cyl,Automatic,Gray,Black,None reported,Yes,"$43,340",carfax_rebrowser_sample_oneprice,2026-04-26,SUV,21.0
Toyota,Grand Highlander Limited,2024,"25,655 mi.",Gasoline,4 Cyl,Automatic,Silver,Black,None reported,Yes,"$46,310",carfax_rebrowser_sample_oneprice,2026-04-26,SUV,24.0
Toyota,4Runner TRD Pro,2024,"31,219 mi.",Gasoline,6 Cyl,Automatic,Black,Black,None reported,Yes,"$55,550",carfax_rebrowser_sample_oneprice,2026-04-26,SUV,17.0
Toyota,Grand Highlander Platinum,2024,"46,897 mi.",Gasoline,4 Cyl,Automatic,Black,Black,None reported,Yes,"$46,590",carfax_rebrowser_sample_oneprice,2026-04-26,SUV,
Lexus,RX 350,2024,"24,499 mi.",Gasoline,4 Cyl,Automatic,Gray,Brown,None reported,Yes,"$50,910",carfax_rebrowser_sample_oneprice,2026-04-26,SUV,24.0
Ford,Bronco Outer Banks,2024,"10,344 mi.",Gasoline,6 Cyl,Automatic,Unknown,Unknown,None reported,Yes,"$48,970",carfax_rebrowser_sample_oneprice,2026-04-26,SUV,20.0
Chevrolet,Traverse,2024,"34,689 mi.",Gasoline,4 Cyl,Automatic,Purple,Black,None reported,Yes,"$46,130",carfax_rebrowser_sample_oneprice,2026-04-26,SUV,23.0
Chevrolet,Suburban Premier,2024,"59,984 mi.",Gasoline,8 Cyl,Automatic,Black,Black,None reported,Yes,"$50,930",carfax_rebrowser_sample_oneprice,2026-04-26,SUV,17.0
Acura,MDX Technology,2024,"23,183 mi.",Gasoline,6 Cyl,Automatic,Blue,Gray,None reported,Yes,"$44,540",carfax_rebrowser_sample_oneprice,2026-04-26,SUV,22.0
Toyota,4Runner TRD Off Road,2024,"28,483 mi.",Gasoline,6 Cyl,Automatic,Unknown,Gray,None reported,Yes,"$47,440",carfax_rebrowser_sample_oneprice,2026-04-26,SUV,17.0
Jeep,Grand Wagoneer Series II,2024,"50,167 mi.",Gasoline,6 Cyl,Automatic,White,Black,None reported,Yes,"$55,890",carfax_rebrowser_sample_oneprice,2026-04-26,SUV,17.0
Ford,Bronco Heritage,2024,"6,095 mi.",Gasoline,6 Cyl,Automatic,Red,Blue,None reported,Yes,"$51,800",carfax_rebrowser_sample_oneprice,2026-04-26,SUV,20.0
BMW,X5 sDrive40i,2024,"33,274 mi.",Gasoline,6 Cyl,Automatic,Blue,Brown,None reported,Yes,"$51,210",carfax_rebrowser_sample_oneprice,2026-04-26,SUV,25.0
Volvo,XC90 B6 Plus,2024,"11,935 mi.",Gasoline,4 Cyl,Automatic,Gray,Tan,None reported,Yes,"$46,950",carfax_rebrowser_sample_oneprice,2026-04-26,SUV,23.0
Land Rover,Defender 130,2024,"65,312 mi.",Gasoline,6 Cyl,Automatic,Black,Unknown,None reported,Yes,"$53,670",carfax_rebrowser_sample_oneprice,2026-04-26,SUV,18.0
Ford,Expedition XLT,2024,"32,744 mi.",Gasoline,6 Cyl,Automatic,Black,Black,None reported,Yes,"$46,140",carfax_rebrowser_sample_oneprice,2026-04-26,SUV,19.0
GMC,Acadia Denali,2024,"18,116 mi.",Gasoline,4 Cyl,Automatic,White,Gray,None reported,Yes,"$51,110",carfax_rebrowser_sample_oneprice,2026-04-26,SUV,21.0
Toyota,Highlander Platinum,2024,"28,223 mi.",Gasoline,4 Cyl,Automatic,Gray,Brown,None reported,Yes,"$46,540",carfax_rebrowser_sample_oneprice,2026-04-26,SUV,24.0
Chevrolet,Tahoe Z71,2024,"62,225 mi.",Gasoline,8 Cyl,Automatic,Black,Black,None reported,Yes,"$56,820",carfax_rebrowser_sample_oneprice,2026-04-26,SUV,16.0
Genesis,GV80 3.5T,2024,"28,174 mi.",Gasoline,6 Cyl,Automatic,Black,Tan,None reported,Yes,"$52,400",carfax_rebrowser_sample_oneprice,2026-04-26,SUV,20.0
Jeep,Grand Cherokee Summit,2024,"38,903 mi.",Gasoline,6 Cyl,Automatic,White,Tan,None reported,Yes,"$45,190",carfax_rebrowser_sample_oneprice,2026-04-26,SUV,22.0
Ford,Expedition Limited,2024,"53,032 mi.",Gasoline,6 Cyl,Automatic,Silver,Brown,None reported,Yes,"$45,780",carfax_rebrowser_sample_oneprice,2026-04-26,SUV,19.0
Jeep,Wagoneer Series II,2024,"32,357 mi.",Gasoline,6 Cyl,Automatic,Gray,Unknown,None reported,Yes,"$49,720",carfax_rebrowser_sample_oneprice,2026-04-26,SUV,19.0
Chevrolet,Suburban RST,2024,"66,979 mi.",Gasoline,8 Cyl,Automatic,Black,Black,None reported,Yes,"$54,210",carfax_rebrowser_sample_oneprice,2026-04-26,SUV,17.0
Chevrolet,Tahoe LS,2024,"18,963 mi.",Gasoline,8 Cyl,Automatic,Black,Black,None reported,Yes,"$49,500",carfax_rebrowser_sample_oneprice,2026-04-26,SUV,17.0
Jeep,Wagoneer,2024,"33,325 mi.",Gasoline,6 Cyl,Automatic,Black,Black,None reported,Yes,"$48,050",carfax_rebrowser_sample_oneprice,2026-04-26,SUV,19.0
Lexus,RX 350,2024,"46,852 mi.",Gasoline,4 Cyl,Automatic,Black,Tan,None reported,Yes,"$48,690",carfax_rebrowser_sample_oneprice,2026-04-26,SUV,25.0
Toyota,4Runner TRD Off Road,2024,"28,504 mi.",Gasoline,6 Cyl,Automatic,Black,Black,None reported,Yes,"$47,470",carfax_rebrowser_sample_oneprice,2026-04-26,SUV,17.0
Toyota,4Runner TRD Off Road,2024,"35,649 mi.",Gasoline,6 Cyl,Automatic,Unknown,Gray,None reported,Yes,"$45,880",carfax_rebrowser_sample_oneprice,2026-04-26,SUV,17.0
Land Rover,Defender 110,2024,"14,654 mi.",Gasoline,4 Cyl,Automatic,White,Black,None reported,Yes,"$58,010",carfax_rebrowser_sample_oneprice,2026-04-26,SUV,19.0
Ford,Bronco Big Bend,2024,"8,948 mi.",Gasoline,4 Cyl,Automatic,Gray,Gray,None reported,Yes,"$42,580",carfax_rebrowser_sample_oneprice,2026-04-26,SUV,20.0
Infiniti,QX80 Sensory,2024,"24,772 mi.",Gasoline,8 Cyl,Automatic,White,Brown,None reported,Yes,"$59,940",carfax_rebrowser_sample_oneprice,2026-04-26,SUV,15.0
BMW,X3 sDrive30i,2024,"2,805 mi.",Gasoline,4 Cyl,Automatic,White,Red,None reported,Yes,"$46,450",carfax_rebrowser_sample_oneprice,2026-04-26,SUV,25.0
Chevrolet,Tahoe LT,2024,"20,869 mi.",Gasoline,8 Cyl,Automatic,Gray,Gray,None reported,Yes,"$53,930",carfax_rebrowser_sample_oneprice,2026-04-26,SUV,17.0
Toyota,Highlander Limited,2024,"17,498 mi.",Hybrid,4 Cyl,Automatic,Silver,Black,None reported,Yes,"$49,430",carfax_rebrowser_sample_oneprice,2026-04-26,SUV,35.0
Ford,Expedition Limited,2024,"62,101 mi.",Gasoline,6 Cyl,Automatic,White,Tan,None reported,Yes,"$45,820",carfax_rebrowser_sample_oneprice,2026-04-26,SUV,19.0
Ford,Expedition MAX XLT,2024,"56,472 mi.",Gasoline,6 Cyl,Automatic,White,Black,None reported,Yes,"$44,480",carfax_rebrowser_sample_oneprice,2026-04-26,SUV,
Lexus,RX 350,2024,"57,754 mi.",Gasoline,4 Cyl,Automatic,Gray,Tan,None reported,Yes,"$46,390",carfax_rebrowser_sample_oneprice,2026-04-26,SUV,25.0
Ford,Bronco Outer Banks,2024,"31,118 mi.",Gasoline,6 Cyl,Automatic,Green,Black,None reported,Yes,"$46,550",carfax_rebrowser_sample_oneprice,2026-04-26,SUV,20.0
Chevrolet,Tahoe Premier,2024,"59,227 mi.",Gasoline,8 Cyl,Automatic,Black,Black,None reported,Yes,"$56,170",carfax_rebrowser_sample_oneprice,2026-04-26,SUV,16.0
GMC,Yukon SLT,2024,"32,740 mi.",Gasoline,8 Cyl,Automatic,Silver,Black,None reported,Yes,"$58,740",carfax_rebrowser_sample_oneprice,2026-04-26,SUV,17.0
Cadillac,XT6 Sport,2024,"20,146 mi.",Gasoline,6 Cyl,Automatic,Black,Black,None reported,Yes,"$46,950",carfax_rebrowser_sample_oneprice,2026-04-26,SUV,21.0
GMC,Yukon SLT,2024,"48,318 mi.",Gasoline,8 Cyl,Automatic,Beige,Black,None reported,Yes,"$54,570",carfax_rebrowser_sample_oneprice,2026-04-26,SUV,17.0
Lexus,NX 350h,2024,"28,441 mi.",Hybrid,4 Cyl,Automatic,Gray,Tan,None reported,Yes,"$45,750",carfax_rebrowser_sample_oneprice,2026-04-26,SUV,39.0
Lincoln,Nautilus Reserve,2024,"21,488 mi.",Hybrid,4 Cyl,Automatic,Gray,Tan,None reported,Yes,"$49,740",carfax_rebrowser_sample_oneprice,2026-04-26,SUV,30.0
Lexus,RX 350,2024,"29,391 mi.",Gasoline,4 Cyl,Automatic,Black,Black,None reported,Yes,"$55,300",carfax_rebrowser_sample_oneprice,2026-04-26,SUV,24.0
Land Rover,Defender 130,2024,"13,249 mi.",Gasoline,6 Cyl,Automatic,Unknown,Unknown,None reported,Yes,"$64,590",carfax_rebrowser_sample_oneprice,2026-04-26,SUV,18.0
Genesis,GV80 3.5T,2024,"10,493 mi.",Gasoline,6 Cyl,Automatic,White,Blue,None reported,Yes,"$55,850",carfax_rebrowser_sample_oneprice,2026-04-26,SUV,20.0
Acura,MDX Advance,2024,"32,497 mi.",Gasoline,6 Cyl,Automatic,Silver,Gray,None reported,Yes,"$46,740",carfax_rebrowser_sample_oneprice,2026-04-26,SUV,21.0
Infiniti,QX80 Sensory,2024,"19,847 mi.",Gasoline,8 Cyl,Automatic,White,Brown,None reported,Yes,"$58,440",carfax_rebrowser_sample_oneprice,2026-04-26,SUV,15.0
GMC,Yukon SLT,2024,"38,849 mi.",Gasoline,8 Cyl,Automatic,Gray,Black,None reported,Yes,"$59,580",carfax_rebrowser_sample_oneprice,2026-04-26,SUV,17.0
BMW,X5 xDrive40i,2024,"49,252 mi.",Gasoline,6 Cyl,Automatic,Gray,Unknown,None reported,Yes,"$47,510",carfax_rebrowser_sample_oneprice,2026-04-26,SUV,25.0
Cadillac,XT6 Sport,2024,"4,300 mi.",Gasoline,6 Cyl,Automatic,Red,Gray,None reported,Yes,"$51,240",carfax_rebrowser_sample_oneprice,2026-04-26,SUV,21.0
Toyota,Grand Highlander Limited,2024,"28,624 mi.",Gasoline,4 Cyl,Automatic,White,Gray,None reported,Yes,"$47,160",carfax_rebrowser_sample_oneprice,2026-04-26,SUV,22.0
BMW,X3 M40i,2024,"14,049 mi.",Gasoline,6 Cyl,Automatic,White,Brown,None reported,Yes,"$55,050",carfax_rebrowser_sample_oneprice,2026-04-26,SUV,23.0
Nissan,Armada Platinum Edition,2024,"17,633 mi.",Gasoline,8 Cyl,Automatic,White,Tan,None reported,Yes,"$49,750",carfax_rebrowser_sample_oneprice,2026-04-26,SUV,16.0
Honda,Pilot Elite,2024,"9,458 mi.",Gasoline,6 Cyl,Automatic,White,Unknown,None reported,Yes,"$48,980",carfax_rebrowser_sample_oneprice,2026-04-26,SUV,21.0
Chevrolet,Tahoe LS,2024,"10,270 mi.",Gasoline,8 Cyl,Automatic,Green,Black,None reported,Yes,"$51,110",carfax_rebrowser_sample_oneprice,2026-04-26,SUV,17.0
Chevrolet,Tahoe RST,2024,"16,402 mi.",Gasoline,8 Cyl,Automatic,Black,Black,None reported,Yes,"$60,400",carfax_rebrowser_sample_oneprice,2026-04-26,SUV,17.0
Toyota,Grand Highlander Platinum,2024,"18,960 mi.",Gasoline,4 Cyl,Automatic,White,Gray,None reported,Yes,"$50,530",carfax_rebrowser_sample_oneprice,2026-04-26,SUV,
Lexus,RX 350,2024,"11,021 mi.",Gasoline,4 Cyl,Automatic,Gray,Tan,None reported,Yes,"$49,210",carfax_rebrowser_sample_oneprice,2026-04-26,SUV,25.0
Lincoln,Nautilus Reserve,2024,"11,209 mi.",Hybrid,4 Cyl,Automatic,Black,Black,None reported,Yes,"$51,890",carfax_rebrowser_sample_oneprice,2026-04-26,SUV,30.0
Mercedes-Benz,GLE 350,2024,"15,830 mi.",Gasoline,4 Cyl,Automatic,Black,Unknown,None reported,Yes,"$55,910",carfax_rebrowser_sample_oneprice,2026-04-26,SUV,23.0
Cadillac,XT6 Sport,2024,"30,003 mi.",Gasoline,6 Cyl,Automatic,Silver,Black,None reported,Yes,"$46,070",carfax_rebrowser_sample_oneprice,2026-04-26,SUV,21.0
Genesis,GV80 3.5T,2024,"19,800 mi.",Gasoline,6 Cyl,Automatic,Gray,Black,None reported,Yes,"$54,260",carfax_rebrowser_sample_oneprice,2026-04-26,SUV,20.0
Lexus,TX 350,2024,"18,525 mi.",Gasoline,4 Cyl,Automatic,Black,Tan,None reported,Yes,"$52,220",carfax_rebrowser_sample_oneprice,2026-04-26,SUV,23.0
GMC,Yukon SLT,2024,"60,308 mi.",Gasoline,8 Cyl,Automatic,Gray,Black,None reported,Yes,"$49,960",carfax_rebrowser_sample_oneprice,2026-04-26,SUV,17.0
Toyota,Land Cruiser 1958,2024,"13,106 mi.",Hybrid,4 Cyl,Automatic,Silver,Black,None reported,Yes,"$58,750",carfax_rebrowser_sample_oneprice,2026-04-26,SUV,23.0
Jeep,Wagoneer Series III,2024,"54,518 mi.",Gasoline,6 Cyl,Automatic,Black,Black,None reported,Yes,"$49,980",carfax_rebrowser_sample_oneprice,2026-04-26,SUV,19.0
Cadillac,XT6 Sport,2024,"34,654 mi.",Gasoline,6 Cyl,Automatic,Silver,Black,None reported,Yes,"$46,350",carfax_rebrowser_sample_oneprice,2026-04-26,SUV,21.0
Toyota,4Runner Limited Edition,2024,"40,292 mi.",Gasoline,6 Cyl,Automatic,Blue,Gray,None reported,Yes,"$50,590",carfax_rebrowser_sample_oneprice,2026-04-26,SUV,17.0
Ford,Bronco Wildtrak,2024,"7,634 mi.",Gasoline,6 Cyl,Automatic,Green,Black,None reported,Yes,"$53,760",carfax_rebrowser_sample_oneprice,2026-04-26,SUV,20.0
Porsche,Macan,2024,"12,395 mi.",Gasoline,4 Cyl,Automatic,Gray,Red,None reported,Yes,"$55,340",carfax_rebrowser_sample_oneprice,2026-04-26,SUV,21.0
Toyota,Grand Highlander XLE,2024,"53,756 mi.",Hybrid,4 Cyl,Automatic,Red,Black,None reported,Yes,"$45,610",carfax_rebrowser_sample_oneprice,2026-04-26,SUV,34.0
Ford,Expedition Limited,2024,"45,507 mi.",Gasoline,6 Cyl,Automatic,White,Tan,None reported,Yes,"$47,320",carfax_rebrowser_sample_oneprice,2026-04-26,SUV,19.0
Jeep,Wagoneer Series II,2024,"17,077 mi.",Gasoline,6 Cyl,Automatic,Black,Black,None reported,Yes,"$52,200",carfax_rebrowser_sample_oneprice,2026-04-26,SUV,19.0
BMW,X3 M40i,2024,"39,455 mi.",Gasoline,6 Cyl,Automatic,Black,Unknown,None reported,Yes,"$49,040",carfax_rebrowser_sample_oneprice,2026-04-26,SUV,23.0
Ford,Bronco Wildtrak,2024,"22,054 mi.",Gasoline,6 Cyl,Automatic,Red,Black,None reported,Yes,"$51,630",carfax_rebrowser_sample_oneprice,2026-04-26,SUV,20.0
BMW,X7 xDrive40i,2024,"48,059 mi.",Gasoline,6 Cyl,Automatic,White,Brown,None reported,Yes,"$58,820",carfax_rebrowser_sample_oneprice,2026-04-26,SUV,22.0
Ford,Bronco Wildtrak,2024,"7,437 mi.",Gasoline,6 Cyl,Automatic,Blue,Gray,None reported,Yes,"$53,980",carfax_rebrowser_sample_oneprice,2026-04-26,SUV,20.0
Ford,Expedition Limited,2024,"58,298 mi.",Gasoline,6 Cyl,Automatic,Silver,Tan,None reported,Yes,"$52,460",carfax_rebrowser_sample_oneprice,2026-04-26,SUV,18.0
Ford,Expedition Limited,2024,"39,019 mi.",Gasoline,6 Cyl,Automatic,Black,Black,None reported,Yes,"$54,450",carfax_rebrowser_sample_oneprice,2026-04-26,SUV,19.0
Nissan,Armada Platinum Edition,2024,"8,789 mi.",Gasoline,8 Cyl,Automatic,Gray,Black,None reported,Yes,"$49,650",carfax_rebrowser_sample_oneprice,2026-04-26,SUV,16.0
Toyota,Grand Highlander Limited,2024,"18,494 mi.",Gasoline,4 Cyl,Automatic,Unknown,Black,None reported,Yes,"$48,010",carfax_rebrowser_sample_oneprice,2026-04-26,SUV,24.0
Jeep,Wagoneer Series III,2024,"20,488 mi.",Gasoline,6 Cyl,Automatic,Bronze,Black,None reported,Yes,"$59,790",carfax_rebrowser_sample_oneprice,2026-04-26,SUV,19.0
Lexus,TX 350,2024,"21,904 mi.",Gasoline,4 Cyl,Automatic,Black,Black,None reported,Yes,"$58,390",carfax_rebrowser_sample_oneprice,2026-04-26,SUV,23.0
Ford,Bronco Badlands,2024,"20,612 mi.",Gasoline,6 Cyl,Automatic,Black,Black,None reported,Yes,"$49,850",carfax_rebrowser_sample_oneprice,2026-04-26,SUV,17.0
Jeep,Wagoneer Series III,2024,"37,060 mi.",Gasoline,6 Cyl,Automatic,Red,Black,None reported,Yes,"$53,470",carfax_rebrowser_sample_oneprice,2026-04-26,SUV,19.0
Cadillac,XT6 Premium Luxury,2024,"18,186 mi.",Gasoline,6 Cyl,Automatic,Black,Black,None reported,Yes,"$48,740",carfax_rebrowser_sample_oneprice,2026-04-26,SUV,21.0
Nissan,Armada Platinum Edition,2024,"23,691 mi.",Gasoline,8 Cyl,Automatic,Gray,Brown,None reported,Yes,"$47,760",carfax_rebrowser_sample_oneprice,2026-04-26,SUV,15.0
Chevrolet,Tahoe LT,2024,"60,460 mi.",Gasoline,8 Cyl,Automatic,White,Black,None reported,Yes,"$49,580",carfax_rebrowser_sample_oneprice,2026-04-26,SUV,16.0
Audi,SQ5 Premium Plus,2024,"23,721 mi.",Gasoline,6 Cyl,Automatic,Blue,Black,None reported,Yes,"$50,770",carfax_rebrowser_sample_oneprice,2026-04-26,SUV,21.0
BMW,X5 sDrive40i,2024,"20,208 mi.",Gasoline,6 Cyl,Automatic,White,Brown,None reported,Yes,"$59,260",carfax_rebrowser_sample_oneprice,2026-04-26,SUV,25.0
Ford,Bronco Wildtrak,2024,"2,562 mi.",Gasoline,6 Cyl,Automatic,Blue,Black,None reported,Yes,"$54,760",carfax_rebrowser_sample_oneprice,2026-04-26,SUV,20.0
Mercedes-Benz,GLE 450,2024,"47,183 mi.",Gasoline,6 Cyl,Automatic,Black,Tan,None reported,Yes,"$58,440",carfax_rebrowser_sample_oneprice,2026-04-26,SUV,22.0
Chevrolet,Suburban Premier,2024,"37,805 mi.",Gasoline,8 Cyl,Automatic,Gray,Black,None reported,Yes,"$65,050",carfax_rebrowser_sample_oneprice,2026-04-26,SUV,16.0
BMW,X5 xDrive40i,2024,"20,298 mi.",Gasoline,6 Cyl,Automatic,White,Tan,None reported,Yes,"$61,600",carfax_rebrowser_sample_oneprice,2026-04-26,SUV,25.0
BMW,X7 xDrive40i,2024,"60,400 mi.",Gasoline,6 Cyl,Automatic,White,Black,None reported,Yes,"$54,790",carfax_rebrowser_sample_oneprice,2026-04-26,SUV,22.0
Lexus,RX 350,2024,"36,908 mi.",Gasoline,4 Cyl,Automatic,Black,Black,None reported,Yes,"$50,370",carfax_rebrowser_sample_oneprice,2026-04-26,SUV,24.0
Toyota,Grand Highlander Platinum,2024,"41,725 mi.",Hybrid,4 Cyl,Automatic,Unknown,Gray,None reported,Yes,"$51,570",carfax_rebrowser_sample_oneprice,2026-04-26,SUV,27.0
Audi,Q8 e-tron Prestige,2024,"12,129 mi.",Electric,Electric,Automatic,Black,Gray,None reported,Yes,"$49,660",carfax_rebrowser_sample_oneprice,2026-04-26,SUV,81.0
Toyota,4Runner Limited Edition,2024,"22,606 mi.",Gasoline,6 Cyl,Automatic,Black,Black,None reported,Yes,"$50,630",carfax_rebrowser_sample_oneprice,2026-04-26,SUV,17.0
Genesis,GV80 3.5T,2024,"16,497 mi.",Gasoline,6 Cyl,Automatic,Blue,Tan,None reported,Yes,"$53,630",carfax_rebrowser_sample_oneprice,2026-04-26,SUV,20.0
Lincoln,Nautilus Premiere,2024,"15,008 mi.",Hybrid,4 Cyl,Automatic,Black,Black,None reported,Yes,"$48,110",carfax_rebrowser_sample_oneprice,2026-04-26,SUV,30.0
Lexus,RX 350,2024,"28,783 mi.",Gasoline,4 Cyl,Automatic,Gray,Tan,None reported,Yes,"$52,980",carfax_rebrowser_sample_oneprice,2026-04-26,SUV,25.0
Lincoln,Navigator Reserve,2024,"62,303 mi.",Gasoline,6 Cyl,Automatic,White,Tan,None reported,Yes,"$60,080",carfax_rebrowser_sample_oneprice,2026-04-26,SUV,18.0
Dodge,Durango SRT,2024,"12,602 mi.",Gasoline,8 Cyl,Automatic,White,Black,None reported,Yes,"$62,610",carfax_rebrowser_sample_oneprice,2026-04-26,SUV,15.0
Infiniti,QX80 Luxe,2024,"25,495 mi.",Gasoline,8 Cyl,Automatic,Blue,Tan,None reported,Yes,"$47,630",carfax_rebrowser_sample_oneprice,2026-04-26,SUV,15.0
Jeep,Wagoneer Series III,2024,"63,432 mi.",Gasoline,6 Cyl,Automatic,White,Black,None reported,Yes,"$46,260",carfax_rebrowser_sample_oneprice,2026-04-26,SUV,19.0
GMC,Acadia Denali,2024,"22,155 mi.",Gasoline,4 Cyl,Automatic,Silver,Unknown,None reported,Yes,"$48,720",carfax_rebrowser_sample_oneprice,2026-04-26,SUV,23.0
Mercedes-Benz,GLE 350,2024,"29,705 mi.",Gasoline,4 Cyl,Automatic,White,Brown,None reported,Yes,"$54,210",carfax_rebrowser_sample_oneprice,2026-04-26,SUV,23.0
BMW,X5 xDrive50e,2024,"50,669 mi.",Hybrid,6 Cyl,Automatic,Black,Black,None reported,Yes,"$57,320",carfax_rebrowser_sample_oneprice,2026-04-26,SUV,
GMC,Yukon XL SLT,2024,"45,245 mi.",Diesel,6 Cyl,Automatic,Silver,Black,None reported,Yes,"$61,990",carfax_rebrowser_sample_oneprice,2026-04-26,SUV,23.0
Toyota,Highlander Platinum,2024,"12,731 mi.",Gasoline,4 Cyl,Automatic,Silver,Black,None reported,Yes,"$48,270",carfax_rebrowser_sample_oneprice,2026-04-26,SUV,24.0
GMC,Yukon SLT,2024,"68,230 mi.",Gasoline,8 Cyl,Automatic,Black,Black,None reported,Yes,"$47,720",carfax_rebrowser_sample_oneprice,2026-04-26,SUV,17.0
Toyota,4Runner Limited Edition,2024,"28,723 mi.",Gasoline,6 Cyl,Automatic,Unknown,Brown,None reported,Yes,"$52,360",carfax_rebrowser_sample_oneprice,2026-04-26,SUV,17.0
Ford,Bronco Wildtrak,2024,"12,088 mi.",Gasoline,6 Cyl,Automatic,Gray,Black,None reported,Yes,"$55,520",carfax_rebrowser_sample_oneprice,2026-04-26,SUV,20.0
Porsche,Macan,2024,"27,434 mi.",Gasoline,4 Cyl,Automatic,Black,Black,None reported,Yes,"$52,560",carfax_rebrowser_sample_oneprice,2026-04-26,SUV,21.0
Jeep,Wagoneer Series III,2024,"38,937 mi.",Gasoline,6 Cyl,Automatic,White,Black,None reported,Yes,"$53,160",carfax_rebrowser_sample_oneprice,2026-04-26,SUV,19.0
Mercedes-Benz,GLE 350,2024,"14,741 mi.",Gasoline,4 Cyl,Automatic,Gray,Black,None reported,Yes,"$56,480",carfax_rebrowser_sample_oneprice,2026-04-26,SUV,23.0
Toyota,Grand Highlander Limited,2024,"37,593 mi.",Gasoline,4 Cyl,Automatic,Silver,Black,None reported,Yes,"$45,770",carfax_rebrowser_sample_oneprice,2026-04-26,SUV,24.0
Cadillac,Lyriq Luxury 3,2024,"9,118 mi.",Electric,Electric,Automatic,Black,Black,None reported,Yes,"$45,690",carfax_rebrowser_sample_oneprice,2026-04-26,SUV,89.0
Land Rover,Defender 110,2024,"43,621 mi.",Gasoline,6 Cyl,Automatic,White,White,None reported,Yes,"$61,900",carfax_rebrowser_sample_oneprice,2026-04-26,SUV,18.0
Ford,Bronco Outer Banks,2024,"15,030 mi.",Gasoline,6 Cyl,Automatic,Gray,Black,None reported,Yes,"$47,380",carfax_rebrowser_sample_oneprice,2026-04-26,SUV,20.0
Toyota,Grand Highlander Limited,2024,"23,127 mi.",Hybrid,4 Cyl,Automatic,Unknown,Black,None reported,Yes,"$51,390",carfax_rebrowser_sample_oneprice,2026-04-26,SUV,34.0
Ford,Bronco Outer Banks,2024,"20,453 mi.",Gasoline,6 Cyl,Automatic,Red,Black,None reported,Yes,"$46,510",carfax_rebrowser_sample_oneprice,2026-04-26,SUV,20.0
Ford,Bronco Badlands,2024,"2,668 mi.",Gasoline,6 Cyl,Automatic,Gray,Gray,None reported,Yes,"$52,260",carfax_rebrowser_sample_oneprice,2026-04-26,SUV,17.0
BMW,X5 xDrive50e,2024,"36,587 mi.",Hybrid,6 Cyl,Automatic,White,Brown,None reported,Yes,"$60,380",carfax_rebrowser_sample_oneprice,2026-04-26,SUV,
Ford,Expedition XLT,2024,"25,272 mi.",Gasoline,6 Cyl,Automatic,White,Black,None reported,Yes,"$49,970",carfax_rebrowser_sample_oneprice,2026-04-26,SUV,19.0
Volvo,XC60 T8 Ultimate,2024,"35,188 mi.",Hybrid,4 Cyl,Automatic,Black,Black,None reported,Yes,"$50,240",carfax_rebrowser_sample_oneprice,2026-04-26,SUV,28.0
Chevrolet,Tahoe Z71,2024,"29,053 mi.",Gasoline,8 Cyl,Automatic,Black,Black,None reported,Yes,"$62,750",carfax_rebrowser_sample_oneprice,2026-04-26,SUV,16.0
Lexus,TX 350,2024,"46,191 mi.",Gasoline,4 Cyl,Automatic,Black,Tan,None reported,Yes,"$51,210",carfax_rebrowser_sample_oneprice,2026-04-26,SUV,23.0
Ford,Expedition MAX XLT,2024,"27,474 mi.",Gasoline,6 Cyl,Automatic,Silver,Tan,None reported,Yes,"$53,090",carfax_rebrowser_sample_oneprice,2026-04-26,SUV,
Acura,MDX Advance,2024,"25,676 mi.",Gasoline,6 Cyl,Automatic,Gray,Brown,None reported,Yes,"$52,970",carfax_rebrowser_sample_oneprice,2026-04-26,SUV,21.0
BMW,X3 M40i,2024,"30,156 mi.",Gasoline,6 Cyl,Automatic,White,Brown,None reported,Yes,"$55,090",carfax_rebrowser_sample_oneprice,2026-04-26,SUV,23.0
Lincoln,Nautilus Reserve,2024,"19,080 mi.",Gasoline,4 Cyl,Automatic,White,Tan,None reported,Yes,"$51,070",carfax_rebrowser_sample_oneprice,2026-04-26,SUV,24.0
BMW,X5 xDrive50e,2024,"33,837 mi.",Hybrid,6 Cyl,Automatic,White,Gray,None reported,Yes,"$61,630",carfax_rebrowser_sample_oneprice,2026-04-26,SUV,
Lincoln,Nautilus Black Label,2024,"18,382 mi.",Hybrid,4 Cyl,Automatic,Black,Tan,None reported,Yes,"$50,860",carfax_rebrowser_sample_oneprice,2026-04-26,SUV,30.0
Cadillac,XT6 Sport,2024,"21,833 mi.",Gasoline,6 Cyl,Automatic,Black,Black,None reported,Yes,"$47,310",carfax_rebrowser_sample_oneprice,2026-04-26,SUV,21.0
Toyota,Grand Highlander Limited,2024,"18,584 mi.",Gasoline,4 Cyl,Automatic,Unknown,Gray,None reported,Yes,"$48,700",carfax_rebrowser_sample_oneprice,2026-04-26,SUV,22.0
Volvo,XC60 T8 Ultimate,2024,"16,481 mi.",Hybrid,4 Cyl,Automatic,Silver,Black,None reported,Yes,"$54,710",carfax_rebrowser_sample_oneprice,2026-04-26,SUV,28.0
Infiniti,QX60 Autograph,2024,"27,815 mi.",Gasoline,6 Cyl,Automatic,White,Black,None reported,Yes,"$49,030",carfax_rebrowser_sample_oneprice,2026-04-26,SUV,22.0
Cadillac,XT6 Sport,2024,"37,839 mi.",Gasoline,6 Cyl,Automatic,Black,Black,None reported,Yes,"$45,790",carfax_rebrowser_sample_oneprice,2026-04-26,SUV,21.0
BMW,X5 xDrive40i,2024,"33,153 mi.",Gasoline,6 Cyl,Automatic,White,White,None reported,Yes,"$57,970",carfax_rebrowser_sample_oneprice,2026-04-26,SUV,25.0
Jeep,Wagoneer Series II,2024,"64,879 mi.",Gasoline,6 Cyl,Automatic,Gray,Black,None reported,Yes,"$44,470",carfax_rebrowser_sample_oneprice,2026-04-26,SUV,19.0
Lexus,NX 350h,2024,"23,827 mi.",Hybrid,4 Cyl,Automatic,White,Red,None reported,Yes,"$50,010",carfax_rebrowser_sample_oneprice,2026-04-26,SUV,39.0
Dodge,Durango SRT,2024,"10,635 mi.",Gasoline,8 Cyl,Automatic,Black,Red,None reported,Yes,"$55,070",carfax_rebrowser_sample_oneprice,2026-04-26,SUV,15.0
Jeep,Grand Cherokee L Summit,2024,"27,409 mi.",Gasoline,6 Cyl,Automatic,Red,Black,None reported,Yes,"$50,930",carfax_rebrowser_sample_oneprice,2026-04-26,SUV,21.0
Jeep,Grand Cherokee L Summit,2024,"41,094 mi.",Gasoline,6 Cyl,Automatic,Gray,Tan,None reported,Yes,"$45,250",carfax_rebrowser_sample_oneprice,2026-04-26,SUV,21.0
Toyota,Grand Highlander XLE,2024,"43,213 mi.",Hybrid,4 Cyl,Automatic,Unknown,Black,None reported,Yes,"$48,570",carfax_rebrowser_sample_oneprice,2026-04-26,SUV,34.0
Ford,Bronco Outer Banks,2024,"12,127 mi.",Gasoline,4 Cyl,Automatic,Black,Black,None reported,Yes,"$48,030",carfax_rebrowser_sample_oneprice,2026-04-26,SUV,18.0
Lincoln,Nautilus Black Label,2024,"11,980 mi.",Gasoline,4 Cyl,Automatic,White,Tan,None reported,Yes,"$53,910",carfax_rebrowser_sample_oneprice,2026-04-26,SUV,24.0
Jeep,Grand Cherokee Summit,2024,"13,190 mi.",Gasoline,6 Cyl,Automatic,White,Tan,None reported,Yes,"$48,550",carfax_rebrowser_sample_oneprice,2026-04-26,SUV,22.0
Jeep,Wagoneer Series II,2024,"20,308 mi.",Gasoline,6 Cyl,Automatic,Black,Black,None reported,Yes,"$45,840",carfax_rebrowser_sample_oneprice,2026-04-26,SUV,20.0
Lexus,RX 350,2024,"5,941 mi.",Gasoline,4 Cyl,Automatic,Gray,Black,None reported,Yes,"$57,600",carfax_rebrowser_sample_oneprice,2026-04-26,SUV,24.0
Mercedes-Benz,GLC 300,2024,"17,185 mi.",Gasoline,4 Cyl,Automatic,White,Black,None reported,Yes,"$50,510",carfax_rebrowser_sample_oneprice,2026-04-26,SUV,27.0
Lexus,NX 350h,2024,"22,075 mi.",Hybrid,4 Cyl,Automatic,Black,Red,None reported,Yes,"$45,690",carfax_rebrowser_sample_oneprice,2026-04-26,SUV,39.0
Mercedes-Benz,GLC 43 AMG,2024,"24,283 mi.",Gasoline,4 Cyl,Automatic,White,Black,None reported,Yes,"$58,870",carfax_rebrowser_sample_oneprice,2026-04-26,SUV,21.0
Acura,MDX Type S Advance,2024,"33,546 mi.",Gasoline,6 Cyl,Automatic,Blue,Black,None reported,Yes,"$52,910",carfax_rebrowser_sample_oneprice,2026-04-26,SUV,
Volvo,XC90 T8 Ultimate,2024,"28,276 mi.",Hybrid,4 Cyl,Automatic,Blue,Tan,None reported,Yes,"$52,650",carfax_rebrowser_sample_oneprice,2026-04-26,SUV,27.0
Jeep,Grand Wagoneer Series II,2024,"57,145 mi.",Gasoline,6 Cyl,Automatic,White,Black,None reported,Yes,"$53,600",carfax_rebrowser_sample_oneprice,2026-04-26,SUV,17.0
BMW,X7 xDrive40i,2024,"59,448 mi.",Gasoline,6 Cyl,Automatic,Gray,Black,None reported,Yes,"$56,790",carfax_rebrowser_sample_oneprice,2026-04-26,SUV,22.0
Mercedes-Benz,GLE 450e,2024,"22,510 mi.",Hybrid,4 Cyl,Automatic,White,Tan,None reported,Yes,"$59,810",carfax_rebrowser_sample_oneprice,2026-04-26,SUV,
Lexus,NX 350h,2024,"28,898 mi.",Hybrid,4 Cyl,Automatic,Black,Black,None reported,Yes,"$44,680",carfax_rebrowser_sample_oneprice,2026-04-26,SUV,39.0
Toyota,Grand Highlander Platinum,2024,"33,083 mi.",Gasoline,4 Cyl,Automatic,Silver,Black,None reported,Yes,"$48,810",carfax_rebrowser_sample_oneprice,2026-04-26,SUV,
Jeep,Wagoneer Series II,2024,"26,025 mi.",Gasoline,6 Cyl,Automatic,Bronze,Black,None reported,Yes,"$53,180",carfax_rebrowser_sample_oneprice,2026-04-26,SUV,19.0
Ford,Expedition Limited,2024,"58,248 mi.",Gasoline,6 Cyl,Automatic,Silver,Brown,None reported,Yes,"$48,940",carfax_rebrowser_sample_oneprice,2026-04-26,SUV,18.0
Lincoln,Aviator Reserve,2024,"46,218 mi.",Gasoline,6 Cyl,Automatic,White,Tan,None reported,Yes,"$48,660",carfax_rebrowser_sample_oneprice,2026-04-26,SUV,20.0
Jeep,Grand Cherokee L Summit,2024,"32,938 mi.",Gasoline,8 Cyl,Automatic,White,Tan,None reported,Yes,"$54,310",carfax_rebrowser_sample_oneprice,2026-04-26,SUV,17.0
Chevrolet,Tahoe LT,2025,"28,789 mi.",Gasoline,8 Cyl,Automatic,Black,Black,None reported,Yes,"$56,440",carfax_rebrowser_sample_oneprice,2026-04-27,SUV,16.0
Ford,Bronco Raptor,2024,"2,840 mi.",Gasoline,6 Cyl,Automatic,Silver,Black,None reported,Yes,"$73,770",carfax_rebrowser_sample_oneprice,2026-04-27,SUV,15.0
Toyota,Corolla SE,2024,"17,545 mi.",Hybrid,4 Cyl,Automatic,Black,Black,None reported,Yes,"$25,420",carfax_rebrowser_sample_oneprice,2026-04-27,Sedan,
Nissan,Kicks SV,2025,"1,445 mi.",Gasoline,4 Cyl,Automatic,Bronze,Black,None reported,Yes,"$23,360",carfax_rebrowser_sample_oneprice,2026-04-27,SUV,30.0
Mercedes-Benz,EQB 300,2024,"9,151 mi.",Electric,Electric,Automatic,Black,Black,None reported,Yes,"$37,290",carfax_rebrowser_sample_oneprice,2026-04-27,SUV,87.0
Honda,CR-V Sport Touring,2025,"13,266 mi.",Hybrid,4 Cyl,Automatic,Gray,Unknown,None reported,Yes,"$37,050",carfax_rebrowser_sample_oneprice,2026-04-27,SUV,37.0
Mazda,CX-30 S,2025,"17,469 mi.",Gasoline,4 Cyl,Automatic,Red,Black,None reported,Yes,"$26,320",carfax_rebrowser_sample_oneprice,2026-04-27,SUV,29.0
Nissan,Rogue SV,2025,"41,315 mi.",Gasoline,3 Cyl,Automatic,White,Gray,None reported,Yes,"$23,330",carfax_rebrowser_sample_oneprice,2026-04-27,SUV,31.0
Honda,CR-V EX,2025,"23,169 mi.",Gasoline,4 Cyl,Automatic,Silver,Black,None reported,Yes,"$29,810",carfax_rebrowser_sample_oneprice,2026-04-27,SUV,28.0
Toyota,4Runner Trailhunter,2025,"7,340 mi.",Hybrid,4 Cyl,Automatic,Unknown,Unknown,None reported,Yes,"$68,490",carfax_rebrowser_sample_oneprice,2026-04-27,SUV,23.0
Toyota,Tacoma SR,2024,"44,782 mi.",Gasoline,4 Cyl,Automatic,White,Black,None reported,Yes,"$32,050",carfax_rebrowser_sample_oneprice,2026-04-28,Pickup,21.0
Honda,Ridgeline TrailSport,2024,"22,547 mi.",Gasoline,6 Cyl,Automatic,Silver,Black,None reported,Yes,"$35,570",carfax_rebrowser_sample_oneprice,2026-04-28,Pickup,20.0
Chevrolet,Equinox RS,2024,"29,168 mi.",Gasoline,4 Cyl,Automatic,Red,Black,None reported,Yes,"$26,260",carfax_rebrowser_sample_oneprice,2026-04-29,SUV,28.0
Genesis,GV80 2.5T,2024,"62,667 mi.",Gasoline,4 Cyl,Automatic,Blue,Black,None reported,Yes,"$31,010",carfax_rebrowser_sample_oneprice,2026-04-29,SUV,22.0
Honda,CR-V Sport,2024,"26,649 mi.",Hybrid,4 Cyl,Automatic,Gray,Black,None reported,Yes,"$30,290",carfax_rebrowser_sample_oneprice,2026-04-29,SUV,40.0
Chevrolet,Blazer LT,2024,"13,542 mi.",Gasoline,4 Cyl,Automatic,Black,Black,None reported,Yes,"$27,600",carfax_rebrowser_sample_oneprice,2026-04-29,SUV,25.0
Jeep,Wrangler Sport 4xe,2024,"26,920 mi.",Hybrid,4 Cyl,Automatic,Green,Black,None reported,Yes,"$30,930",carfax_rebrowser_sample_oneprice,2026-04-29,SUV,
Volkswagen,Tiguan S,2024,"26,171 mi.",Gasoline,4 Cyl,Automatic,Gray,Black,None reported,Yes,"$20,910",carfax_rebrowser_sample_oneprice,2026-04-29,SUV,27.0
Jeep,Compass Latitude,2024,"55,976 mi.",Gasoline,4 Cyl,Automatic,White,Black,None reported,Yes,"$19,390",carfax_rebrowser_sample_oneprice,2026-04-29,SUV,27.0
Chevrolet,Equinox LT,2024,"37,887 mi.",Gasoline,4 Cyl,Automatic,Black,Black,None reported,Yes,"$21,240",carfax_rebrowser_sample_oneprice,2026-04-29,SUV,28.0
Chevrolet,Blazer LT,2024,"30,851 mi.",Gasoline,4 Cyl,Automatic,Gray,Gray,None reported,Yes,"$26,840",carfax_rebrowser_sample_oneprice,2026-04-29,SUV,24.0
Toyota,RAV4 LE,2024,"60,393 mi.",Gasoline,4 Cyl,Automatic,Silver,Unknown,None reported,Yes,"$26,070",carfax_rebrowser_sample_oneprice,2026-04-29,SUV,30.0
Kia,K4 LXS,2025,"53,292 mi.",Gasoline,4 Cyl,Automatic,Red,Gray,None reported,Yes,"$19,690",carfax_rebrowser_sample_oneprice,2026-04-29,Sedan,33.0
Kia,Sorento,2025,"13,123 mi.",Gasoline,4 Cyl,Automatic,White,Black,None reported,Yes,"$32,380",carfax_rebrowser_sample_oneprice,2026-04-29,SUV,26.0
Subaru,Ascent Limited,2025,"8,548 mi.",Gasoline,4 Cyl,Automatic,Blue,White,None reported,Yes,"$40,570",carfax_rebrowser_sample_oneprice,2026-04-29,SUV,21.0
Buick,Enclave Preferred,2025,"22,990 mi.",Gasoline,4 Cyl,Automatic,White,Black,None reported,Yes,"$37,040",carfax_rebrowser_sample_oneprice,2026-04-29,SUV,23.0
Buick,Envista Preferred,2024,"15,620 mi.",Gasoline,3 Cyl,Automatic,Bronze,Black,None reported,Yes,"$22,900",carfax_rebrowser_sample_oneprice,2026-04-29,SUV,30.0
Ford,Escape Platinum,2024,"26,016 mi.",Gasoline,4 Cyl,Automatic,Gray,Gray,None reported,Yes,"$27,760",carfax_rebrowser_sample_oneprice,2026-04-29,SUV,26.0
Hyundai,Ioniq 5 SE,2024,"25,218 mi.",Electric,Electric,Automatic,Blue,Black,None reported,Yes,"$23,060",carfax_rebrowser_sample_oneprice,2026-04-29,SUV,114.0
Chevrolet,Silverado 2500HD LT,2025,"41,476 mi.",Diesel,8 Cyl,Automatic,Black,Black,None reported,Yes,"$57,330",carfax_rebrowser_sample_oneprice,2026-04-29,Pickup,
Mitsubishi,Outlander SE,2024,"27,654 mi.",Gasoline,4 Cyl,Automatic,Blue,Black,None reported,Yes,"$26,160",carfax_rebrowser_sample_oneprice,2026-04-29,SUV,26.0
Chevrolet,Malibu LT,2024,"63,341 mi.",Gasoline,4 Cyl,Automatic,Gray,Black,None reported,Yes,"$17,840",carfax_rebrowser_sample_oneprice,2026-04-29,Sedan,31.0
Honda,CR-V Sport-L,2025,"11,973 mi.",Hybrid,4 Cyl,Automatic,Blue,Unknown,None reported,Yes,"$36,220",carfax_rebrowser_sample_oneprice,2026-04-29,SUV,37.0
Hyundai,Sonata SEL,2024,"48,037 mi.",Gasoline,4 Cyl,Automatic,Red,Black,None reported,Yes,"$22,070",carfax_rebrowser_sample_oneprice,2026-04-29,Sedan,29.0
Nissan,Altima SR,2024,"69,009 mi.",Gasoline,4 Cyl,Automatic,Black,Unknown,None reported,Yes,"$21,250",carfax_rebrowser_sample_oneprice,2026-04-29,Sedan,31.0
Kia,Forte LXS,2024,"24,559 mi.",Gasoline,4 Cyl,Automatic,Black,Black,None reported,Yes,"$19,120",carfax_rebrowser_sample_oneprice,2026-04-29,Sedan,32.0
Nissan,Pathfinder SV,2025,"36,835 mi.",Gasoline,6 Cyl,Automatic,Gray,Black,None reported,Yes,"$31,590",carfax_rebrowser_sample_oneprice,2026-04-29,SUV,23.0
Cadillac,CT4 V,2024,"15,183 mi.",Gasoline,6 Cyl,Automatic,Black,Black,None reported,Yes,"$63,400",carfax_rebrowser_sample_oneprice,2026-04-29,Sedan,19.0
Audi,RS3,2024,"4,694 mi.",Gasoline,5 Cyl,Automatic,Green,Black,None reported,Yes,"$66,010",carfax_rebrowser_sample_oneprice,2026-04-29,Sedan,23.0
BMW,8 Series 840i,2024,"21,364 mi.",Gasoline,6 Cyl,Automatic,White,Black,None reported,Yes,"$62,180",carfax_rebrowser_sample_oneprice,2026-04-29,Sedan,24.0
Chevrolet,Camaro LT,2024,"8,502 mi.",Gasoline,6 Cyl,Automatic,White,Black,None reported,Yes,"$39,580",carfax_rebrowser_sample_oneprice,2026-04-29,Convertible,22.0
Volvo,XC90 B6 Plus,2024,"26,663 mi.",Gasoline,4 Cyl,Automatic,Black,Black,None reported,Yes,"$46,910",carfax_rebrowser_sample_oneprice,2026-04-29,SUV,23.0
Ford,F-250 XL,2024,"11,889 mi.",Flexible-Fuel,8 Cyl,Automatic,Black,Gray,None reported,Yes,"$50,400",carfax_rebrowser_sample_oneprice,2026-04-29,Pickup,
Ford,F-350 XL,2024,"8,032 mi.",Diesel,8 Cyl,Automatic,Blue,Gray,None reported,Yes,"$55,720",carfax_rebrowser_sample_oneprice,2026-04-29,Pickup,
Ford,Expedition XLT,2024,"51,733 mi.",Gasoline,6 Cyl,Automatic,Black,Black,None reported,Yes,"$47,070",carfax_rebrowser_sample_oneprice,2026-04-29,SUV,19.0
Chevrolet,Malibu LT,2024,"105,125 mi.",Gasoline,4 Cyl,Automatic,White,Black,None reported,Yes,"$14,750",carfax_rebrowser_sample_oneprice,2026-04-29,Sedan,31.0
Nissan,Sentra SV,2024,"62,570 mi.",Gasoline,4 Cyl,Automatic,Gray,Black,None reported,Yes,"$16,190",carfax_rebrowser_sample_oneprice,2026-04-29,Sedan,34.0
Nissan,Sentra SV,2024,"59,823 mi.",Gasoline,4 Cyl,Automatic,Black,Black,None reported,Yes,"$16,330",carfax_rebrowser_sample_oneprice,2026-04-29,Sedan,34.0
Toyota,Corolla LE,2024,"29,078 mi.",Gasoline,4 Cyl,Automatic,Blue,Black,None reported,Yes,"$12,770",carfax_rebrowser_sample_oneprice,2026-04-29,Sedan,35.0
Nissan,Sentra SV,2024,"50,440 mi.",Gasoline,4 Cyl,Automatic,Gray,Black,None reported,Yes,"$17,090",carfax_rebrowser_sample_oneprice,2026-04-29,Sedan,34.0
Nissan,Sentra,2024,"107,328 mi.",Gasoline,4 Cyl,Automatic,White,Gray,None reported,Yes,"$15,730",carfax_rebrowser_sample_oneprice,2026-04-29,Sedan,34.0
Nissan,Versa SV,2024,"56,142 mi.",Gasoline,4 Cyl,Automatic,Gray,Gray,None reported,Yes,"$14,900",carfax_rebrowser_sample_oneprice,2026-04-29,Sedan,35.0
Mitsubishi,Mirage G4 LE,2024,"35,911 mi.",Gasoline,3 Cyl,Automatic,Orange,Gray,None reported,Yes,"$14,250",carfax_rebrowser_sample_oneprice,2026-04-29,Sedan,37.0
Nissan,Versa SV,2024,"62,488 mi.",Gasoline,4 Cyl,Automatic,Blue,Gray,None reported,Yes,"$14,590",carfax_rebrowser_sample_oneprice,2026-04-29,Sedan,35.0
Nissan,Sentra SV,2024,"45,155 mi.",Gasoline,4 Cyl,Automatic,Brown,Black,None reported,Yes,"$17,000",carfax_rebrowser_sample_oneprice,2026-04-29,Sedan,34.0
Kia,Forte LXS,2024,"40,883 mi.",Gasoline,4 Cyl,Automatic,Black,Black,None reported,Yes,"$17,510",carfax_rebrowser_sample_oneprice,2026-04-29,Sedan,32.0
Nissan,Sentra SV,2024,"60,515 mi.",Gasoline,4 Cyl,Automatic,Blue,Black,None reported,Yes,"$16,120",carfax_rebrowser_sample_oneprice,2026-04-29,Sedan,34.0
Nissan,Sentra,2024,"97,644 mi.",Gasoline,4 Cyl,Automatic,White,Black,None reported,Yes,"$15,690",carfax_rebrowser_sample_oneprice,2026-04-29,Sedan,34.0
Toyota,Corolla LE,2024,"105,625 mi.",Gasoline,4 Cyl,Automatic,White,Black,None reported,Yes,"$16,760",carfax_rebrowser_sample_oneprice,2026-04-29,Sedan,35.0
Nissan,Sentra,2024,"100,200 mi.",Gasoline,4 Cyl,Automatic,White,Black,None reported,Yes,"$16,930",carfax_rebrowser_sample_oneprice,2026-04-29,Sedan,34.0
Kia,Forte LXS,2024,"5,358 mi.",Gasoline,4 Cyl,Automatic,Gray,Black,None reported,Yes,"$18,540",carfax_rebrowser_sample_oneprice,2026-04-29,Sedan,32.0
Nissan,Versa SR,2024,"90,435 mi.",Gasoline,4 Cyl,Automatic,Gray,Black,None reported,Yes,"$15,680",carfax_rebrowser_sample_oneprice,2026-04-29,Sedan,35.0
Nissan,Sentra SV,2024,"56,057 mi.",Gasoline,4 Cyl,Automatic,Gray,Black,None reported,Yes,"$16,920",carfax_rebrowser_sample_oneprice,2026-04-29,Sedan,34.0
Kia,Forte LXS,2024,"58,827 mi.",Gasoline,4 Cyl,Automatic,Red,Black,None reported,Yes,"$16,120",carfax_rebrowser_sample_oneprice,2026-04-29,Sedan,32.0
Nissan,Versa,2024,"26,293 mi.",Gasoline,4 Cyl,Automatic,Black,Black,None reported,Yes,"$13,190",carfax_rebrowser_sample_oneprice,2026-04-29,Sedan,35.0
Mitsubishi,Mirage G4 LE,2024,"35,368 mi.",Gasoline,3 Cyl,Automatic,Blue,Unknown,None reported,Yes,"$13,990",carfax_rebrowser_sample_oneprice,2026-04-29,Sedan,37.0
Mitsubishi,Mirage G4 ES,2024,"24,249 mi.",Gasoline,3 Cyl,Automatic,Black,Unknown,None reported,Yes,"$14,310",carfax_rebrowser_sample_oneprice,2026-04-29,Sedan,37.0
Kia,Forte LXS,2024,"92,019 mi.",Gasoline,4 Cyl,Automatic,Red,Black,None reported,Yes,"$17,120",carfax_rebrowser_sample_oneprice,2026-04-29,Sedan,32.0
Volkswagen,Jetta S,2024,"74,263 mi.",Gasoline,4 Cyl,Manual,Black,Black,None reported,Yes,"$16,010",carfax_rebrowser_sample_oneprice,2026-04-29,Sedan,34.0
Nissan,Altima SR,2024,"32,208 mi.",Gasoline,4 Cyl,Automatic,Black,Black,None reported,Yes,"$15,970",carfax_rebrowser_sample_oneprice,2026-04-29,Sedan,29.0
Mitsubishi,Mirage G4 LE,2024,"60,649 mi.",Gasoline,3 Cyl,Automatic,Black,Black,None reported,Yes,"$15,040",carfax_rebrowser_sample_oneprice,2026-04-29,Sedan,37.0
Nissan,Versa,2024,"44,269 mi.",Gasoline,4 Cyl,Automatic,Black,Black,None reported,Yes,"$16,320",carfax_rebrowser_sample_oneprice,2026-04-29,Sedan,35.0
Volkswagen,Jetta S,2024,"51,734 mi.",Gasoline,4 Cyl,Automatic,Gray,Gray,None reported,Yes,"$16,810",carfax_rebrowser_sample_oneprice,2026-04-29,Sedan,34.0
Ford,Mustang GT,2024,"12,445 mi.",Gasoline,8 Cyl,Automatic,Black,Black,None reported,Yes,"$50,540",carfax_rebrowser_sample_oneprice,2026-04-29,Convertible,18.0
Hyundai,Tucson SE,2025,"17,129 mi.",Gasoline,4 Cyl,Automatic,Green,Gray,None reported,Yes,"$25,930",carfax_rebrowser_sample_oneprice,2026-04-29,SUV,28.0
Hyundai,Tucson SE,2025,12 mi.,Gasoline,4 Cyl,Automatic,White,Gray,None reported,Yes,"$28,050",carfax_rebrowser_sample_oneprice,2026-04-29,SUV,28.0
Hyundai,Tucson SE,2025,"7,271 mi.",Gasoline,4 Cyl,Automatic,White,Black,None reported,Yes,"$27,010",carfax_rebrowser_sample_oneprice,2026-04-29,SUV,28.0
Hyundai,Tucson SE,2025,"12,743 mi.",Gasoline,4 Cyl,Automatic,Blue,Gray,None reported,Yes,"$26,630",carfax_rebrowser_sample_oneprice,2026-04-29,SUV,28.0
Chevrolet,Equinox LT,2025,"24,142 mi.",Gasoline,4 Cyl,Automatic,Gray,Black,None reported,Yes,"$27,340",carfax_rebrowser_sample_oneprice,2026-04-29,SUV,26.0
Ford,Bronco Sport Big Bend,2025,"14,000 mi.",Gasoline,3 Cyl,Automatic,Beige,Tan,None reported,Yes,"$28,610",carfax_rebrowser_sample_oneprice,2026-04-29,SUV,27.0
BMW,X5 xDrive40i,2026,"6,752 mi.",Gasoline,6 Cyl,Automatic,Gray,Brown,None reported,Yes,"$72,350",carfax_rebrowser_sample_oneprice,2026-04-30,SUV,25.0
Toyota,Land Cruiser,2026,"2,196 mi.",Hybrid,4 Cyl,Automatic,White,Tan,None reported,Yes,"$71,210",carfax_rebrowser_sample_oneprice,2026-04-30,SUV,23.0
BMW,X6 xDrive40i,2026,"1,890 mi.",Gasoline,6 Cyl,Automatic,Gray,Black,None reported,Yes,"$82,140",carfax_rebrowser_sample_oneprice,2026-04-30,SUV,23.0
Porsche,Cayenne,2024,"13,607 mi.",Gasoline,6 Cyl,Automatic,White,Black,None reported,Yes,"$83,420",carfax_rebrowser_sample_oneprice,2026-04-30,SUV,19.0
BMW,X7 M60i,2024,"25,765 mi.",Gasoline,8 Cyl,Automatic,White,Tan,None reported,Yes,"$81,910",carfax_rebrowser_sample_oneprice,2026-04-30,SUV,18.0
Lexus,GX 550,2024,"19,982 mi.",Gasoline,6 Cyl,Automatic,Silver,Unknown,None reported,Yes,"$84,280",carfax_rebrowser_sample_oneprice,2026-04-30,SUV,17.0
Land Rover,Range Rover Sport SE Dynamic,2024,"14,452 mi.",Gasoline,6 Cyl,Automatic,Gray,Gray,None reported,Yes,"$83,550",carfax_rebrowser_sample_oneprice,2026-04-30,SUV,
Jeep,Wrangler Rubicon,2024,"9,363 mi.",Gasoline,8 Cyl,Automatic,Blue,Red,None reported,Yes,"$72,500",carfax_rebrowser_sample_oneprice,2026-04-30,SUV,14.0
Chevrolet,Tahoe High Country,2024,"15,605 mi.",Gasoline,8 Cyl,Automatic,Gray,Black,None reported,Yes,"$68,440",carfax_rebrowser_sample_oneprice,2026-04-30,SUV,16.0
Cadillac,Escalade,2024,"29,129 mi.",Gasoline,8 Cyl,Automatic,Blue,Tan,None reported,Yes,"$86,150",carfax_rebrowser_sample_oneprice,2026-04-30,SUV,16.0
GMC,Yukon XL Denali,2024,"7,153 mi.",Gasoline,8 Cyl,Automatic,White,Brown,None reported,Yes,"$71,920",carfax_rebrowser_sample_oneprice,2026-04-30,SUV,16.0
Land Rover,Range Rover Sport SE Dynamic,2024,"15,215 mi.",Gasoline,6 Cyl,Automatic,White,Black,None reported,Yes,"$76,610",carfax_rebrowser_sample_oneprice,2026-04-30,SUV,
Land Rover,Range Rover Sport SE Dynamic,2024,"9,805 mi.",Gasoline,6 Cyl,Automatic,White,Black,None reported,Yes,"$78,920",carfax_rebrowser_sample_oneprice,2026-04-30,SUV,
Land Rover,Range Rover SE,2024,"62,489 mi.",Gasoline,6 Cyl,Automatic,White,Black,None reported,Yes,"$88,550",carfax_rebrowser_sample_oneprice,2026-04-30,SUV,20.0
Ford,Bronco Raptor,2024,"14,186 mi.",Gasoline,6 Cyl,Automatic,Black,Black,None reported,Yes,"$75,780",carfax_rebrowser_sample_oneprice,2026-04-30,SUV,15.0
Land Rover,Range Rover Sport SE Dynamic,2024,"14,131 mi.",Gasoline,6 Cyl,Automatic,Black,Black,None reported,Yes,"$78,060",carfax_rebrowser_sample_oneprice,2026-04-30,SUV,
Mercedes-Benz,GLE 63 AMG,2024,"47,579 mi.",Gasoline,8 Cyl,Automatic,Black,Black,None reported,Yes,"$88,550",carfax_rebrowser_sample_oneprice,2026-04-30,SUV,
Porsche,Cayenne,2024,"19,661 mi.",Gasoline,6 Cyl,Automatic,White,Black,None reported,Yes,"$78,640",carfax_rebrowser_sample_oneprice,2026-04-30,SUV,19.0
BMW,X7 M60i,2024,"18,302 mi.",Gasoline,8 Cyl,Automatic,Blue,Black,None reported,Yes,"$81,600",carfax_rebrowser_sample_oneprice,2026-04-30,SUV,18.0
BMW,XM,2024,"60,060 mi.",Hybrid,8 Cyl,Automatic,Black,Gray,None reported,Yes,"$82,620",carfax_rebrowser_sample_oneprice,2026-04-30,SUV,14.0
Mercedes-Benz,GLS 63 AMG,2024,"51,579 mi.",Gasoline,8 Cyl,Automatic,Black,Black,None reported,Yes,"$92,680",carfax_rebrowser_sample_oneprice,2026-04-30,SUV,16.0
Land Rover,Defender 110,2024,"11,332 mi.",Gasoline,8 Cyl,Automatic,Green,Tan,None reported,Yes,"$77,030",carfax_rebrowser_sample_oneprice,2026-04-30,SUV,16.0
BMW,X7 M60i,2024,"20,760 mi.",Gasoline,8 Cyl,Automatic,White,Black,None reported,Yes,"$84,830",carfax_rebrowser_sample_oneprice,2026-04-30,SUV,18.0
Porsche,Cayenne,2024,"19,298 mi.",Gasoline,6 Cyl,Automatic,White,Black,None reported,Yes,"$77,750",carfax_rebrowser_sample_oneprice,2026-04-30,SUV,19.0
Mercedes-Benz,GLE 63 AMG,2024,"10,993 mi.",Gasoline,8 Cyl,Automatic,White,Black,None reported,Yes,"$97,560",carfax_rebrowser_sample_oneprice,2026-04-30,SUV,
Nissan,Rogue Platinum,2025,"3,611 mi.",Gasoline,3 Cyl,Automatic,Beige,Black,None reported,Yes,"$35,080",carfax_rebrowser_sample_oneprice,2026-04-30,SUV,31.0
Porsche,Macan S,2024,"9,672 mi.",Gasoline,6 Cyl,Automatic,Silver,Black,None reported,Yes,"$73,500",carfax_rebrowser_sample_oneprice,2026-04-30,SUV,19.0
Audi,SQ8 Prestige,2024,"16,465 mi.",Gasoline,8 Cyl,Automatic,Blue,Gray,None reported,Yes,"$85,460",carfax_rebrowser_sample_oneprice,2026-04-30,SUV,17.0
Land Rover,Defender 130,2024,"20,192 mi.",Gasoline,6 Cyl,Automatic,Black,Black,None reported,Yes,"$80,790",carfax_rebrowser_sample_oneprice,2026-04-30,SUV,18.0
GMC,Yukon XL Denali,2024,"20,680 mi.",Gasoline,8 Cyl,Automatic,Silver,Black,None reported,Yes,"$76,110",carfax_rebrowser_sample_oneprice,2026-04-30,SUV,16.0
Cadillac,Escalade,2024,"30,204 mi.",Gasoline,8 Cyl,Automatic,White,Brown,None reported,Yes,"$86,360",carfax_rebrowser_sample_oneprice,2026-04-30,SUV,16.0
Cadillac,Escalade ESV,2024,"29,957 mi.",Gasoline,8 Cyl,Automatic,Black,Black,None reported,Yes,"$79,850",carfax_rebrowser_sample_oneprice,2026-04-30,SUV,16.0
Cadillac,Escalade ESV,2024,"16,519 mi.",Gasoline,8 Cyl,Automatic,White,Black,None reported,Yes,"$86,170",carfax_rebrowser_sample_oneprice,2026-04-30,SUV,16.0
Mercedes-Benz,GLE 53 AMG,2024,"13,419 mi.",Gasoline,6 Cyl,Automatic,Gray,Unknown,None reported,Yes,"$79,400",carfax_rebrowser_sample_oneprice,2026-04-30,SUV,20.0
Cadillac,Escalade,2024,"25,918 mi.",Gasoline,8 Cyl,Automatic,Black,Black,None reported,Yes,"$81,700",carfax_rebrowser_sample_oneprice,2026-04-30,SUV,16.0
Lexus,GX 550,2024,"33,198 mi.",Gasoline,6 Cyl,Automatic,White,Black,None reported,Yes,"$74,710",carfax_rebrowser_sample_oneprice,2026-04-30,SUV,17.0
GMC,Yukon XL Denali Ultimate,2024,"28,781 mi.",Gasoline,8 Cyl,Automatic,Black,White,None reported,Yes,"$80,270",carfax_rebrowser_sample_oneprice,2026-04-30,SUV,16.0
Cadillac,Escalade,2024,"30,928 mi.",Gasoline,8 Cyl,Automatic,White,Brown,None reported,Yes,"$87,430",carfax_rebrowser_sample_oneprice,2026-04-30,SUV,16.0
BMW,M4 Competition xDrive,2024,"16,970 mi.",Gasoline,6 Cyl,Automatic,Gray,Black,None reported,Yes,"$78,610",carfax_rebrowser_sample_oneprice,2026-04-30,Coupe,
Jeep,Wrangler Rubicon,2024,"4,470 mi.",Gasoline,8 Cyl,Automatic,Red,Black,None reported,Yes,"$79,010",carfax_rebrowser_sample_oneprice,2026-04-30,SUV,14.0
GMC,Yukon Denali Ultimate,2024,"30,082 mi.",Gasoline,8 Cyl,Automatic,White,White,None reported,Yes,"$76,790",carfax_rebrowser_sample_oneprice,2026-04-30,SUV,16.0
Porsche,Cayenne,2024,"23,751 mi.",Gasoline,6 Cyl,Automatic,Black,Black,None reported,Yes,"$83,860",carfax_rebrowser_sample_oneprice,2026-04-30,SUV,19.0
Chevrolet,Corvette,2024,"4,379 mi.",Gasoline,8 Cyl,Automatic,Green,Black,None reported,Yes,"$78,430",carfax_rebrowser_sample_oneprice,2026-04-30,Coupe,19.0
Mercedes-Benz,GLE 53 AMG,2024,"21,215 mi.",Gasoline,6 Cyl,Automatic,Black,Black,None reported,Yes,"$77,710",carfax_rebrowser_sample_oneprice,2026-04-30,SUV,20.0
Lincoln,Navigator L Black Label,2024,"17,728 mi.",Gasoline,6 Cyl,Automatic,White,White,None reported,Yes,"$84,400",carfax_rebrowser_sample_oneprice,2026-04-30,SUV,
BMW,M4 Competition,2024,"16,850 mi.",Gasoline,6 Cyl,Automatic,Yellow,Black,None reported,Yes,"$72,470",carfax_rebrowser_sample_oneprice,2026-04-30,Coupe,19.0
BMW,M4 Competition xDrive,2024,"20,863 mi.",Gasoline,6 Cyl,Automatic,Gray,Black,None reported,Yes,"$78,450",carfax_rebrowser_sample_oneprice,2026-04-30,Coupe,
Porsche,718 Cayman S,2024,"8,591 mi.",Gasoline,4 Cyl,Automatic,Silver,Gray,None reported,Yes,"$88,160",carfax_rebrowser_sample_oneprice,2026-04-30,Coupe,22.0
Jaguar,F-Type R-Dynamic,2024,139 mi.,Gasoline,8 Cyl,Automatic,Unknown,Unknown,None reported,Yes,"$76,090",carfax_rebrowser_sample_oneprice,2026-04-30,Coupe,19.0
Jaguar,F-Type R-Dynamic,2024,"5,330 mi.",Gasoline,8 Cyl,Automatic,Black,Black,None reported,Yes,"$69,320",carfax_rebrowser_sample_oneprice,2026-04-30,Coupe,19.0
Jeep,Wrangler Rubicon,2024,"3,325 mi.",Gasoline,8 Cyl,Automatic,Green,Black,None reported,Yes,"$75,300",carfax_rebrowser_sample_oneprice,2026-04-30,SUV,14.0
Lexus,GX 550,2024,"12,329 mi.",Gasoline,6 Cyl,Automatic,Blue,Tan,None reported,Yes,"$89,490",carfax_rebrowser_sample_oneprice,2026-04-30,SUV,17.0
Lotus,Emira First Edition,2024,"4,972 mi.",Gasoline,4 Cyl,Automatic,Blue,Black,None reported,Yes,"$90,400",carfax_rebrowser_sample_oneprice,2026-04-30,Coupe,
Lotus,Emira First Edition,2024,"11,101 mi.",Gasoline,6 Cyl,Unknown,Yellow,Tan,None reported,Yes,"$90,610",carfax_rebrowser_sample_oneprice,2026-04-30,Coupe,21.0
Chevrolet,Corvette,2024,"8,802 mi.",Gasoline,8 Cyl,Automatic,Black,Black,None reported,Yes,"$53,360",carfax_rebrowser_sample_oneprice,2026-04-30,Coupe,19.0
Chevrolet,Corvette,2024,"6,348 mi.",Gasoline,8 Cyl,Automatic,Red,Black,None reported,Yes,"$73,380",carfax_rebrowser_sample_oneprice,2026-04-30,Coupe,19.0
BMW,8 Series M850i xDrive,2024,"7,136 mi.",Gasoline,8 Cyl,Automatic,Gray,White,None reported,Yes,"$80,200",carfax_rebrowser_sample_oneprice,2026-04-30,Coupe,19.0
Chevrolet,Corvette,2024,"3,816 mi.",Gasoline,8 Cyl,Automatic,White,Red,None reported,Yes,"$72,300",carfax_rebrowser_sample_oneprice,2026-04-30,Coupe,19.0
Cadillac,Escalade ESV,2024,"49,509 mi.",Gasoline,8 Cyl,Automatic,White,Brown,None reported,Yes,"$83,940",carfax_rebrowser_sample_oneprice,2026-04-30,SUV,16.0
Cadillac,Escalade,2024,"51,484 mi.",Gasoline,8 Cyl,Automatic,White,Unknown,None reported,Yes,"$82,870",carfax_rebrowser_sample_oneprice,2026-04-30,SUV,16.0
Porsche,Cayenne S,2024,"46,363 mi.",Gasoline,8 Cyl,Automatic,White,Black,None reported,Yes,"$92,630",carfax_rebrowser_sample_oneprice,2026-04-30,SUV,17.0
GMC,Yukon Denali,2024,"7,057 mi.",Gasoline,8 Cyl,Automatic,Black,Black,None reported,Yes,"$79,460",carfax_rebrowser_sample_oneprice,2026-04-30,SUV,16.0
Cadillac,Escalade,2024,"16,077 mi.",Gasoline,8 Cyl,Automatic,White,Brown,None reported,Yes,"$85,510",carfax_rebrowser_sample_oneprice,2026-04-30,SUV,16.0
Cadillac,Escalade,2024,"23,467 mi.",Gasoline,8 Cyl,Automatic,Black,Black,None reported,Yes,"$80,300",carfax_rebrowser_sample_oneprice,2026-04-30,SUV,16.0
Lexus,GX 550,2024,"15,550 mi.",Gasoline,6 Cyl,Automatic,Black,Black,None reported,Yes,"$79,550",carfax_rebrowser_sample_oneprice,2026-04-30,SUV,17.0
GMC,Yukon Denali Ultimate,2024,"31,226 mi.",Gasoline,8 Cyl,Automatic,Black,White,None reported,Yes,"$81,390",carfax_rebrowser_sample_oneprice,2026-04-30,SUV,16.0
Land Rover,Range Rover Sport SE Dynamic,2024,"11,353 mi.",Gasoline,6 Cyl,Automatic,White,Black,None reported,Yes,"$78,650",carfax_rebrowser_sample_oneprice,2026-04-30,SUV,
Lexus,GX 550,2024,"20,948 mi.",Gasoline,6 Cyl,Automatic,Black,Black,None reported,Yes,"$89,410",carfax_rebrowser_sample_oneprice,2026-04-30,SUV,17.0
GMC,Yukon Denali,2024,"11,918 mi.",Gasoline,8 Cyl,Automatic,Silver,Black,None reported,Yes,"$74,580",carfax_rebrowser_sample_oneprice,2026-04-30,SUV,16.0
Porsche,Cayenne,2024,"13,240 mi.",Gasoline,6 Cyl,Automatic,White,Black,None reported,Yes,"$78,410",carfax_rebrowser_sample_oneprice,2026-04-30,SUV,19.0
BMW,X7 M60i,2024,"21,407 mi.",Gasoline,8 Cyl,Automatic,Black,Black,None reported,Yes,"$86,060",carfax_rebrowser_sample_oneprice,2026-04-30,SUV,18.0
Mercedes-Benz,GLE 53 AMG,2024,"25,399 mi.",Gasoline,6 Cyl,Automatic,Black,Red,None reported,Yes,"$80,510",carfax_rebrowser_sample_oneprice,2026-04-30,SUV,20.0
BMW,X7 M60i,2024,"38,509 mi.",Gasoline,8 Cyl,Automatic,Black,Black,None reported,Yes,"$78,710",carfax_rebrowser_sample_oneprice,2026-04-30,SUV,18.0
GMC,Yukon Denali Ultimate,2024,"20,869 mi.",Diesel,6 Cyl,Automatic,White,Unknown,None reported,Yes,"$82,740",carfax_rebrowser_sample_oneprice,2026-04-30,SUV,22.0
GMC,Yukon XL Denali Ultimate,2024,"52,558 mi.",Gasoline,8 Cyl,Automatic,White,White,None reported,Yes,"$76,120",carfax_rebrowser_sample_oneprice,2026-04-30,SUV,16.0
GMC,Yukon Denali Ultimate,2024,"31,163 mi.",Gasoline,8 Cyl,Automatic,White,White,None reported,Yes,"$78,780",carfax_rebrowser_sample_oneprice,2026-04-30,SUV,16.0
Chevrolet,Equinox LS,2024,"30,828 mi.",Gasoline,4 Cyl,Automatic,Gray,Gray,None reported,Yes,"$22,290",carfax_rebrowser_sample_oneprice,2026-04-30,SUV,28.0
Audi,SQ8 Prestige,2024,"31,594 mi.",Gasoline,8 Cyl,Automatic,Black,Black,None reported,Yes,"$83,060",carfax_rebrowser_sample_oneprice,2026-04-30,SUV,17.0
Porsche,Cayenne,2024,"6,509 mi.",Hybrid,6 Cyl,Automatic,White,Black,None reported,Yes,"$89,940",carfax_rebrowser_sample_oneprice,2026-04-30,SUV,
Land Rover,Range Rover Sport SE,2024,"13,109 mi.",Gasoline,6 Cyl,Automatic,Black,Black,None reported,Yes,"$75,800",carfax_rebrowser_sample_oneprice,2026-04-30,SUV,
BMW,X7 M60i,2024,"15,144 mi.",Gasoline,8 Cyl,Automatic,Gray,White,None reported,Yes,"$84,020",carfax_rebrowser_sample_oneprice,2026-04-30,SUV,18.0
GMC,Hummer EV 3X,2024,"18,979 mi.",Electric,Electric,Automatic,Blue,Tan,None reported,Yes,"$67,830",carfax_rebrowser_sample_oneprice,2026-04-30,SUV,
Lincoln,Navigator L Reserve,2024,"15,842 mi.",Gasoline,6 Cyl,Automatic,White,Unknown,None reported,Yes,"$77,500",carfax_rebrowser_sample_oneprice,2026-04-30,SUV,
Cadillac,Escalade,2024,"14,533 mi.",Gasoline,8 Cyl,Automatic,Red,Brown,None reported,Yes,"$79,310",carfax_rebrowser_sample_oneprice,2026-04-30,SUV,16.0
Lexus,GX 550,2024,"13,992 mi.",Gasoline,6 Cyl,Automatic,Green,Black,None reported,Yes,"$85,010",carfax_rebrowser_sample_oneprice,2026-04-30,SUV,17.0
Lexus,GX 550,2024,"23,265 mi.",Gasoline,6 Cyl,Automatic,Black,Tan,None reported,Yes,"$85,180",carfax_rebrowser_sample_oneprice,2026-04-30,SUV,17.0
GMC,Yukon Denali Ultimate,2024,"26,059 mi.",Gasoline,8 Cyl,Automatic,Red,White,None reported,Yes,"$79,420",carfax_rebrowser_sample_oneprice,2026-04-30,SUV,16.0
BMW,X7 M60i,2024,"19,764 mi.",Gasoline,8 Cyl,Automatic,Gray,Black,None reported,Yes,"$86,020",carfax_rebrowser_sample_oneprice,2026-04-30,SUV,18.0
Chevrolet,Tahoe High Country,2024,"12,098 mi.",Gasoline,8 Cyl,Automatic,White,Black,None reported,Yes,"$70,490",carfax_rebrowser_sample_oneprice,2026-04-30,SUV,16.0
Cadillac,Escalade,2024,"24,260 mi.",Gasoline,8 Cyl,Automatic,Black,Black,None reported,Yes,"$69,960",carfax_rebrowser_sample_oneprice,2026-04-30,SUV,16.0
GMC,Yukon Denali Ultimate,2024,"19,532 mi.",Gasoline,8 Cyl,Automatic,Green,White,None reported,Yes,"$78,500",carfax_rebrowser_sample_oneprice,2026-04-30,SUV,16.0
Porsche,Cayenne,2024,"13,796 mi.",Gasoline,6 Cyl,Automatic,Gray,Black,None reported,Yes,"$80,420",carfax_rebrowser_sample_oneprice,2026-04-30,SUV,19.0
Lexus,GX 550,2024,"12,579 mi.",Gasoline,6 Cyl,Automatic,Black,Black,None reported,Yes,"$80,480",carfax_rebrowser_sample_oneprice,2026-04-30,SUV,17.0
Land Rover,Defender 130,2024,"13,232 mi.",Gasoline,6 Cyl,Automatic,White,Black,None reported,Yes,"$70,740",carfax_rebrowser_sample_oneprice,2026-04-30,SUV,17.0
GMC,Yukon XL Denali Ultimate,2024,"17,834 mi.",Gasoline,8 Cyl,Automatic,Gray,White,None reported,Yes,"$85,840",carfax_rebrowser_sample_oneprice,2026-04-30,SUV,16.0
Land Rover,Defender 130,2024,"5,289 mi.",Gasoline,6 Cyl,Automatic,Green,Unknown,None reported,Yes,"$88,530",carfax_rebrowser_sample_oneprice,2026-04-30,SUV,18.0
Lincoln,Navigator L Black Label,2024,"36,150 mi.",Gasoline,6 Cyl,Automatic,Gray,Black,None reported,Yes,"$72,310",carfax_rebrowser_sample_oneprice,2026-04-30,SUV,
Porsche,Cayenne,2024,"13,215 mi.",Gasoline,6 Cyl,Automatic,Silver,Black,None reported,Yes,"$80,260",carfax_rebrowser_sample_oneprice,2026-04-30,SUV,19.0
Lincoln,Navigator Black Label,2024,"33,421 mi.",Gasoline,6 Cyl,Automatic,Green,Green,None reported,Yes,"$78,650",carfax_rebrowser_sample_oneprice,2026-04-30,SUV,18.0
Mercedes-Benz,GLE 53 AMG,2024,"9,878 mi.",Gasoline,6 Cyl,Automatic,Gray,Black,None reported,Yes,"$83,470",carfax_rebrowser_sample_oneprice,2026-04-30,SUV,20.0
Chevrolet,Tahoe High Country,2024,"21,497 mi.",Gasoline,8 Cyl,Automatic,White,Black,None reported,Yes,"$69,770",carfax_rebrowser_sample_oneprice,2026-04-30,SUV,16.0
Lexus,GX 550,2024,"32,021 mi.",Gasoline,6 Cyl,Automatic,White,Black,None reported,Yes,"$81,440",carfax_rebrowser_sample_oneprice,2026-04-30,SUV,17.0
Land Rover,Defender 130,2024,"39,597 mi.",Gasoline,6 Cyl,Automatic,Black,Black,None reported,Yes,"$78,360",carfax_rebrowser_sample_oneprice,2026-04-30,SUV,18.0
GMC,Yukon Denali,2024,"20,737 mi.",Gasoline,8 Cyl,Automatic,Black,Black,None reported,Yes,"$71,750",carfax_rebrowser_sample_oneprice,2026-04-30,SUV,16.0
Cadillac,Escalade,2024,"18,124 mi.",Gasoline,8 Cyl,Automatic,White,Tan,None reported,Yes,"$82,620",carfax_rebrowser_sample_oneprice,2026-04-30,SUV,16.0
Lexus,GX 550,2024,"25,645 mi.",Gasoline,6 Cyl,Automatic,Gray,Black,None reported,Yes,"$77,610",carfax_rebrowser_sample_oneprice,2026-04-30,SUV,17.0
Lexus,GX 550,2024,"23,086 mi.",Gasoline,6 Cyl,Automatic,Green,Gray,None reported,Yes,"$80,960",carfax_rebrowser_sample_oneprice,2026-04-30,SUV,17.0
Dodge,Durango SRT,2024,"3,820 mi.",Gasoline,8 Cyl,Automatic,White,Black,None reported,Yes,"$79,810",carfax_rebrowser_sample_oneprice,2026-04-30,SUV,13.0
Cadillac,Escalade ESV,2024,"16,539 mi.",Gasoline,8 Cyl,Automatic,White,Black,None reported,Yes,"$88,800",carfax_rebrowser_sample_oneprice,2026-04-30,SUV,16.0
Porsche,Cayenne,2024,"17,867 mi.",Gasoline,6 Cyl,Automatic,White,Black,None reported,Yes,"$81,180",carfax_rebrowser_sample_oneprice,2026-04-30,SUV,19.0
Cadillac,Escalade ESV,2024,"48,400 mi.",Gasoline,8 Cyl,Automatic,White,Tan,None reported,Yes,"$84,300",carfax_rebrowser_sample_oneprice,2026-04-30,SUV,16.0
Audi,SQ8 Premium Plus,2024,"20,981 mi.",Gasoline,8 Cyl,Automatic,Blue,Gray,None reported,Yes,"$77,840",carfax_rebrowser_sample_oneprice,2026-04-30,SUV,17.0
Land Rover,Range Rover SE,2024,"63,152 mi.",Gasoline,6 Cyl,Automatic,Blue,Unknown,None reported,Yes,"$84,930",carfax_rebrowser_sample_oneprice,2026-04-30,SUV,20.0
Jeep,Wrangler Rubicon,2024,"10,579 mi.",Gasoline,8 Cyl,Automatic,Gray,Red,None reported,Yes,"$74,730",carfax_rebrowser_sample_oneprice,2026-04-30,SUV,14.0
Lincoln,Navigator L Black Label,2024,"31,383 mi.",Gasoline,6 Cyl,Automatic,Black,Unknown,None reported,Yes,"$78,730",carfax_rebrowser_sample_oneprice,2026-04-30,SUV,
Ford,Bronco Raptor,2024,"1,075 mi.",Gasoline,6 Cyl,Automatic,Green,Black,None reported,Yes,"$74,040",carfax_rebrowser_sample_oneprice,2026-04-30,SUV,15.0
Chevrolet,Tahoe High Country,2024,"5,983 mi.",Gasoline,8 Cyl,Automatic,White,Black,None reported,Yes,"$74,140",carfax_rebrowser_sample_oneprice,2026-04-30,SUV,16.0
Land Rover,Defender 130,2024,"27,421 mi.",Gasoline,6 Cyl,Automatic,Red,White,None reported,Yes,"$67,750",carfax_rebrowser_sample_oneprice,2026-04-30,SUV,18.0
Dodge,Durango SRT,2024,"1,138 mi.",Gasoline,8 Cyl,Automatic,Black,Black,None reported,Yes,"$78,920",carfax_rebrowser_sample_oneprice,2026-04-30,SUV,13.0
Lincoln,Navigator L Reserve,2024,"19,013 mi.",Gasoline,6 Cyl,Automatic,Unknown,Tan,None reported,Yes,"$76,320",carfax_rebrowser_sample_oneprice,2026-04-30,SUV,
Ford,Bronco Raptor,2024,"6,064 mi.",Gasoline,6 Cyl,Automatic,Blue,Black,None reported,Yes,"$73,320",carfax_rebrowser_sample_oneprice,2026-04-30,SUV,15.0
GMC,Yukon Denali Ultimate,2024,"35,713 mi.",Gasoline,8 Cyl,Automatic,Silver,White,None reported,Yes,"$80,270",carfax_rebrowser_sample_oneprice,2026-04-30,SUV,16.0
Cadillac,Escalade ESV,2024,"14,517 mi.",Gasoline,8 Cyl,Automatic,Black,Black,None reported,Yes,"$88,330",carfax_rebrowser_sample_oneprice,2026-04-30,SUV,16.0
Lexus,GX 550,2024,"12,735 mi.",Gasoline,6 Cyl,Automatic,White,Gray,None reported,Yes,"$89,120",carfax_rebrowser_sample_oneprice,2026-04-30,SUV,17.0
Land Rover,Range Rover Sport SE,2024,"10,064 mi.",Gasoline,6 Cyl,Automatic,Black,Black,None reported,Yes,"$78,700",carfax_rebrowser_sample_oneprice,2026-04-30,SUV,
Toyota,Grand Highlander Limited,2024,"22,239 mi.",Gasoline,4 Cyl,Automatic,Unknown,Black,None reported,Yes,"$47,010",carfax_rebrowser_sample_oneprice,2026-04-30,SUV,22.0
GMC,Yukon Denali Ultimate,2024,"15,600 mi.",Gasoline,8 Cyl,Automatic,White,White,None reported,Yes,"$84,170",carfax_rebrowser_sample_oneprice,2026-04-30,SUV,16.0
BMW,8 Series M850i xDrive,2025,"14,861 mi.",Gasoline,8 Cyl,Automatic,Gray,Black,None reported,Yes,"$80,660",carfax_rebrowser_sample_oneprice,2026-04-30,Coupe,19.0
GMC,Yukon Denali,2025,"26,375 mi.",Gasoline,8 Cyl,Automatic,White,Black,None reported,Yes,"$73,130",carfax_rebrowser_sample_oneprice,2026-04-30,SUV,16.0
Tesla,Model X,2025,"1,995 mi.",Electric,Electric,Automatic,Unknown,Unknown,None reported,Yes,"$80,980",carfax_rebrowser_sample_oneprice,2026-04-30,SUV,98.0
Mercedes-Benz,GLS 450,2025,"3,195 mi.",Gasoline,6 Cyl,Automatic,Black,Brown,None reported,Yes,"$85,260",carfax_rebrowser_sample_oneprice,2026-04-30,SUV,21.0
Mercedes-Benz,GLC 43 AMG,2025,"2,271 mi.",Gasoline,4 Cyl,Automatic,White,Black,None reported,Yes,"$67,040",carfax_rebrowser_sample_oneprice,2026-04-30,SUV,21.0
BMW,M4 Base,2025,"5,490 mi.",Gasoline,6 Cyl,Manual,Gray,Red,None reported,Yes,"$82,610",carfax_rebrowser_sample_oneprice,2026-04-30,Coupe,19.0
Mercedes-Benz,GLS 450,2025,"10,750 mi.",Gasoline,6 Cyl,Automatic,Black,Tan,None reported,Yes,"$83,290",carfax_rebrowser_sample_oneprice,2026-04-30,SUV,21.0
BMW,M4 Competition xDrive,2025,"34,479 mi.",Gasoline,6 Cyl,Automatic,Gray,Gray,None reported,Yes,"$80,030",carfax_rebrowser_sample_oneprice,2026-04-30,Coupe,
Chevrolet,Corvette,2025,"13,444 mi.",Gasoline,8 Cyl,Automatic,White,Gray,None reported,Yes,"$71,490",carfax_rebrowser_sample_oneprice,2026-04-30,Coupe,19.0
BMW,M4 Competition,2025,"3,547 mi.",Gasoline,6 Cyl,Automatic,Red,Black,None reported,Yes,"$80,840",carfax_rebrowser_sample_oneprice,2026-04-30,Coupe,19.0
Chevrolet,Corvette,2025,"1,603 mi.",Gasoline,8 Cyl,Automatic,Black,Gray,None reported,Yes,"$74,530",carfax_rebrowser_sample_oneprice,2026-04-30,Coupe,19.0
Porsche,718 Cayman Style Edition,2025,"2,159 mi.",Gasoline,4 Cyl,Manual,Silver,Black,None reported,Yes,"$88,970",carfax_rebrowser_sample_oneprice,2026-04-30,Coupe,22.0
BMW,8 Series 840i,2025,"6,982 mi.",Gasoline,6 Cyl,Automatic,Black,Red,None reported,Yes,"$70,720",carfax_rebrowser_sample_oneprice,2026-04-30,Coupe,24.0
Porsche,718 Cayman,2025,"3,981 mi.",Gasoline,4 Cyl,Manual,Black,Unknown,None reported,Yes,"$87,580",carfax_rebrowser_sample_oneprice,2026-04-30,Coupe,22.0
BMW,M2,2025,"9,002 mi.",Gasoline,6 Cyl,Manual,Gray,Black,None reported,Yes,"$68,860",carfax_rebrowser_sample_oneprice,2026-04-30,Coupe,19.0
BMW,M4 Competition,2025,"19,868 mi.",Gasoline,6 Cyl,Automatic,Blue,Blue,None reported,Yes,"$79,480",carfax_rebrowser_sample_oneprice,2026-04-30,Coupe,19.0
Porsche,718 Cayman,2025,"6,358 mi.",Gasoline,4 Cyl,Automatic,White,Black,None reported,Yes,"$86,920",carfax_rebrowser_sample_oneprice,2026-04-30,Coupe,24.0
BMW,M4 Competition,2025,"12,774 mi.",Gasoline,6 Cyl,Automatic,White,Black,None reported,Yes,"$79,050",carfax_rebrowser_sample_oneprice,2026-04-30,Coupe,19.0
BMW,M4 Competition xDrive,2025,"7,965 mi.",Gasoline,6 Cyl,Automatic,Gray,Gray,None reported,Yes,"$87,790",carfax_rebrowser_sample_oneprice,2026-04-30,Coupe,
Chevrolet,Corvette,2025,"6,970 mi.",Gasoline,8 Cyl,Automatic,Unknown,Black,None reported,Yes,"$65,250",carfax_rebrowser_sample_oneprice,2026-04-30,Coupe,19.0
BMW,M4 Base,2025,"8,492 mi.",Gasoline,6 Cyl,Manual,Gray,Orange,None reported,Yes,"$80,420",carfax_rebrowser_sample_oneprice,2026-04-30,Coupe,19.0
Lincoln,Navigator Reserve,2025,"20,876 mi.",Gasoline,6 Cyl,Automatic,Black,Brown,None reported,Yes,"$83,390",carfax_rebrowser_sample_oneprice,2026-04-30,SUV,17.0
BMW,M4 Competition xDrive,2025,"14,055 mi.",Gasoline,6 Cyl,Automatic,Gray,Gray,None reported,Yes,"$85,980",carfax_rebrowser_sample_oneprice,2026-04-30,Coupe,
Chevrolet,Corvette,2025,"2,289 mi.",Gasoline,8 Cyl,Automatic,White,Red,None reported,Yes,"$71,820",carfax_rebrowser_sample_oneprice,2026-04-30,Coupe,19.0
BMW,M4 Competition xDrive,2025,"13,233 mi.",Gasoline,6 Cyl,Automatic,White,Red,None reported,Yes,"$87,450",carfax_rebrowser_sample_oneprice,2026-04-30,Coupe,
Mercedes-Benz,CLE 53 AMG,2025,"7,828 mi.",Gasoline,6 Cyl,Automatic,White,Black,None reported,Yes,"$76,920",carfax_rebrowser_sample_oneprice,2026-04-30,Coupe,23.0
Toyota,Sequoia TRD Pro,2025,"10,133 mi.",Hybrid,6 Cyl,Automatic,Black,Unknown,None reported,Yes,"$79,440",carfax_rebrowser_sample_oneprice,2026-04-30,SUV,
BMW,M4 Competition,2025,"3,530 mi.",Gasoline,6 Cyl,Automatic,Black,Red,None reported,Yes,"$84,610",carfax_rebrowser_sample_oneprice,2026-04-30,Coupe,19.0
Ford,Bronco Raptor,2025,"18,803 mi.",Gasoline,6 Cyl,Automatic,Green,Black,None reported,Yes,"$73,940",carfax_rebrowser_sample_oneprice,2026-04-30,SUV,15.0
GMC,Yukon XL Denali,2025,"24,260 mi.",Gasoline,8 Cyl,Automatic,Black,Black,None reported,Yes,"$72,980",carfax_rebrowser_sample_oneprice,2026-04-30,SUV,16.0
Lincoln,Aviator Black Label,2025,"5,885 mi.",Gasoline,6 Cyl,Automatic,White,Tan,None reported,Yes,"$78,670",carfax_rebrowser_sample_oneprice,2026-04-30,SUV,20.0
Infiniti,QX80 Autograph,2025,"7,612 mi.",Gasoline,6 Cyl,Automatic,Black,Black,None reported,Yes,"$90,620",carfax_rebrowser_sample_oneprice,2026-04-30,SUV,17.0
Toyota,Sequoia Platinum,2025,"16,621 mi.",Hybrid,6 Cyl,Automatic,Black,Black,None reported,Yes,"$73,440",carfax_rebrowser_sample_oneprice,2026-04-30,SUV,
Land Rover,Range Rover Sport SE,2025,"28,250 mi.",Gasoline,6 Cyl,Automatic,White,Black,None reported,Yes,"$71,450",carfax_rebrowser_sample_oneprice,2026-04-30,SUV,
Lincoln,Navigator L Reserve,2025,"18,371 mi.",Gasoline,6 Cyl,Automatic,Blue,Gray,None reported,Yes,"$89,190",carfax_rebrowser_sample_oneprice,2026-04-30,SUV,
Chevrolet,Suburban High Country,2025,"13,142 mi.",Gasoline,8 Cyl,Automatic,Gray,Black,None reported,Yes,"$84,580",carfax_rebrowser_sample_oneprice,2026-04-30,SUV,16.0
BMW,M4 Competition xDrive,2025,"11,550 mi.",Gasoline,6 Cyl,Automatic,Gray,Orange,None reported,Yes,"$86,330",carfax_rebrowser_sample_oneprice,2026-04-30,Coupe,
BMW,X5 M60i,2025,"13,649 mi.",Gasoline,8 Cyl,Automatic,White,Gray,None reported,Yes,"$84,810",carfax_rebrowser_sample_oneprice,2026-04-30,SUV,19.0
GMC,Yukon AT4,2025,"7,680 mi.",Diesel,6 Cyl,Automatic,Silver,Unknown,None reported,Yes,"$78,760",carfax_rebrowser_sample_oneprice,2026-04-30,SUV,22.0
GMC,Yukon XL Denali,2025,"24,473 mi.",Gasoline,8 Cyl,Automatic,White,Black,None reported,Yes,"$74,390",carfax_rebrowser_sample_oneprice,2026-04-30,SUV,16.0
GMC,Yukon XL Denali,2025,"7,983 mi.",Gasoline,8 Cyl,Automatic,White,Brown,None reported,Yes,"$78,480",carfax_rebrowser_sample_oneprice,2026-04-30,SUV,16.0
Toyota,Sequoia Platinum,2025,"17,150 mi.",Hybrid,6 Cyl,Automatic,White,Black,None reported,Yes,"$73,840",carfax_rebrowser_sample_oneprice,2026-04-30,SUV,
Jeep,Grand Wagoneer Series III,2025,"12,347 mi.",Gasoline,6 Cyl,Automatic,Gray,Tan,None reported,Yes,"$84,360",carfax_rebrowser_sample_oneprice,2026-04-30,SUV,17.0
Ford,Expedition MAX Platinum,2025,"11,841 mi.",Gasoline,6 Cyl,Automatic,Blue,Black,None reported,Yes,"$74,350",carfax_rebrowser_sample_oneprice,2026-04-30,SUV,
Lincoln,Navigator Reserve,2025,"21,474 mi.",Gasoline,6 Cyl,Automatic,Black,Brown,None reported,Yes,"$83,350",carfax_rebrowser_sample_oneprice,2026-04-30,SUV,17.0
GMC,Yukon Denali,2025,"8,999 mi.",Gasoline,8 Cyl,Automatic,Blue,Brown,None reported,Yes,"$79,170",carfax_rebrowser_sample_oneprice,2026-04-30,SUV,16.0
BMW,X6 M60i,2025,"5,389 mi.",Gasoline,8 Cyl,Automatic,Gray,Black,None reported,Yes,"$92,630",carfax_rebrowser_sample_oneprice,2026-04-30,SUV,19.0
Porsche,718 Cayman,2025,"3,416 mi.",Gasoline,4 Cyl,Automatic,White,Black,None reported,Yes,"$88,500",carfax_rebrowser_sample_oneprice,2026-04-30,Coupe,24.0
Chevrolet,Corvette,2025,"7,790 mi.",Gasoline,8 Cyl,Automatic,White,Red,None reported,Yes,"$79,170",carfax_rebrowser_sample_oneprice,2026-04-30,Coupe,19.0
Chevrolet,Corvette E-Ray,2025,"16,216 mi.",Hybrid,8 Cyl,Automatic,Blue,Black,None reported,Yes,"$90,180",carfax_rebrowser_sample_oneprice,2026-04-30,Coupe,
Chevrolet,Corvette,2025,"6,025 mi.",Gasoline,8 Cyl,Automatic,White,Red,None reported,Yes,"$61,830",carfax_rebrowser_sample_oneprice,2026-04-30,Coupe,19.0
BMW,X5 M60i,2025,"12,753 mi.",Gasoline,8 Cyl,Automatic,Black,Tan,None reported,Yes,"$84,570",carfax_rebrowser_sample_oneprice,2026-04-30,SUV,19.0
GMC,Yukon XL Denali,2025,"15,147 mi.",Gasoline,8 Cyl,Automatic,White,Black,None reported,Yes,"$76,200",carfax_rebrowser_sample_oneprice,2026-04-30,SUV,16.0
Lexus,GX 550,2025,"14,069 mi.",Gasoline,6 Cyl,Automatic,Green,Black,None reported,Yes,"$85,060",carfax_rebrowser_sample_oneprice,2026-04-30,SUV,17.0
Land Rover,Defender 110,2025,"9,865 mi.",Gasoline,6 Cyl,Automatic,Beige,Tan,None reported,Yes,"$75,800",carfax_rebrowser_sample_oneprice,2026-04-30,SUV,19.0
Mercedes-Benz,GLE 53 AMG,2025,"19,811 mi.",Gasoline,6 Cyl,Automatic,Gray,Black,None reported,Yes,"$81,290",carfax_rebrowser_sample_oneprice,2026-04-30,SUV,20.0
Mercedes-Benz,GLE 53 AMG,2025,"9,745 mi.",Gasoline,6 Cyl,Automatic,Gray,Black,None reported,Yes,"$85,810",carfax_rebrowser_sample_oneprice,2026-04-30,SUV,20.0
Porsche,Macan 4,2025,"4,255 mi.",Electric,Electric,Automatic,Unknown,Black,None reported,Yes,"$84,180",carfax_rebrowser_sample_oneprice,2026-04-30,SUV,98.0
GMC,Yukon XL Denali,2025,"17,987 mi.",Gasoline,8 Cyl,Automatic,Silver,Black,None reported,Yes,"$75,080",carfax_rebrowser_sample_oneprice,2026-04-30,SUV,16.0
Porsche,Cayenne,2025,"10,019 mi.",Gasoline,6 Cyl,Automatic,White,Black,None reported,Yes,"$93,050",carfax_rebrowser_sample_oneprice,2026-04-30,SUV,19.0
GMC,Yukon XL Denali,2025,"18,431 mi.",Gasoline,8 Cyl,Automatic,Black,Black,None reported,Yes,"$72,330",carfax_rebrowser_sample_oneprice,2026-04-30,SUV,16.0
Land Rover,Range Rover Sport SE,2025,"8,236 mi.",Gasoline,6 Cyl,Automatic,Black,Unknown,None reported,Yes,"$78,520",carfax_rebrowser_sample_oneprice,2026-04-30,SUV,
GMC,Yukon XL Denali,2025,"14,498 mi.",Gasoline,8 Cyl,Automatic,Black,Black,None reported,Yes,"$76,010",carfax_rebrowser_sample_oneprice,2026-04-30,SUV,16.0
GMC,Yukon XL Denali,2025,"16,342 mi.",Gasoline,8 Cyl,Automatic,White,Black,None reported,Yes,"$75,840",carfax_rebrowser_sample_oneprice,2026-04-30,SUV,16.0
GMC,Hummer EV 3X,2025,"7,869 mi.",Electric,Electric,Automatic,Black,Tan,None reported,Yes,"$82,020",carfax_rebrowser_sample_oneprice,2026-04-30,SUV,
GMC,Yukon XL Denali,2025,"10,041 mi.",Gasoline,8 Cyl,Automatic,Black,Black,None reported,Yes,"$76,560",carfax_rebrowser_sample_oneprice,2026-04-30,SUV,16.0
Chevrolet,Tahoe High Country,2025,"20,332 mi.",Gasoline,8 Cyl,Automatic,Blue,Black,None reported,Yes,"$77,310",carfax_rebrowser_sample_oneprice,2026-04-30,SUV,16.0
Land Rover,Range Rover Sport SE,2025,"10,123 mi.",Gasoline,6 Cyl,Automatic,White,Black,None reported,Yes,"$78,110",carfax_rebrowser_sample_oneprice,2026-04-30,SUV,
GMC,Yukon XL Denali,2025,"17,447 mi.",Gasoline,8 Cyl,Automatic,Silver,Unknown,None reported,Yes,"$74,340",carfax_rebrowser_sample_oneprice,2026-04-30,SUV,16.0
Mercedes-Benz,GLS 450,2025,"14,410 mi.",Gasoline,6 Cyl,Automatic,White,Black,None reported,Yes,"$76,020",carfax_rebrowser_sample_oneprice,2026-04-30,SUV,21.0
Mercedes-Benz,GLS 450,2025,"5,915 mi.",Gasoline,6 Cyl,Automatic,Black,Brown,None reported,Yes,"$84,180",carfax_rebrowser_sample_oneprice,2026-04-30,SUV,21.0
Toyota,Sequoia TRD Pro,2025,"6,447 mi.",Hybrid,6 Cyl,Automatic,Brown,Black,None reported,Yes,"$81,500",carfax_rebrowser_sample_oneprice,2026-04-30,SUV,
Land Rover,Defender 110,2025,"3,637 mi.",Gasoline,6 Cyl,Automatic,Black,Black,None reported,Yes,"$77,600",carfax_rebrowser_sample_oneprice,2026-04-30,SUV,19.0
Lexus,GX 550,2025,"9,660 mi.",Gasoline,6 Cyl,Automatic,Gray,Tan,None reported,Yes,"$84,660",carfax_rebrowser_sample_oneprice,2026-04-30,SUV,17.0
Mercedes-Benz,GLS 450,2025,"8,574 mi.",Gasoline,6 Cyl,Automatic,Silver,Black,None reported,Yes,"$83,720",carfax_rebrowser_sample_oneprice,2026-04-30,SUV,21.0
Land Rover,Range Rover Sport SE Dynamic,2025,"11,946 mi.",Gasoline,6 Cyl,Automatic,Black,Black,None reported,Yes,"$88,410",carfax_rebrowser_sample_oneprice,2026-04-30,SUV,
Lexus,GX 550,2025,"16,270 mi.",Gasoline,6 Cyl,Automatic,White,Black,None reported,Yes,"$81,160",carfax_rebrowser_sample_oneprice,2026-04-30,SUV,17.0
Toyota,Sequoia TRD Pro,2025,"16,610 mi.",Hybrid,6 Cyl,Automatic,Brown,Black,None reported,Yes,"$75,920",carfax_rebrowser_sample_oneprice,2026-04-30,SUV,
Lincoln,Navigator Reserve,2025,"8,005 mi.",Gasoline,6 Cyl,Automatic,Unknown,Brown,None reported,Yes,"$91,880",carfax_rebrowser_sample_oneprice,2026-04-30,SUV,17.0
Mercedes-Benz,GLC 63 AMG,2025,"5,577 mi.",Hybrid,4 Cyl,Automatic,Gray,Black,None reported,Yes,"$85,740",carfax_rebrowser_sample_oneprice,2026-04-30,SUV,20.0
GMC,Yukon AT4,2025,"30,268 mi.",Gasoline,8 Cyl,Automatic,Silver,Unknown,None reported,Yes,"$75,800",carfax_rebrowser_sample_oneprice,2026-04-30,SUV,16.0
Land Rover,Defender 130,2025,"17,074 mi.",Gasoline,6 Cyl,Automatic,White,Black,None reported,Yes,"$83,000",carfax_rebrowser_sample_oneprice,2026-04-30,SUV,18.0
Porsche,Macan S,2025,"6,596 mi.",Gasoline,6 Cyl,Automatic,Black,Black,None reported,Yes,"$82,450",carfax_rebrowser_sample_oneprice,2026-04-30,SUV,19.0
Toyota,Sequoia Platinum,2025,"12,319 mi.",Hybrid,6 Cyl,Automatic,Gray,Black,None reported,Yes,"$75,190",carfax_rebrowser_sample_oneprice,2026-04-30,SUV,
Infiniti,QX80 Sensory,2025,"23,701 mi.",Gasoline,6 Cyl,Automatic,White,Black,None reported,Yes,"$75,490",carfax_rebrowser_sample_oneprice,2026-04-30,SUV,17.0
GMC,Yukon AT4,2025,"11,089 mi.",Diesel,6 Cyl,Automatic,Silver,Unknown,None reported,Yes,"$79,090",carfax_rebrowser_sample_oneprice,2026-04-30,SUV,22.0
Lincoln,Navigator Reserve,2025,"16,345 mi.",Gasoline,6 Cyl,Automatic,Black,Brown,None reported,Yes,"$91,290",carfax_rebrowser_sample_oneprice,2026-04-30,SUV,17.0
Jeep,Grand Wagoneer Series III,2025,"25,842 mi.",Gasoline,6 Cyl,Automatic,Black,Tan,None reported,Yes,"$82,880",carfax_rebrowser_sample_oneprice,2026-04-30,SUV,17.0
Ford,Bronco Raptor,2025,"22,426 mi.",Gasoline,6 Cyl,Automatic,Black,Black,None reported,Yes,"$72,480",carfax_rebrowser_sample_oneprice,2026-04-30,SUV,15.0
GMC,Yukon XL Denali,2025,"17,325 mi.",Gasoline,8 Cyl,Automatic,White,Black,None reported,Yes,"$73,350",carfax_rebrowser_sample_oneprice,2026-04-30,SUV,16.0
Lexus,GX 550,2025,"4,971 mi.",Gasoline,6 Cyl,Automatic,Green,Gray,None reported,Yes,"$86,890",carfax_rebrowser_sample_oneprice,2026-04-30,SUV,17.0
Land Rover,Range Rover Sport SE,2025,"8,765 mi.",Gasoline,6 Cyl,Automatic,Black,Black,None reported,Yes,"$78,520",carfax_rebrowser_sample_oneprice,2026-04-30,SUV,
Infiniti,QX80 Luxe,2025,"8,128 mi.",Gasoline,6 Cyl,Automatic,Black,Black,None reported,Yes,"$72,770",carfax_rebrowser_sample_oneprice,2026-04-30,SUV,17.0
GMC,Yukon XL AT4,2025,"14,326 mi.",Diesel,6 Cyl,Automatic,Silver,Unknown,None reported,Yes,"$81,910",carfax_rebrowser_sample_oneprice,2026-04-30,SUV,22.0
Ford,Expedition Tremor,2025,"6,216 mi.",Gasoline,6 Cyl,Automatic,Gray,Black,None reported,Yes,"$76,460",carfax_rebrowser_sample_oneprice,2026-04-30,SUV,18.0
Chevrolet,Tahoe High Country,2025,"16,680 mi.",Gasoline,8 Cyl,Automatic,Gray,Black,None reported,Yes,"$75,540",carfax_rebrowser_sample_oneprice,2026-04-30,SUV,16.0
Porsche,Cayenne,2025,"4,864 mi.",Gasoline,6 Cyl,Automatic,Gray,Black,None reported,Yes,"$91,720",carfax_rebrowser_sample_oneprice,2026-04-30,SUV,19.0
Ford,Expedition MAX Platinum,2025,"15,492 mi.",Gasoline,6 Cyl,Automatic,Green,Black,None reported,Yes,"$73,700",carfax_rebrowser_sample_oneprice,2026-04-30,SUV,
Land Rover,Range Rover Sport SE,2025,"11,824 mi.",Gasoline,6 Cyl,Automatic,Gray,Black,None reported,Yes,"$81,660",carfax_rebrowser_sample_oneprice,2026-04-30,SUV,
Ford,Expedition Platinum,2025,"5,590 mi.",Gasoline,6 Cyl,Automatic,Blue,Black,None reported,Yes,"$76,440",carfax_rebrowser_sample_oneprice,2026-04-30,SUV,18.0
Mercedes-Benz,GLS 450,2025,"14,323 mi.",Gasoline,6 Cyl,Automatic,Black,Black,None reported,Yes,"$82,590",carfax_rebrowser_sample_oneprice,2026-04-30,SUV,21.0
GMC,Yukon XL Denali,2025,"18,557 mi.",Gasoline,8 Cyl,Automatic,Black,Black,None reported,Yes,"$70,870",carfax_rebrowser_sample_oneprice,2026-04-30,SUV,16.0
GMC,Yukon XL Denali,2025,"18,778 mi.",Gasoline,8 Cyl,Automatic,Black,Black,None reported,Yes,"$73,710",carfax_rebrowser_sample_oneprice,2026-04-30,SUV,16.0
GMC,Yukon Denali,2025,"2,389 mi.",Diesel,6 Cyl,Automatic,Silver,Black,None reported,Yes,"$79,190",carfax_rebrowser_sample_oneprice,2026-04-30,SUV,22.0
BMW,X7 xDrive40i,2025,"15,921 mi.",Gasoline,6 Cyl,Automatic,Gray,Black,None reported,Yes,"$77,040",carfax_rebrowser_sample_oneprice,2026-04-30,SUV,22.0
BMW,X7 xDrive40i,2025,"6,291 mi.",Gasoline,6 Cyl,Automatic,Green,Tan,None reported,Yes,"$82,560",carfax_rebrowser_sample_oneprice,2026-04-30,SUV,22.0
Chevrolet,Tahoe RST,2025,"16,710 mi.",Gasoline,8 Cyl,Automatic,Gray,Black,None reported,Yes,"$70,640",carfax_rebrowser_sample_oneprice,2026-04-30,SUV,16.0
Ford,Expedition MAX Platinum,2025,"13,181 mi.",Gasoline,6 Cyl,Automatic,Silver,Gray,None reported,Yes,"$77,550",carfax_rebrowser_sample_oneprice,2026-04-30,SUV,
GMC,Yukon XL Denali,2025,"8,885 mi.",Gasoline,8 Cyl,Automatic,Black,Black,None reported,Yes,"$78,050",carfax_rebrowser_sample_oneprice,2026-04-30,SUV,16.0
Ford,Expedition Tremor,2025,"9,326 mi.",Gasoline,6 Cyl,Automatic,Blue,Unknown,None reported,Yes,"$77,750",carfax_rebrowser_sample_oneprice,2026-04-30,SUV,18.0
Ford,Expedition Tremor,2025,"11,040 mi.",Gasoline,6 Cyl,Automatic,Gray,Black,None reported,Yes,"$74,690",carfax_rebrowser_sample_oneprice,2026-04-30,SUV,18.0
Lincoln,Aviator Reserve,2025,"15,373 mi.",Gasoline,6 Cyl,Automatic,Red,Black,None reported,Yes,"$63,070",carfax_rebrowser_sample_oneprice,2026-04-30,SUV,20.0
Porsche,Macan S,2025,"3,278 mi.",Gasoline,6 Cyl,Automatic,Red,Black,None reported,Yes,"$83,180",carfax_rebrowser_sample_oneprice,2026-04-30,SUV,19.0
GMC,Yukon XL Denali,2025,"19,765 mi.",Gasoline,8 Cyl,Automatic,Black,Black,None reported,Yes,"$73,630",carfax_rebrowser_sample_oneprice,2026-04-30,SUV,16.0
Toyota,Sequoia Platinum,2025,"9,697 mi.",Hybrid,6 Cyl,Automatic,White,Unknown,None reported,Yes,"$73,970",carfax_rebrowser_sample_oneprice,2026-04-30,SUV,
Ford,Bronco Raptor,2025,"2,069 mi.",Gasoline,6 Cyl,Automatic,Black,Black,None reported,Yes,"$83,640",carfax_rebrowser_sample_oneprice,2026-04-30,SUV,15.0
GMC,Yukon AT4,2025,"5,467 mi.",Diesel,6 Cyl,Automatic,White,Unknown,None reported,Yes,"$79,120",carfax_rebrowser_sample_oneprice,2026-04-30,SUV,22.0
Ford,Expedition MAX King Ranch,2025,"24,848 mi.",Gasoline,6 Cyl,Automatic,White,Tan,None reported,Yes,"$68,910",carfax_rebrowser_sample_oneprice,2026-04-30,SUV,
BMW,iX M60,2025,"8,751 mi.",Electric,Electric,Automatic,White,White,None reported,Yes,"$91,190",carfax_rebrowser_sample_oneprice,2026-04-30,SUV,
GMC,Yukon XL Denali,2025,"26,899 mi.",Diesel,6 Cyl,Automatic,Silver,Black,None reported,Yes,"$73,280",carfax_rebrowser_sample_oneprice,2026-04-30,SUV,22.0
Lexus,GX 550,2025,"7,422 mi.",Gasoline,6 Cyl,Automatic,Black,Black,None reported,Yes,"$87,430",carfax_rebrowser_sample_oneprice,2026-04-30,SUV,17.0
Toyota,Sequoia TRD Pro,2025,"7,932 mi.",Hybrid,6 Cyl,Automatic,Brown,Black,None reported,Yes,"$77,710",carfax_rebrowser_sample_oneprice,2026-04-30,SUV,
Infiniti,QX80 Autograph,2025,"24,384 mi.",Gasoline,6 Cyl,Automatic,Gray,Black,None reported,Yes,"$80,520",carfax_rebrowser_sample_oneprice,2026-04-30,SUV,17.0
Jeep,Grand Wagoneer Series III,2025,"16,413 mi.",Gasoline,6 Cyl,Automatic,White,Tan,None reported,Yes,"$80,080",carfax_rebrowser_sample_oneprice,2026-04-30,SUV,17.0
Chevrolet,Suburban High Country,2025,"11,576 mi.",Gasoline,8 Cyl,Automatic,Gray,Black,None reported,Yes,"$81,260",carfax_rebrowser_sample_oneprice,2026-04-30,SUV,16.0
Jeep,Grand Wagoneer Series III,2025,"21,671 mi.",Gasoline,6 Cyl,Automatic,Blue,Tan,None reported,Yes,"$80,440",carfax_rebrowser_sample_oneprice,2026-04-30,SUV,17.0
Ford,Expedition Platinum,2025,"2,805 mi.",Gasoline,6 Cyl,Automatic,Gray,Black,None reported,Yes,"$73,520",carfax_rebrowser_sample_oneprice,2026-04-30,SUV,18.0
Porsche,Cayenne,2025,"8,604 mi.",Gasoline,6 Cyl,Automatic,White,Black,None reported,Yes,"$88,160",carfax_rebrowser_sample_oneprice,2026-04-30,SUV,19.0
Mercedes-Benz,GLE 53 AMG,2025,"8,168 mi.",Gasoline,6 Cyl,Automatic,Black,Red,None reported,Yes,"$86,720",carfax_rebrowser_sample_oneprice,2026-04-30,SUV,20.0
Chevrolet,Tahoe Premier,2025,"4,650 mi.",Diesel,6 Cyl,Automatic,Black,Black,None reported,Yes,"$74,200",carfax_rebrowser_sample_oneprice,2026-04-30,SUV,22.0
Land Rover,Defender 110,2025,"6,521 mi.",Gasoline,6 Cyl,Automatic,Red,Black,None reported,Yes,"$74,520",carfax_rebrowser_sample_oneprice,2026-04-30,SUV,19.0
Ford,Expedition Tremor,2025,"13,822 mi.",Gasoline,6 Cyl,Automatic,White,Black,None reported,Yes,"$74,380",carfax_rebrowser_sample_oneprice,2026-04-30,SUV,18.0
Chevrolet,Suburban Premier,2025,"26,593 mi.",Gasoline,8 Cyl,Automatic,Black,Black,None reported,Yes,"$76,660",carfax_rebrowser_sample_oneprice,2026-04-30,SUV,16.0
Chevrolet,Suburban High Country,2025,"15,820 mi.",Gasoline,8 Cyl,Automatic,Black,Black,None reported,Yes,"$79,860",carfax_rebrowser_sample_oneprice,2026-04-30,SUV,16.0
Ford,Expedition King Ranch,2025,"4,360 mi.",Gasoline,6 Cyl,Automatic,White,Tan,None reported,Yes,"$81,990",carfax_rebrowser_sample_oneprice,2026-04-30,SUV,18.0
Ford,Expedition MAX Platinum,2025,"13,160 mi.",Gasoline,6 Cyl,Automatic,Gray,Brown,None reported,Yes,"$77,660",carfax_rebrowser_sample_oneprice,2026-04-30,SUV,
Porsche,Macan S,2025,"3,180 mi.",Gasoline,6 Cyl,Automatic,Blue,Black,None reported,Yes,"$83,430",carfax_rebrowser_sample_oneprice,2026-04-30,SUV,19.0
Chevrolet,Tahoe High Country,2025,"13,358 mi.",Gasoline,8 Cyl,Automatic,Black,Black,None reported,Yes,"$79,080",carfax_rebrowser_sample_oneprice,2026-04-30,SUV,16.0
Ford,Expedition Platinum,2025,"13,138 mi.",Gasoline,6 Cyl,Automatic,Black,Black,None reported,Yes,"$75,290",carfax_rebrowser_sample_oneprice,2026-04-30,SUV,18.0
Toyota,Sequoia TRD Pro,2025,"6,317 mi.",Hybrid,6 Cyl,Automatic,Black,Black,None reported,Yes,"$79,970",carfax_rebrowser_sample_oneprice,2026-04-30,SUV,
Jeep,Wrangler Rubicon,2025,"2,693 mi.",Gasoline,8 Cyl,Automatic,Unknown,Black,None reported,Yes,"$82,950",carfax_rebrowser_sample_oneprice,2026-04-30,SUV,14.0
Chevrolet,Tahoe High Country,2025,"8,084 mi.",Gasoline,8 Cyl,Automatic,Black,Black,None reported,Yes,"$80,310",carfax_rebrowser_sample_oneprice,2026-04-30,SUV,16.0
BMW,X7 xDrive40i,2025,"6,599 mi.",Gasoline,6 Cyl,Automatic,Green,Tan,None reported,Yes,"$80,360",carfax_rebrowser_sample_oneprice,2026-04-30,SUV,22.0
GMC,Yukon Denali,2025,"13,157 mi.",Gasoline,8 Cyl,Automatic,Gray,Black,None reported,Yes,"$75,360",carfax_rebrowser_sample_oneprice,2026-04-30,SUV,16.0
Chevrolet,Suburban High Country,2025,"15,419 mi.",Gasoline,8 Cyl,Automatic,White,Unknown,None reported,Yes,"$82,130",carfax_rebrowser_sample_oneprice,2026-04-30,SUV,16.0
Dodge,Durango SRT,2025,"7,960 mi.",Gasoline,8 Cyl,Automatic,Blue,Black,None reported,Yes,"$84,980",carfax_rebrowser_sample_oneprice,2026-04-30,SUV,13.0
Porsche,Macan 4S,2025,"3,953 mi.",Electric,Electric,Automatic,Black,Black,None reported,Yes,"$88,620",carfax_rebrowser_sample_oneprice,2026-04-30,SUV,91.0
BMW,X5 M60i,2025,"3,672 mi.",Gasoline,8 Cyl,Automatic,White,Black,None reported,Yes,"$85,790",carfax_rebrowser_sample_oneprice,2026-04-30,SUV,19.0
BMW,X5 M60i,2025,"16,868 mi.",Gasoline,8 Cyl,Automatic,Blue,Black,None reported,Yes,"$83,680",carfax_rebrowser_sample_oneprice,2026-04-30,SUV,19.0
Chevrolet,Suburban High Country,2025,"7,834 mi.",Diesel,6 Cyl,Automatic,Black,Black,None reported,Yes,"$84,800",carfax_rebrowser_sample_oneprice,2026-04-30,SUV,22.0
Mercedes-Benz,GLS 450,2025,"2,100 mi.",Gasoline,6 Cyl,Automatic,Blue,Black,None reported,Yes,"$85,530",carfax_rebrowser_sample_oneprice,2026-04-30,SUV,21.0
GMC,Yukon AT4,2025,"7,354 mi.",Gasoline,8 Cyl,Automatic,White,Unknown,None reported,Yes,"$76,550",carfax_rebrowser_sample_oneprice,2026-04-30,SUV,16.0
Porsche,Cayenne,2025,"6,860 mi.",Gasoline,6 Cyl,Automatic,Blue,Black,None reported,Yes,"$92,540",carfax_rebrowser_sample_oneprice,2026-04-30,SUV,19.0
Chevrolet,Suburban Premier,2025,"4,050 mi.",Gasoline,8 Cyl,Automatic,White,Black,None reported,Yes,"$80,800",carfax_rebrowser_sample_oneprice,2026-04-30,SUV,16.0
BMW,X6 M60i,2025,"14,325 mi.",Gasoline,8 Cyl,Automatic,Red,Black,None reported,Yes,"$86,710",carfax_rebrowser_sample_oneprice,2026-04-30,SUV,19.0
Lincoln,Navigator Reserve,2025,"6,709 mi.",Gasoline,6 Cyl,Automatic,Blue,Brown,None reported,Yes,"$92,330",carfax_rebrowser_sample_oneprice,2026-04-30,SUV,17.0
Lincoln,Navigator Reserve,2025,"31,199 mi.",Gasoline,6 Cyl,Automatic,Black,Black,None reported,Yes,"$84,870",carfax_rebrowser_sample_oneprice,2026-04-30,SUV,17.0
Porsche,Macan 4,2025,"4,076 mi.",Electric,Electric,Automatic,Black,Black,None reported,Yes,"$83,170",carfax_rebrowser_sample_oneprice,2026-04-30,SUV,98.0
Mercedes-Benz,CLE 300,2026,"1,435 mi.",Gasoline,4 Cyl,Automatic,Black,Brown,None reported,Yes,"$58,600",carfax_rebrowser_sample_oneprice,2026-04-30,Coupe,27.0
Chevrolet,Corvette,2024,"3,290 mi.",Gasoline,8 Cyl,Automatic,Green,Black,None reported,Yes,"$75,730",carfax_rebrowser_sample_oneprice,2026-04-30,Coupe,19.0
BMW,M2,2026,"6,359 mi.",Gasoline,6 Cyl,Automatic,Blue,Black,None reported,Yes,"$71,050",carfax_rebrowser_sample_oneprice,2026-04-30,Coupe,19.0
Chevrolet,Corvette,2026,"10,678 mi.",Gasoline,8 Cyl,Automatic,Blue,Black,None reported,Yes,"$61,240",carfax_rebrowser_sample_oneprice,2026-04-30,Coupe,19.0
Toyota,GR Supra MkV Final Edition,2026,69 mi.,Gasoline,6 Cyl,Manual,White,Black,None reported,Yes,"$64,810",carfax_rebrowser_sample_oneprice,2026-04-30,Coupe,21.0
BMW,4 Series M440i xDrive,2026,"6,575 mi.",Gasoline,6 Cyl,Automatic,Gray,Red,None reported,Yes,"$66,300",carfax_rebrowser_sample_oneprice,2026-04-30,Coupe,29.0
Toyota,GR Supra MkV Final Edition,2026,"4,474 mi.",Gasoline,6 Cyl,Manual,White,Black,None reported,Yes,"$60,350",carfax_rebrowser_sample_oneprice,2026-04-30,Coupe,21.0
Toyota,GR Supra Premium,2026,923 mi.,Gasoline,6 Cyl,Automatic,White,Brown,None reported,Yes,"$62,460",carfax_rebrowser_sample_oneprice,2026-04-30,Coupe,25.0
Chevrolet,Corvette,2026,"9,402 mi.",Gasoline,8 Cyl,Automatic,White,Black,None reported,Yes,"$62,230",carfax_rebrowser_sample_oneprice,2026-04-30,Coupe,19.0
Toyota,GR Supra Premium,2026,"3,655 mi.",Gasoline,6 Cyl,Manual,White,Brown,None reported,Yes,"$61,200",carfax_rebrowser_sample_oneprice,2026-04-30,Coupe,21.0
BMW,4 Series M440i xDrive,2026,"8,735 mi.",Gasoline,6 Cyl,Automatic,Red,Tan,None reported,Yes,"$63,290",carfax_rebrowser_sample_oneprice,2026-04-30,Coupe,29.0
Toyota,GR Supra Premium,2026,"5,283 mi.",Gasoline,6 Cyl,Manual,Blue,Brown,None reported,Yes,"$64,800",carfax_rebrowser_sample_oneprice,2026-04-30,Coupe,21.0
BMW,M2,2026,994 mi.,Gasoline,6 Cyl,Manual,White,Black,None reported,Yes,"$73,240",carfax_rebrowser_sample_oneprice,2026-04-30,Coupe,19.0
Mercedes-Benz,CLE 300,2026,"4,815 mi.",Gasoline,4 Cyl,Automatic,Gray,Black,None reported,Yes,"$61,070",carfax_rebrowser_sample_oneprice,2026-04-30,Coupe,27.0
Chevrolet,Corvette,2026,871 mi.,Gasoline,8 Cyl,Automatic,Unknown,Red,None reported,Yes,"$68,780",carfax_rebrowser_sample_oneprice,2026-04-30,Coupe,19.0
Chevrolet,Corvette,2026,71 mi.,Gasoline,8 Cyl,Automatic,Red,Black,None reported,Yes,"$70,220",carfax_rebrowser_sample_oneprice,2026-04-30,Coupe,19.0
Chevrolet,Corvette,2026,"2,447 mi.",Gasoline,8 Cyl,Automatic,Yellow,Black,None reported,Yes,"$66,060",carfax_rebrowser_sample_oneprice,2026-04-30,Coupe,19.0
BMW,4 Series M440i xDrive,2026,808 mi.,Gasoline,6 Cyl,Automatic,Green,Brown,None reported,Yes,"$67,760",carfax_rebrowser_sample_oneprice,2026-04-30,Coupe,29.0
Honda,Odyssey Elite,2024,"51,896 mi.",Gasoline,6 Cyl,Automatic,White,Tan,None reported,Yes,"$39,040",carfax_rebrowser_sample_oneprice,2026-04-30,Minivan,22.0
Genesis,GV80 3.5T,2024,"18,661 mi.",Gasoline,6 Cyl,Automatic,Green,Black,None reported,Yes,"$55,830",carfax_rebrowser_sample_oneprice,2026-04-30,SUV,20.0
Ford,Mustang GT,2025,"13,155 mi.",Gasoline,8 Cyl,Manual,Red,Unknown,None reported,Yes,"$47,980",carfax_rebrowser_sample_oneprice,2026-04-30,Coupe,18.0
Ford,Mustang GT,2025,"10,557 mi.",Gasoline,8 Cyl,Manual,Red,Unknown,None reported,Yes,"$48,350",carfax_rebrowser_sample_oneprice,2026-04-30,Coupe,18.0
Ford,Mustang GT,2025,"2,913 mi.",Gasoline,8 Cyl,Automatic,Blue,Black,None reported,Yes,"$47,010",carfax_rebrowser_sample_oneprice,2026-04-30,Coupe,19.0
Ford,Mustang GT,2025,"4,008 mi.",Gasoline,8 Cyl,Automatic,Red,Black,None reported,Yes,"$55,040",carfax_rebrowser_sample_oneprice,2026-04-30,Coupe,19.0
Nissan,Z NISMO,2025,"1,573 mi.",Gasoline,6 Cyl,Automatic,Gray,Gray,None reported,Yes,"$57,760",carfax_rebrowser_sample_oneprice,2026-04-30,Coupe,19.0
Ford,Mustang GT,2025,"6,437 mi.",Gasoline,8 Cyl,Automatic,Blue,Black,None reported,Yes,"$45,120",carfax_rebrowser_sample_oneprice,2026-04-30,Coupe,19.0
BMW,2 Series M240i,2025,"5,028 mi.",Gasoline,6 Cyl,Automatic,Purple,Black,None reported,Yes,"$50,030",carfax_rebrowser_sample_oneprice,2026-04-30,Coupe,26.0
BMW,2 Series M240i,2025,"13,916 mi.",Gasoline,6 Cyl,Automatic,Black,Black,None reported,Yes,"$50,600",carfax_rebrowser_sample_oneprice,2026-04-30,Coupe,26.0
BMW,4 Series 430i xDrive,2025,"10,565 mi.",Gasoline,4 Cyl,Automatic,Red,Black,None reported,Yes,"$45,880",carfax_rebrowser_sample_oneprice,2026-04-30,Coupe,30.0
Nissan,Z Performance,2025,"4,030 mi.",Gasoline,6 Cyl,Manual,Gray,Gray,None reported,Yes,"$45,220",carfax_rebrowser_sample_oneprice,2026-04-30,Coupe,20.0
BMW,2 Series M240i,2025,"16,108 mi.",Gasoline,6 Cyl,Automatic,Blue,Black,None reported,Yes,"$50,380",carfax_rebrowser_sample_oneprice,2026-04-30,Coupe,26.0
Ford,Mustang GT,2025,"7,166 mi.",Gasoline,8 Cyl,Automatic,White,Black,None reported,Yes,"$45,290",carfax_rebrowser_sample_oneprice,2026-04-30,Coupe,19.0
Ford,Mustang GT,2025,"9,594 mi.",Gasoline,8 Cyl,Automatic,Red,Red,None reported,Yes,"$44,630",carfax_rebrowser_sample_oneprice,2026-04-30,Coupe,19.0
Mercedes-Benz,CLE 300,2025,"23,968 mi.",Gasoline,4 Cyl,Automatic,Black,Black,None reported,Yes,"$46,340",carfax_rebrowser_sample_oneprice,2026-04-30,Coupe,27.0
Ford,Mustang GT,2025,"3,625 mi.",Gasoline,8 Cyl,Automatic,Gray,Black,None reported,Yes,"$41,870",carfax_rebrowser_sample_oneprice,2026-04-30,Coupe,19.0
Ford,Mustang GT,2025,953 mi.,Gasoline,8 Cyl,Manual,Black,Black,None reported,Yes,"$51,580",carfax_rebrowser_sample_oneprice,2026-04-30,Coupe,18.0
Nissan,Z Performance,2025,"14,585 mi.",Gasoline,6 Cyl,Manual,Red,Gray,None reported,Yes,"$42,930",carfax_rebrowser_sample_oneprice,2026-04-30,Coupe,20.0
BMW,4 Series 430i,2025,"6,843 mi.",Gasoline,4 Cyl,Automatic,White,Black,None reported,Yes,"$45,700",carfax_rebrowser_sample_oneprice,2026-04-30,Coupe,31.0
Ford,Mustang GT,2025,"2,425 mi.",Gasoline,8 Cyl,Automatic,Gray,Black,None reported,Yes,"$47,870",carfax_rebrowser_sample_oneprice,2026-04-30,Coupe,19.0
Ford,Mustang GT,2025,"9,835 mi.",Gasoline,8 Cyl,Manual,Blue,Black,None reported,Yes,"$47,970",carfax_rebrowser_sample_oneprice,2026-04-30,Coupe,18.0
Ford,Mustang GT,2025,"3,355 mi.",Gasoline,8 Cyl,Automatic,Gray,Black,None reported,Yes,"$49,520",carfax_rebrowser_sample_oneprice,2026-04-30,Coupe,19.0
Ford,Mustang GT,2025,"6,229 mi.",Gasoline,8 Cyl,Manual,Blue,Black,None reported,Yes,"$53,500",carfax_rebrowser_sample_oneprice,2026-04-30,Coupe,18.0
Ford,Mustang GT,2025,"15,391 mi.",Gasoline,8 Cyl,Automatic,Black,Black,None reported,Yes,"$45,120",carfax_rebrowser_sample_oneprice,2026-04-30,Coupe,19.0
BMW,2 Series 230i,2025,"3,336 mi.",Gasoline,4 Cyl,Automatic,Red,Brown,None reported,Yes,"$38,710",carfax_rebrowser_sample_oneprice,2026-04-30,Coupe,30.0
Ford,Mustang GT,2025,"4,375 mi.",Gasoline,8 Cyl,Automatic,White,Black,None reported,Yes,"$46,030",carfax_rebrowser_sample_oneprice,2026-04-30,Coupe,19.0
Ford,Mustang GT,2025,"8,295 mi.",Gasoline,8 Cyl,Automatic,Silver,Red,None reported,Yes,"$44,760",carfax_rebrowser_sample_oneprice,2026-04-30,Coupe,19.0
Ford,Mustang GT,2025,433 mi.,Gasoline,8 Cyl,Automatic,Blue,Black,None reported,Yes,"$48,700",carfax_rebrowser_sample_oneprice,2026-04-30,Coupe,19.0
Nissan,Z NISMO,2025,"13,523 mi.",Gasoline,6 Cyl,Automatic,Gray,Gray,None reported,Yes,"$55,350",carfax_rebrowser_sample_oneprice,2026-04-30,Coupe,19.0
BMW,2 Series M240i xDrive,2025,"3,713 mi.",Gasoline,6 Cyl,Automatic,White,Black,None reported,Yes,"$53,710",carfax_rebrowser_sample_oneprice,2026-04-30,Coupe,26.0
Ford,Mustang GT,2025,"10,976 mi.",Gasoline,8 Cyl,Automatic,Red,Black,None reported,Yes,"$44,320",carfax_rebrowser_sample_oneprice,2026-04-30,Coupe,19.0
BMW,2 Series M240i xDrive,2025,"15,056 mi.",Gasoline,6 Cyl,Automatic,Purple,Black,None reported,Yes,"$52,270",carfax_rebrowser_sample_oneprice,2026-04-30,Coupe,26.0
Ford,Mustang GT,2025,"16,895 mi.",Gasoline,8 Cyl,Manual,Gray,Red,None reported,Yes,"$46,950",carfax_rebrowser_sample_oneprice,2026-04-30,Coupe,18.0
BMW,4 Series 430i,2025,"6,067 mi.",Gasoline,4 Cyl,Automatic,Gray,Black,None reported,Yes,"$47,800",carfax_rebrowser_sample_oneprice,2026-04-30,Coupe,31.0
BMW,2 Series M240i xDrive,2025,"13,234 mi.",Gasoline,6 Cyl,Automatic,Purple,Black,None reported,Yes,"$52,490",carfax_rebrowser_sample_oneprice,2026-04-30,Coupe,26.0
Ford,Mustang GT,2025,"15,682 mi.",Gasoline,8 Cyl,Automatic,Black,Black,None reported,Yes,"$53,020",carfax_rebrowser_sample_oneprice,2026-04-30,Coupe,19.0
Ford,Mustang GT,2025,"9,542 mi.",Gasoline,8 Cyl,Automatic,Black,Black,None reported,Yes,"$47,470",carfax_rebrowser_sample_oneprice,2026-04-30,Coupe,19.0
BMW,4 Series 430i,2025,"3,622 mi.",Gasoline,4 Cyl,Automatic,Black,Black,None reported,Yes,"$49,380",carfax_rebrowser_sample_oneprice,2026-04-30,Coupe,31.0
Ford,Mustang GT,2025,"15,457 mi.",Gasoline,8 Cyl,Automatic,Pink,Black,None reported,Yes,"$45,890",carfax_rebrowser_sample_oneprice,2026-04-30,Coupe,19.0
BMW,4 Series 430i xDrive,2025,"16,257 mi.",Gasoline,4 Cyl,Automatic,White,Red,None reported,Yes,"$46,020",carfax_rebrowser_sample_oneprice,2026-04-30,Coupe,30.0
Ford,Mustang GT,2025,"5,746 mi.",Gasoline,8 Cyl,Automatic,Black,Black,None reported,Yes,"$51,260",carfax_rebrowser_sample_oneprice,2026-04-30,Coupe,19.0
BMW,2 Series 230i,2025,"11,980 mi.",Gasoline,4 Cyl,Automatic,Black,Tan,None reported,Yes,"$38,220",carfax_rebrowser_sample_oneprice,2026-04-30,Coupe,30.0
BMW,4 Series 430i xDrive,2025,"16,951 mi.",Gasoline,4 Cyl,Automatic,White,Red,None reported,Yes,"$47,400",carfax_rebrowser_sample_oneprice,2026-04-30,Coupe,30.0
BMW,2 Series M240i xDrive,2025,"2,150 mi.",Gasoline,6 Cyl,Automatic,Blue,Brown,None reported,Yes,"$52,870",carfax_rebrowser_sample_oneprice,2026-04-30,Coupe,26.0
Ford,Mustang GT,2025,"5,062 mi.",Gasoline,8 Cyl,Manual,Black,Black,None reported,Yes,"$45,280",carfax_rebrowser_sample_oneprice,2026-04-30,Coupe,18.0
Ford,Mustang GT,2025,"3,839 mi.",Gasoline,8 Cyl,Manual,Blue,Gray,None reported,Yes,"$51,900",carfax_rebrowser_sample_oneprice,2026-04-30,Coupe,18.0
Ford,Mustang GT,2025,"5,184 mi.",Gasoline,8 Cyl,Automatic,Gray,Black,None reported,Yes,"$47,230",carfax_rebrowser_sample_oneprice,2026-04-30,Coupe,19.0
Lexus,RC 350,2025,"8,917 mi.",Gasoline,6 Cyl,Automatic,Gray,Black,None reported,Yes,"$54,700",carfax_rebrowser_sample_oneprice,2026-04-30,Coupe,23.0
Ford,Mustang GT,2025,"3,844 mi.",Gasoline,8 Cyl,Automatic,White,Red,None reported,Yes,"$52,390",carfax_rebrowser_sample_oneprice,2026-04-30,Coupe,19.0
BMW,2 Series M240i xDrive,2025,"13,839 mi.",Gasoline,6 Cyl,Automatic,Gray,Black,None reported,Yes,"$52,790",carfax_rebrowser_sample_oneprice,2026-04-30,Coupe,26.0
BMW,2 Series M240i,2025,"19,071 mi.",Gasoline,6 Cyl,Automatic,Purple,Black,None reported,Yes,"$48,210",carfax_rebrowser_sample_oneprice,2026-04-30,Coupe,26.0
Ford,Mustang GT,2025,"8,783 mi.",Gasoline,8 Cyl,Automatic,Blue,Black,None reported,Yes,"$47,160",carfax_rebrowser_sample_oneprice,2026-04-30,Coupe,19.0
Ford,Mustang GT,2025,"15,267 mi.",Gasoline,8 Cyl,Automatic,Blue,Black,None reported,Yes,"$46,830",carfax_rebrowser_sample_oneprice,2026-04-30,Coupe,19.0
Ford,Mustang GT,2025,"22,591 mi.",Gasoline,8 Cyl,Automatic,Red,Unknown,None reported,Yes,"$45,320",carfax_rebrowser_sample_oneprice,2026-04-30,Coupe,19.0
BMW,2 Series M240i xDrive,2025,"12,980 mi.",Gasoline,6 Cyl,Automatic,Blue,White,None reported,Yes,"$50,590",carfax_rebrowser_sample_oneprice,2026-04-30,Coupe,26.0
Ford,Mustang GT,2025,240 mi.,Gasoline,8 Cyl,Automatic,White,Black,None reported,Yes,"$51,100",carfax_rebrowser_sample_oneprice,2026-04-30,Coupe,19.0
BMW,4 Series 430i,2025,"18,549 mi.",Gasoline,4 Cyl,Automatic,Black,Black,None reported,Yes,"$44,480",carfax_rebrowser_sample_oneprice,2026-04-30,Coupe,31.0
Ford,Mustang GT,2025,"1,212 mi.",Gasoline,8 Cyl,Automatic,Gray,Black,None reported,Yes,"$53,610",carfax_rebrowser_sample_oneprice,2026-04-30,Coupe,19.0
Ford,Expedition MAX Limited,2024,"22,028 mi.",Gasoline,6 Cyl,Automatic,Gray,Black,None reported,Yes,"$64,150",carfax_rebrowser_sample_oneprice,2026-04-30,SUV,
Chevrolet,Tahoe Premier,2024,"17,476 mi.",Gasoline,8 Cyl,Automatic,White,Black,None reported,Yes,"$71,030",carfax_rebrowser_sample_oneprice,2026-04-30,SUV,16.0
Lexus,RX 500h,2024,"11,897 mi.",Hybrid,4 Cyl,Automatic,Gray,Black,None reported,Yes,"$60,450",carfax_rebrowser_sample_oneprice,2026-04-30,SUV,
GMC,Yukon XL AT4,2024,"59,288 mi.",Gasoline,8 Cyl,Automatic,Black,Black,None reported,Yes,"$60,770",carfax_rebrowser_sample_oneprice,2026-04-30,SUV,16.0
Chevrolet,Suburban High Country,2024,"54,071 mi.",Gasoline,8 Cyl,Automatic,Gray,Black,None reported,Yes,"$70,570",carfax_rebrowser_sample_oneprice,2026-04-30,SUV,16.0
BMW,4 Series M440i,2025,"14,275 mi.",Gasoline,6 Cyl,Automatic,Gray,Red,None reported,Yes,"$55,800",carfax_rebrowser_sample_oneprice,2026-04-30,Coupe,
Chevrolet,Suburban High Country,2024,"39,494 mi.",Diesel,6 Cyl,Automatic,White,Black,None reported,Yes,"$70,670",carfax_rebrowser_sample_oneprice,2026-04-30,SUV,22.0
Ford,Mustang GT,2025,"15,255 mi.",Gasoline,8 Cyl,Automatic,Black,Black,None reported,Yes,"$52,840",carfax_rebrowser_sample_oneprice,2026-04-30,Coupe,19.0
Toyota,Sequoia Platinum,2024,"54,920 mi.",Hybrid,6 Cyl,Automatic,Black,Black,None reported,Yes,"$65,240",carfax_rebrowser_sample_oneprice,2026-04-30,SUV,
Ford,Mustang GT,2025,"2,963 mi.",Gasoline,8 Cyl,Automatic,Blue,Black,None reported,Yes,"$46,560",carfax_rebrowser_sample_oneprice,2026-04-30,Coupe,19.0
Ford,Mustang GT,2025,"1,625 mi.",Gasoline,8 Cyl,Automatic,Red,Black,None reported,Yes,"$47,200",carfax_rebrowser_sample_oneprice,2026-04-30,Coupe,19.0
Chevrolet,Tahoe RST,2024,"33,692 mi.",Diesel,6 Cyl,Automatic,Gray,Black,None reported,Yes,"$63,430",carfax_rebrowser_sample_oneprice,2026-04-30,SUV,22.0
Dodge,Durango SRT,2024,"25,521 mi.",Gasoline,8 Cyl,Automatic,Black,Gray,None reported,Yes,"$66,200",carfax_rebrowser_sample_oneprice,2026-04-30,SUV,15.0
GMC,Yukon XL Denali Ultimate,2024,"36,709 mi.",Gasoline,8 Cyl,Automatic,Black,White,None reported,Yes,"$79,110",carfax_rebrowser_sample_oneprice,2026-04-30,SUV,16.0
Mercedes-Benz,CLE 300,2025,"10,970 mi.",Gasoline,4 Cyl,Automatic,White,Black,None reported,Yes,"$53,410",carfax_rebrowser_sample_oneprice,2026-04-30,Coupe,27.0
Chevrolet,Tahoe RST,2024,"46,524 mi.",Gasoline,8 Cyl,Automatic,Gray,Black,None reported,Yes,"$60,170",carfax_rebrowser_sample_oneprice,2026-04-30,SUV,16.0
Chevrolet,Tahoe High Country,2024,"24,467 mi.",Gasoline,8 Cyl,Automatic,Unknown,Black,None reported,Yes,"$71,090",carfax_rebrowser_sample_oneprice,2026-04-30,SUV,16.0
Ford,Expedition Limited,2024,"20,845 mi.",Gasoline,6 Cyl,Automatic,Black,Black,None reported,Yes,"$63,660",carfax_rebrowser_sample_oneprice,2026-04-30,SUV,18.0
Toyota,Sequoia SR5,2024,"29,135 mi.",Hybrid,6 Cyl,Automatic,Gray,Black,None reported,Yes,"$65,720",carfax_rebrowser_sample_oneprice,2026-04-30,SUV,
Ford,Mustang GT,2025,"1,361 mi.",Gasoline,8 Cyl,Automatic,Black,Unknown,None reported,Yes,"$50,370",carfax_rebrowser_sample_oneprice,2026-04-30,Coupe,19.0
Honda,CR-V LX,2026,"4,795 mi.",Gasoline,4 Cyl,Automatic,Gray,Black,None reported,Yes,"$32,040",carfax_rebrowser_sample_oneprice,2026-04-30,SUV,29.0
Ford,Mustang GT,2025,"6,392 mi.",Gasoline,8 Cyl,Manual,Blue,Black,None reported,Yes,"$48,930",carfax_rebrowser_sample_oneprice,2026-04-30,Coupe,18.0
Jeep,Wrangler Rubicon,2024,"11,320 mi.",Gasoline,8 Cyl,Automatic,Blue,Red,None reported,Yes,"$75,320",carfax_rebrowser_sample_oneprice,2026-04-30,SUV,14.0
Toyota,Sequoia Platinum,2024,"52,285 mi.",Hybrid,6 Cyl,Automatic,Black,Black,None reported,Yes,"$64,560",carfax_rebrowser_sample_oneprice,2026-04-30,SUV,
Rivian,R1S Adventure,2024,"36,319 mi.",Electric,Electric,Automatic,Unknown,Unknown,None reported,Yes,"$65,510",carfax_rebrowser_sample_oneprice,2026-04-30,SUV,
Chevrolet,Suburban Z71,2024,"15,467 mi.",Gasoline,8 Cyl,Automatic,White,Black,None reported,Yes,"$68,620",carfax_rebrowser_sample_oneprice,2026-04-30,SUV,16.0
BMW,X5 M60i,2024,"36,210 mi.",Gasoline,8 Cyl,Automatic,White,Tan,None reported,Yes,"$71,720",carfax_rebrowser_sample_oneprice,2026-04-30,SUV,19.0
GMC,Yukon XL Denali,2024,"54,659 mi.",Gasoline,8 Cyl,Automatic,White,Brown,None reported,Yes,"$66,740",carfax_rebrowser_sample_oneprice,2026-04-30,SUV,16.0
Jeep,Wagoneer Series III,2024,"19,368 mi.",Gasoline,6 Cyl,Automatic,Black,Black,None reported,Yes,"$61,490",carfax_rebrowser_sample_oneprice,2026-04-30,SUV,19.0
Ford,Mustang GT,2025,"3,358 mi.",Gasoline,8 Cyl,Manual,Gray,Black,None reported,Yes,"$53,730",carfax_rebrowser_sample_oneprice,2026-04-30,Coupe,18.0
BMW,X7 xDrive40i,2024,"49,131 mi.",Gasoline,6 Cyl,Automatic,Green,Gray,None reported,Yes,"$63,390",carfax_rebrowser_sample_oneprice,2026-04-30,SUV,22.0
BMW,X5 M60i,2024,"29,696 mi.",Gasoline,8 Cyl,Automatic,Gray,Black,None reported,Yes,"$79,020",carfax_rebrowser_sample_oneprice,2026-04-30,SUV,19.0
Jeep,Grand Wagoneer Series III,2024,"4,553 mi.",Gasoline,6 Cyl,Automatic,White,Tan,None reported,Yes,"$74,690",carfax_rebrowser_sample_oneprice,2026-04-30,SUV,17.0
Chevrolet,Tahoe RST,2024,"21,989 mi.",Gasoline,8 Cyl,Automatic,Red,Red,None reported,Yes,"$64,710",carfax_rebrowser_sample_oneprice,2026-04-30,SUV,16.0
Cadillac,Escalade ESV,2024,"45,758 mi.",Gasoline,8 Cyl,Automatic,Gray,Black,None reported,Yes,"$68,820",carfax_rebrowser_sample_oneprice,2026-04-30,SUV,16.0
BMW,4 Series 430i xDrive,2025,"3,792 mi.",Gasoline,4 Cyl,Automatic,Blue,Black,None reported,Yes,"$52,690",carfax_rebrowser_sample_oneprice,2026-04-30,Coupe,30.0
Chevrolet,Tahoe High Country,2024,"40,080 mi.",Gasoline,8 Cyl,Automatic,Gray,Black,None reported,Yes,"$68,180",carfax_rebrowser_sample_oneprice,2026-04-30,SUV,16.0
Jeep,Wrangler Rubicon,2024,"21,813 mi.",Gasoline,8 Cyl,Automatic,Black,Black,None reported,Yes,"$74,490",carfax_rebrowser_sample_oneprice,2026-04-30,SUV,14.0
GMC,Yukon Denali Ultimate,2024,"85,006 mi.",Diesel,6 Cyl,Automatic,Silver,White,None reported,Yes,"$72,670",carfax_rebrowser_sample_oneprice,2026-04-30,SUV,22.0
GMC,Yukon Denali,2024,"15,910 mi.",Gasoline,8 Cyl,Automatic,White,Black,None reported,Yes,"$71,400",carfax_rebrowser_sample_oneprice,2026-04-30,SUV,16.0
Land Rover,Defender 130,2024,"27,550 mi.",Gasoline,6 Cyl,Automatic,Gold,Tan,None reported,Yes,"$63,130",carfax_rebrowser_sample_oneprice,2026-04-30,SUV,18.0
Chevrolet,Tahoe RST,2024,"29,208 mi.",Gasoline,8 Cyl,Automatic,Red,Black,None reported,Yes,"$63,040",carfax_rebrowser_sample_oneprice,2026-04-30,SUV,16.0
BMW,X7 xDrive40i,2024,"20,509 mi.",Gasoline,6 Cyl,Automatic,Green,Black,None reported,Yes,"$66,560",carfax_rebrowser_sample_oneprice,2026-04-30,SUV,22.0
Lexus,RX 350h,2024,"8,662 mi.",Hybrid,4 Cyl,Automatic,Red,Unknown,None reported,Yes,"$63,440",carfax_rebrowser_sample_oneprice,2026-04-30,SUV,
BMW,X5 xDrive40i,2024,"14,586 mi.",Gasoline,6 Cyl,Automatic,Gray,Black,None reported,Yes,"$62,800",carfax_rebrowser_sample_oneprice,2026-04-30,SUV,25.0
BMW,X6 xDrive40i,2024,"34,658 mi.",Gasoline,6 Cyl,Automatic,Gray,Black,None reported,Yes,"$65,020",carfax_rebrowser_sample_oneprice,2026-04-30,SUV,24.0
Toyota,Land Cruiser,2024,"27,076 mi.",Hybrid,4 Cyl,Automatic,Gray,Black,None reported,Yes,"$61,770",carfax_rebrowser_sample_oneprice,2026-04-30,SUV,23.0
Toyota,Sequoia SR5,2024,"58,407 mi.",Hybrid,6 Cyl,Automatic,Gray,Black,None reported,Yes,"$57,530",carfax_rebrowser_sample_oneprice,2026-04-30,SUV,
Ford,Expedition Platinum,2024,"25,894 mi.",Gasoline,6 Cyl,Automatic,White,Unknown,None reported,Yes,"$64,550",carfax_rebrowser_sample_oneprice,2026-04-30,SUV,18.0
Chevrolet,Tahoe RST,2024,"34,127 mi.",Gasoline,8 Cyl,Automatic,Blue,Black,None reported,Yes,"$61,540",carfax_rebrowser_sample_oneprice,2026-04-30,SUV,16.0
GMC,Yukon AT4,2024,"29,810 mi.",Gasoline,8 Cyl,Automatic,White,Black,None reported,Yes,"$67,650",carfax_rebrowser_sample_oneprice,2026-04-30,SUV,17.0
Mercedes-Benz,GLE 53 AMG,2024,"19,751 mi.",Gasoline,6 Cyl,Automatic,Silver,Black,None reported,Yes,"$72,750",carfax_rebrowser_sample_oneprice,2026-04-30,SUV,20.0
Ford,Bronco Heritage,2024,"12,359 mi.",Gasoline,6 Cyl,Automatic,Yellow,Brown,None reported,Yes,"$61,960",carfax_rebrowser_sample_oneprice,2026-04-30,SUV,20.0
Mercedes-Benz,GLE 53 AMG,2024,"31,895 mi.",Gasoline,6 Cyl,Automatic,White,Tan,None reported,Yes,"$68,150",carfax_rebrowser_sample_oneprice,2026-04-30,SUV,20.0
Land Rover,Defender 110,2024,"12,426 mi.",Gasoline,6 Cyl,Automatic,Silver,Black,None reported,Yes,"$67,580",carfax_rebrowser_sample_oneprice,2026-04-30,SUV,18.0
Toyota,Land Cruiser,2024,"14,297 mi.",Hybrid,4 Cyl,Automatic,Blue,Black,None reported,Yes,"$64,930",carfax_rebrowser_sample_oneprice,2026-04-30,SUV,23.0
Lexus,RX 350h,2024,"14,878 mi.",Hybrid,4 Cyl,Automatic,White,Black,None reported,Yes,"$62,140",carfax_rebrowser_sample_oneprice,2026-04-30,SUV,
Porsche,Macan S,2024,"15,085 mi.",Gasoline,6 Cyl,Automatic,Blue,Gray,None reported,Yes,"$73,660",carfax_rebrowser_sample_oneprice,2026-04-30,SUV,19.0
Mercedes-Benz,GLE 450,2024,"20,013 mi.",Gasoline,6 Cyl,Automatic,Silver,Brown,None reported,Yes,"$66,300",carfax_rebrowser_sample_oneprice,2026-04-30,SUV,22.0
BMW,X5 M60i,2024,"26,152 mi.",Gasoline,8 Cyl,Automatic,Blue,Black,None reported,Yes,"$74,300",carfax_rebrowser_sample_oneprice,2026-04-30,SUV,19.0
GMC,Yukon XL Denali,2024,"36,959 mi.",Gasoline,8 Cyl,Automatic,White,Gray,None reported,Yes,"$71,820",carfax_rebrowser_sample_oneprice,2026-04-30,SUV,16.0
Land Rover,Range Rover Sport SE,2024,"24,022 mi.",Gasoline,6 Cyl,Automatic,White,Black,None reported,Yes,"$74,110",carfax_rebrowser_sample_oneprice,2026-04-30,SUV,
BMW,X6 xDrive40i,2024,"17,067 mi.",Gasoline,6 Cyl,Automatic,White,Red,None reported,Yes,"$69,460",carfax_rebrowser_sample_oneprice,2026-04-30,SUV,24.0
BMW,X3 M,2024,"13,194 mi.",Gasoline,6 Cyl,Automatic,White,Orange,None reported,Yes,"$73,730",carfax_rebrowser_sample_oneprice,2026-04-30,SUV,17.0
Chevrolet,Suburban Z71,2024,"19,242 mi.",Gasoline,8 Cyl,Automatic,White,Black,None reported,Yes,"$65,670",carfax_rebrowser_sample_oneprice,2026-04-30,SUV,16.0
BMW,X7 xDrive40i,2024,"34,956 mi.",Gasoline,6 Cyl,Automatic,Gray,Brown,None reported,Yes,"$68,320",carfax_rebrowser_sample_oneprice,2026-04-30,SUV,22.0
GMC,Yukon XL Denali,2024,"40,236 mi.",Gasoline,8 Cyl,Automatic,Black,Black,None reported,Yes,"$73,070",carfax_rebrowser_sample_oneprice,2026-04-30,SUV,16.0
Mercedes-Benz,GLC 43 AMG,2024,"8,417 mi.",Gasoline,4 Cyl,Automatic,White,Brown,None reported,Yes,"$64,370",carfax_rebrowser_sample_oneprice,2026-04-30,SUV,21.0
Lincoln,Aviator Black Label,2024,"23,438 mi.",Gasoline,6 Cyl,Automatic,White,White,None reported,Yes,"$65,150",carfax_rebrowser_sample_oneprice,2026-04-30,SUV,20.0
Ford,Expedition MAX Platinum,2024,"15,471 mi.",Gasoline,6 Cyl,Automatic,Gray,Black,None reported,Yes,"$68,530",carfax_rebrowser_sample_oneprice,2026-04-30,SUV,
Mercedes-Benz,GLE 53 AMG,2024,"31,173 mi.",Gasoline,6 Cyl,Automatic,Blue,Black,None reported,Yes,"$71,790",carfax_rebrowser_sample_oneprice,2026-04-30,SUV,20.0
Mercedes-Benz,GLE 53 AMG,2024,"21,619 mi.",Gasoline,6 Cyl,Automatic,Silver,Black,None reported,Yes,"$78,690",carfax_rebrowser_sample_oneprice,2026-04-30,SUV,20.0
Tesla,Model X,2024,"57,138 mi.",Electric,Electric,Automatic,Black,Black,None reported,Yes,"$60,470",carfax_rebrowser_sample_oneprice,2026-04-30,SUV,100.0
BMW,X6 xDrive40i,2024,"17,948 mi.",Gasoline,6 Cyl,Automatic,White,White,None reported,Yes,"$70,700",carfax_rebrowser_sample_oneprice,2026-04-30,SUV,24.0
BMW,X7 xDrive40i,2024,"29,481 mi.",Gasoline,6 Cyl,Automatic,White,Black,None reported,Yes,"$63,820",carfax_rebrowser_sample_oneprice,2026-04-30,SUV,22.0
GMC,Yukon Denali,2024,"25,431 mi.",Gasoline,8 Cyl,Automatic,White,Tan,None reported,Yes,"$70,870",carfax_rebrowser_sample_oneprice,2026-04-30,SUV,16.0
Jeep,Grand Wagoneer Series III,2024,"23,833 mi.",Gasoline,6 Cyl,Automatic,Gray,Tan,None reported,Yes,"$72,180",carfax_rebrowser_sample_oneprice,2026-04-30,SUV,17.0
Land Rover,Defender 130,2024,"29,933 mi.",Gasoline,6 Cyl,Automatic,White,Black,None reported,Yes,"$68,720",carfax_rebrowser_sample_oneprice,2026-04-30,SUV,18.0
GMC,Yukon XL SLT,2024,"22,798 mi.",Gasoline,8 Cyl,Automatic,Silver,Black,None reported,Yes,"$64,980",carfax_rebrowser_sample_oneprice,2026-04-30,SUV,16.0
GMC,Yukon SLT,2024,"41,105 mi.",Gasoline,8 Cyl,Automatic,Blue,Black,None reported,Yes,"$54,180",carfax_rebrowser_sample_oneprice,2026-04-30,SUV,17.0
Chevrolet,Tahoe Z71,2024,"11,584 mi.",Gasoline,8 Cyl,Automatic,White,Black,None reported,Yes,"$69,370",carfax_rebrowser_sample_oneprice,2026-04-30,SUV,16.0
Ford,Expedition Timberline,2024,"21,410 mi.",Gasoline,6 Cyl,Automatic,White,Green,None reported,Yes,"$68,660",carfax_rebrowser_sample_oneprice,2026-04-30,SUV,17.0
GMC,Yukon SLT,2024,"13,756 mi.",Gasoline,8 Cyl,Automatic,Beige,Black,None reported,Yes,"$65,860",carfax_rebrowser_sample_oneprice,2026-04-30,SUV,17.0
Lincoln,Navigator Premiere,2024,"6,985 mi.",Gasoline,6 Cyl,Automatic,Red,Black,None reported,Yes,"$71,540",carfax_rebrowser_sample_oneprice,2026-04-30,SUV,18.0
Rivian,R1S Adventure,2024,"37,524 mi.",Electric,Electric,Automatic,Silver,Black,None reported,Yes,"$62,690",carfax_rebrowser_sample_oneprice,2026-04-30,SUV,
Lincoln,Navigator L Reserve,2024,"9,258 mi.",Gasoline,6 Cyl,Automatic,Black,Unknown,None reported,Yes,"$78,320",carfax_rebrowser_sample_oneprice,2026-04-30,SUV,
GMC,Yukon SLT,2024,"12,738 mi.",Gasoline,8 Cyl,Automatic,Black,Black,None reported,Yes,"$62,800",carfax_rebrowser_sample_oneprice,2026-04-30,SUV,17.0
BMW,X5 xDrive50e,2024,"14,065 mi.",Hybrid,6 Cyl,Automatic,Black,Gray,None reported,Yes,"$67,290",carfax_rebrowser_sample_oneprice,2026-04-30,SUV,
Porsche,Cayenne,2024,"75,592 mi.",Gasoline,6 Cyl,Automatic,Black,Black,None reported,Yes,"$69,380",carfax_rebrowser_sample_oneprice,2026-04-30,SUV,19.0
BMW,X7 xDrive40i,2024,"25,305 mi.",Gasoline,6 Cyl,Automatic,White,Black,None reported,Yes,"$65,120",carfax_rebrowser_sample_oneprice,2026-04-30,SUV,22.0
Lexus,RX 350h,2024,"7,432 mi.",Hybrid,4 Cyl,Automatic,Gray,Black,None reported,Yes,"$56,250",carfax_rebrowser_sample_oneprice,2026-04-30,SUV,
BMW,X5 xDrive40i,2024,"13,752 mi.",Gasoline,6 Cyl,Automatic,White,Black,None reported,Yes,"$60,280",carfax_rebrowser_sample_oneprice,2026-04-30,SUV,25.0
Chevrolet,Tahoe High Country,2024,"45,572 mi.",Gasoline,8 Cyl,Automatic,White,Black,None reported,Yes,"$67,010",carfax_rebrowser_sample_oneprice,2026-04-30,SUV,16.0
Mercedes-Benz,GLS 450,2024,"42,131 mi.",Gasoline,6 Cyl,Automatic,Gray,Black,None reported,Yes,"$65,930",carfax_rebrowser_sample_oneprice,2026-04-30,SUV,21.0
BMW,X7 xDrive40i,2024,"20,121 mi.",Gasoline,6 Cyl,Automatic,Gray,Black,None reported,Yes,"$68,500",carfax_rebrowser_sample_oneprice,2026-04-30,SUV,22.0
Mercedes-Benz,GLE 53 AMG,2024,"29,788 mi.",Gasoline,6 Cyl,Automatic,White,Tan,None reported,Yes,"$68,090",carfax_rebrowser_sample_oneprice,2026-04-30,SUV,20.0
GMC,Yukon Denali,2024,"24,098 mi.",Gasoline,8 Cyl,Automatic,Black,Black,None reported,Yes,"$70,130",carfax_rebrowser_sample_oneprice,2026-04-30,SUV,16.0
Land Rover,Range Rover Sport SE,2024,"31,241 mi.",Gasoline,6 Cyl,Automatic,Black,Black,None reported,Yes,"$68,700",carfax_rebrowser_sample_oneprice,2026-04-30,SUV,
Ford,Bronco Raptor,2024,"9,813 mi.",Gasoline,6 Cyl,Automatic,Black,Blue,None reported,Yes,"$71,870",carfax_rebrowser_sample_oneprice,2026-04-30,SUV,15.0
BMW,X5 xDrive50e,2024,"25,564 mi.",Hybrid,6 Cyl,Automatic,Black,Brown,None reported,Yes,"$61,580",carfax_rebrowser_sample_oneprice,2026-04-30,SUV,
BMW,X7 xDrive40i,2024,"28,874 mi.",Gasoline,6 Cyl,Automatic,White,Tan,None reported,Yes,"$67,800",carfax_rebrowser_sample_oneprice,2026-04-30,SUV,22.0
Chevrolet,Tahoe Z71,2024,"30,580 mi.",Gasoline,8 Cyl,Automatic,White,Black,None reported,Yes,"$65,800",carfax_rebrowser_sample_oneprice,2026-04-30,SUV,16.0
GMC,Yukon XL Denali,2024,"36,447 mi.",Gasoline,8 Cyl,Automatic,Blue,Black,None reported,Yes,"$70,240",carfax_rebrowser_sample_oneprice,2026-04-30,SUV,16.0
Lexus,RX 500h,2024,"18,882 mi.",Hybrid,4 Cyl,Automatic,White,Unknown,None reported,Yes,"$60,830",carfax_rebrowser_sample_oneprice,2026-04-30,SUV,
BMW,X7 xDrive40i,2024,"38,398 mi.",Gasoline,6 Cyl,Automatic,Black,Gray,None reported,Yes,"$63,040",carfax_rebrowser_sample_oneprice,2026-04-30,SUV,22.0
Toyota,Land Cruiser,2024,"13,014 mi.",Hybrid,4 Cyl,Automatic,Black,Unknown,None reported,Yes,"$57,360",carfax_rebrowser_sample_oneprice,2026-04-30,SUV,23.0
INEOS,Grenadier,2024,"17,000 mi.",Gasoline,6 Cyl,Automatic,White,Unknown,None reported,Yes,"$67,020",carfax_rebrowser_sample_oneprice,2026-04-30,SUV,15.0
BMW,X4 M40i,2024,"12,634 mi.",Gasoline,6 Cyl,Automatic,Gray,Red,None reported,Yes,"$59,950",carfax_rebrowser_sample_oneprice,2026-04-30,SUV,23.0
BMW,X7 xDrive40i,2024,"34,546 mi.",Gasoline,6 Cyl,Automatic,White,Black,None reported,Yes,"$64,180",carfax_rebrowser_sample_oneprice,2026-04-30,SUV,22.0
Toyota,Land Cruiser 1958,2024,"8,366 mi.",Hybrid,4 Cyl,Automatic,Black,Black,None reported,Yes,"$57,580",carfax_rebrowser_sample_oneprice,2026-04-30,SUV,23.0
BMW,X7 xDrive40i,2024,"41,229 mi.",Gasoline,6 Cyl,Automatic,White,Brown,None reported,Yes,"$60,820",carfax_rebrowser_sample_oneprice,2026-04-30,SUV,22.0
Chevrolet,Tahoe Z71,2024,"32,051 mi.",Gasoline,8 Cyl,Automatic,White,Black,None reported,Yes,"$63,030",carfax_rebrowser_sample_oneprice,2026-04-30,SUV,16.0
Toyota,Land Cruiser,2024,"27,118 mi.",Hybrid,4 Cyl,Automatic,Black,Black,None reported,Yes,"$67,960",carfax_rebrowser_sample_oneprice,2026-04-30,SUV,23.0
BMW,X6 xDrive40i,2024,"46,804 mi.",Gasoline,6 Cyl,Automatic,Black,Black,None reported,Yes,"$64,930",carfax_rebrowser_sample_oneprice,2026-04-30,SUV,24.0
Toyota,Sequoia SR5,2024,"19,620 mi.",Hybrid,6 Cyl,Automatic,Gray,Black,None reported,Yes,"$66,990",carfax_rebrowser_sample_oneprice,2026-04-30,SUV,
GMC,Yukon SLT,2024,"11,029 mi.",Diesel,6 Cyl,Automatic,Black,Black,None reported,Yes,"$66,400",carfax_rebrowser_sample_oneprice,2026-04-30,SUV,22.0
Mercedes-Benz,GLS 450,2024,"21,337 mi.",Gasoline,6 Cyl,Automatic,White,Tan,None reported,Yes,"$72,440",carfax_rebrowser_sample_oneprice,2026-04-30,SUV,21.0
Mercedes-Benz,GLS 450,2024,"25,796 mi.",Gasoline,6 Cyl,Automatic,Black,Brown,None reported,Yes,"$72,160",carfax_rebrowser_sample_oneprice,2026-04-30,SUV,21.0
BMW,X7 xDrive40i,2024,"37,263 mi.",Gasoline,6 Cyl,Automatic,Gray,Black,None reported,Yes,"$62,790",carfax_rebrowser_sample_oneprice,2026-04-30,SUV,22.0
Tesla,Model X,2024,"34,212 mi.",Electric,Electric,Automatic,Gray,Black,None reported,Yes,"$64,760",carfax_rebrowser_sample_oneprice,2026-04-30,SUV,100.0
BMW,X6 xDrive40i,2024,"32,061 mi.",Gasoline,6 Cyl,Automatic,White,Black,None reported,Yes,"$64,240",carfax_rebrowser_sample_oneprice,2026-04-30,SUV,24.0
Mercedes-Benz,GLE 53 AMG,2024,"46,290 mi.",Gasoline,6 Cyl,Automatic,Black,Brown,None reported,Yes,"$70,810",carfax_rebrowser_sample_oneprice,2026-04-30,SUV,20.0
BMW,X6 xDrive40i,2024,"24,510 mi.",Gasoline,6 Cyl,Automatic,White,White,None reported,Yes,"$68,930",carfax_rebrowser_sample_oneprice,2026-04-30,SUV,24.0
Porsche,Cayenne,2024,"40,218 mi.",Gasoline,6 Cyl,Automatic,White,Black,None reported,Yes,"$71,930",carfax_rebrowser_sample_oneprice,2026-04-30,SUV,19.0
Jeep,Wagoneer Series II,2024,"17,218 mi.",Gasoline,6 Cyl,Automatic,Bronze,Black,None reported,Yes,"$55,050",carfax_rebrowser_sample_oneprice,2026-04-30,SUV,19.0
BMW,X5 xDrive50e,2024,"20,464 mi.",Hybrid,6 Cyl,Automatic,White,Tan,None reported,Yes,"$70,310",carfax_rebrowser_sample_oneprice,2026-04-30,SUV,
Tesla,Model X,2024,"24,229 mi.",Electric,Electric,Automatic,Gray,Black,None reported,Yes,"$67,560",carfax_rebrowser_sample_oneprice,2026-04-30,SUV,100.0
Chevrolet,Tahoe Z71,2024,"49,506 mi.",Gasoline,8 Cyl,Automatic,Gray,Black,None reported,Yes,"$60,170",carfax_rebrowser_sample_oneprice,2026-04-30,SUV,16.0
Porsche,Macan S,2024,"12,915 mi.",Gasoline,6 Cyl,Automatic,Black,Black,None reported,Yes,"$70,520",carfax_rebrowser_sample_oneprice,2026-04-30,SUV,19.0
BMW,X7 xDrive40i,2024,"24,892 mi.",Gasoline,6 Cyl,Automatic,Gray,Black,None reported,Yes,"$66,070",carfax_rebrowser_sample_oneprice,2026-04-30,SUV,22.0
BMW,X7 xDrive40i,2024,"29,640 mi.",Gasoline,6 Cyl,Automatic,Black,Brown,None reported,Yes,"$64,630",carfax_rebrowser_sample_oneprice,2026-04-30,SUV,22.0
Chevrolet,Suburban Premier,2024,"42,326 mi.",Gasoline,8 Cyl,Automatic,White,Black,None reported,Yes,"$62,990",carfax_rebrowser_sample_oneprice,2026-04-30,SUV,16.0
Chevrolet,Tahoe Z71,2024,"31,826 mi.",Gasoline,8 Cyl,Automatic,White,Gray,None reported,Yes,"$62,240",carfax_rebrowser_sample_oneprice,2026-04-30,SUV,16.0
Lincoln,Navigator Reserve,2024,"22,173 mi.",Gasoline,6 Cyl,Automatic,Gray,Unknown,None reported,Yes,"$75,740",carfax_rebrowser_sample_oneprice,2026-04-30,SUV,18.0
Chevrolet,Tahoe Premier,2024,"26,523 mi.",Gasoline,8 Cyl,Automatic,White,Black,None reported,Yes,"$67,140",carfax_rebrowser_sample_oneprice,2026-04-30,SUV,16.0
Porsche,Macan S,2024,"12,352 mi.",Gasoline,6 Cyl,Automatic,White,Black,None reported,Yes,"$74,300",carfax_rebrowser_sample_oneprice,2026-04-30,SUV,19.0
Lincoln,Navigator Reserve,2024,"29,479 mi.",Gasoline,6 Cyl,Automatic,Black,Black,None reported,Yes,"$67,220",carfax_rebrowser_sample_oneprice,2026-04-30,SUV,18.0
Toyota,Land Cruiser First Edition,2024,"23,523 mi.",Hybrid,4 Cyl,Automatic,Gray,Black,None reported,Yes,"$64,840",carfax_rebrowser_sample_oneprice,2026-04-30,SUV,23.0
Toyota,Sequoia Platinum,2024,"34,441 mi.",Hybrid,6 Cyl,Automatic,White,Black,None reported,Yes,"$70,110",carfax_rebrowser_sample_oneprice,2026-04-30,SUV,
Lincoln,Navigator L Reserve,2024,"27,889 mi.",Gasoline,6 Cyl,Automatic,Blue,Black,None reported,Yes,"$74,460",carfax_rebrowser_sample_oneprice,2026-04-30,SUV,
Chevrolet,Tahoe High Country,2024,"55,429 mi.",Gasoline,8 Cyl,Automatic,White,Black,None reported,Yes,"$63,400",carfax_rebrowser_sample_oneprice,2026-04-30,SUV,16.0
Lexus,RX 500h,2024,"6,688 mi.",Hybrid,4 Cyl,Automatic,White,Red,None reported,Yes,"$67,260",carfax_rebrowser_sample_oneprice,2026-04-30,SUV,
Lincoln,Navigator Black Label,2024,"45,722 mi.",Gasoline,6 Cyl,Automatic,White,White,None reported,Yes,"$77,460",carfax_rebrowser_sample_oneprice,2026-04-30,SUV,18.0
Chevrolet,Tahoe Premier,2024,"30,155 mi.",Gasoline,8 Cyl,Automatic,White,Black,None reported,Yes,"$64,530",carfax_rebrowser_sample_oneprice,2026-04-30,SUV,16.0
Mercedes-Benz,GLE 450,2024,"37,555 mi.",Gasoline,6 Cyl,Automatic,Black,Tan,None reported,Yes,"$61,750",carfax_rebrowser_sample_oneprice,2026-04-30,SUV,22.0
Ford,Bronco Raptor,2024,"26,278 mi.",Gasoline,6 Cyl,Automatic,Green,Black,None reported,Yes,"$70,580",carfax_rebrowser_sample_oneprice,2026-04-30,SUV,15.0
Chevrolet,Tahoe RST,2024,"16,898 mi.",Diesel,6 Cyl,Automatic,Unknown,Red,None reported,Yes,"$70,150",carfax_rebrowser_sample_oneprice,2026-04-30,SUV,22.0
Chevrolet,Suburban RST,2024,"39,965 mi.",Diesel,6 Cyl,Automatic,Gray,Black,None reported,Yes,"$66,600",carfax_rebrowser_sample_oneprice,2026-04-30,SUV,22.0
Chevrolet,Tahoe Z71,2024,"22,150 mi.",Gasoline,8 Cyl,Automatic,Black,Black,None reported,Yes,"$65,900",carfax_rebrowser_sample_oneprice,2026-04-30,SUV,16.0
Ford,Expedition Platinum,2024,"23,759 mi.",Gasoline,6 Cyl,Automatic,White,Black,None reported,Yes,"$67,940",carfax_rebrowser_sample_oneprice,2026-04-30,SUV,18.0
Mercedes-Benz,GLE 53 AMG,2024,"57,291 mi.",Gasoline,6 Cyl,Automatic,Gray,Red,None reported,Yes,"$72,970",carfax_rebrowser_sample_oneprice,2026-04-30,SUV,20.0
Chevrolet,Tahoe RST,2024,"14,575 mi.",Gasoline,8 Cyl,Automatic,White,Red,None reported,Yes,"$66,810",carfax_rebrowser_sample_oneprice,2026-04-30,SUV,16.0
Mercedes-Benz,GLC 43 AMG,2024,"14,015 mi.",Gasoline,4 Cyl,Automatic,Silver,Black,None reported,Yes,"$59,340",carfax_rebrowser_sample_oneprice,2026-04-30,SUV,21.0
Ford,Bronco Raptor,2024,"24,061 mi.",Gasoline,6 Cyl,Automatic,Silver,Black,None reported,Yes,"$70,490",carfax_rebrowser_sample_oneprice,2026-04-30,SUV,15.0
Chevrolet,Suburban Premier,2024,"19,884 mi.",Gasoline,8 Cyl,Automatic,White,Black,None reported,Yes,"$68,600",carfax_rebrowser_sample_oneprice,2026-04-30,SUV,16.0
Chevrolet,Suburban RST,2024,"21,649 mi.",Gasoline,8 Cyl,Automatic,Black,Black,None reported,Yes,"$68,440",carfax_rebrowser_sample_oneprice,2026-04-30,SUV,16.0
Chevrolet,Suburban Premier,2024,"30,142 mi.",Gasoline,8 Cyl,Automatic,Black,Black,None reported,Yes,"$63,460",carfax_rebrowser_sample_oneprice,2026-04-30,SUV,16.0
GMC,Yukon XL AT4,2024,"28,775 mi.",Gasoline,8 Cyl,Automatic,White,Black,None reported,Yes,"$65,710",carfax_rebrowser_sample_oneprice,2026-04-30,SUV,16.0
Chevrolet,Tahoe RST,2024,"35,417 mi.",Diesel,6 Cyl,Automatic,Gray,Red,None reported,Yes,"$64,670",carfax_rebrowser_sample_oneprice,2026-04-30,SUV,22.0
GMC,Yukon XL Denali,2024,"61,326 mi.",Gasoline,8 Cyl,Automatic,Green,Black,None reported,Yes,"$66,260",carfax_rebrowser_sample_oneprice,2026-04-30,SUV,16.0
Jeep,Grand Wagoneer Series III,2024,"30,381 mi.",Gasoline,6 Cyl,Automatic,Black,Tan,None reported,Yes,"$75,430",carfax_rebrowser_sample_oneprice,2026-04-30,SUV,17.0
BMW,X7 xDrive40i,2024,"24,110 mi.",Gasoline,6 Cyl,Automatic,Gray,Black,None reported,Yes,"$70,720",carfax_rebrowser_sample_oneprice,2026-04-30,SUV,22.0
BMW,X5 M60i,2024,"27,632 mi.",Gasoline,8 Cyl,Automatic,Blue,White,None reported,Yes,"$77,080",carfax_rebrowser_sample_oneprice,2026-04-30,SUV,19.0
Toyota,Sequoia Platinum,2024,"21,185 mi.",Hybrid,6 Cyl,Automatic,White,Black,None reported,Yes,"$72,790",carfax_rebrowser_sample_oneprice,2026-04-30,SUV,
Chevrolet,Tahoe High Country,2024,"17,257 mi.",Gasoline,8 Cyl,Automatic,White,Black,None reported,Yes,"$71,300",carfax_rebrowser_sample_oneprice,2026-04-30,SUV,16.0
BMW,X7 xDrive40i,2024,"12,337 mi.",Gasoline,6 Cyl,Automatic,Black,Brown,None reported,Yes,"$72,170",carfax_rebrowser_sample_oneprice,2026-04-30,SUV,22.0
Toyota,Sequoia Limited Edition,2024,"31,455 mi.",Hybrid,6 Cyl,Automatic,White,Black,None reported,Yes,"$64,930",carfax_rebrowser_sample_oneprice,2026-04-30,SUV,
Ford,Bronco Raptor,2024,"9,877 mi.",Gasoline,6 Cyl,Automatic,Green,Black,None reported,Yes,"$74,410",carfax_rebrowser_sample_oneprice,2026-04-30,SUV,15.0
Lincoln,Navigator L Premiere,2024,"42,490 mi.",Gasoline,6 Cyl,Automatic,Black,Black,None reported,Yes,"$63,820",carfax_rebrowser_sample_oneprice,2026-04-30,SUV,
Mercedes-Benz,EQE 320+,2026,"4,565 mi.",Electric,Electric,Automatic,White,Black,None reported,Yes,"$60,350",carfax_rebrowser_sample_oneprice,2026-04-30,SUV,
Mercedes-Benz,GLE 350,2026,"1,200 mi.",Gasoline,4 Cyl,Automatic,Silver,Brown,None reported,Yes,"$67,610",carfax_rebrowser_sample_oneprice,2026-04-30,SUV,22.0
Mercedes-Benz,GLE 350,2026,"1,500 mi.",Gasoline,4 Cyl,Automatic,Black,Black,None reported,Yes,"$66,660",carfax_rebrowser_sample_oneprice,2026-04-30,SUV,22.0
Porsche,Macan,2026,"5,632 mi.",Gasoline,4 Cyl,Automatic,Blue,Black,None reported,Yes,"$71,560",carfax_rebrowser_sample_oneprice,2026-04-30,SUV,21.0
Mercedes-Benz,GLE 450,2026,"1,800 mi.",Gasoline,6 Cyl,Automatic,Black,Tan,None reported,Yes,"$75,750",carfax_rebrowser_sample_oneprice,2026-04-30,SUV,21.0
BMW,iX xDrive45,2026,"3,456 mi.",Electric,Electric,Automatic,White,Black,None reported,Yes,"$73,010",carfax_rebrowser_sample_oneprice,2026-04-30,SUV,
Volvo,XC90 B5 Plus,2026,"6,409 mi.",Gasoline,4 Cyl,Automatic,Blue,Tan,None reported,Yes,"$66,130",carfax_rebrowser_sample_oneprice,2026-04-30,SUV,23.0
BMW,X5 xDrive40i,2026,"7,969 mi.",Gasoline,6 Cyl,Automatic,White,Tan,None reported,Yes,"$69,570",carfax_rebrowser_sample_oneprice,2026-04-30,SUV,25.0
BMW,X5 xDrive40i,2026,"20,676 mi.",Gasoline,6 Cyl,Automatic,White,Brown,None reported,Yes,"$61,930",carfax_rebrowser_sample_oneprice,2026-04-30,SUV,25.0
Mercedes-Benz,GLE 350,2026,"4,551 mi.",Gasoline,4 Cyl,Automatic,Black,Black,None reported,Yes,"$64,900",carfax_rebrowser_sample_oneprice,2026-04-30,SUV,22.0
Volvo,XC90 B6 Plus,2026,"6,750 mi.",Gasoline,4 Cyl,Automatic,Black,Black,None reported,Yes,"$71,810",carfax_rebrowser_sample_oneprice,2026-04-30,SUV,23.0
Mercedes-Benz,GLE 350,2026,"1,682 mi.",Gasoline,4 Cyl,Automatic,Gray,Black,None reported,Yes,"$67,680",carfax_rebrowser_sample_oneprice,2026-04-30,SUV,22.0
Mercedes-Benz,GLE 450,2026,"3,817 mi.",Gasoline,6 Cyl,Automatic,Gray,Black,None reported,Yes,"$73,290",carfax_rebrowser_sample_oneprice,2026-04-30,SUV,21.0
Volvo,XC90 B6 Plus,2026,"6,518 mi.",Gasoline,4 Cyl,Automatic,White,Tan,None reported,Yes,"$69,940",carfax_rebrowser_sample_oneprice,2026-04-30,SUV,23.0
Cadillac,XT5 Premium Luxury,2026,"10,313 mi.",Gasoline,6 Cyl,Automatic,White,Black,None reported,Yes,"$58,130",carfax_rebrowser_sample_oneprice,2026-04-30,SUV,21.0
Land Rover,Range Rover Velar Dynamic SE,2026,"10,720 mi.",Gasoline,4 Cyl,Automatic,Gold,Black,None reported,Yes,"$59,540",carfax_rebrowser_sample_oneprice,2026-04-30,SUV,23.0
Ram,3500 Big Horn,2024,"42,458 mi.",Diesel,6 Cyl,Automatic,Blue,Black,None reported,Yes,"$57,000",carfax_rebrowser_sample_oneprice,2026-05-01,Pickup,
GMC,Sierra 1500 AT4,2024,"41,016 mi.",Diesel,6 Cyl,Automatic,Black,Black,None reported,Yes,"$55,480",carfax_rebrowser_sample_oneprice,2026-05-01,Pickup,24.0
Toyota,Tundra Limited Edition,2024,"18,244 mi.",Gasoline,6 Cyl,Automatic,Green,Black,None reported,Yes,"$52,180",carfax_rebrowser_sample_oneprice,2026-05-01,Pickup,19.0
Chevrolet,Silverado 1500 RST,2024,"16,694 mi.",Diesel,6 Cyl,Automatic,Black,Black,None reported,Yes,"$48,500",carfax_rebrowser_sample_oneprice,2026-05-01,Pickup,
Chevrolet,Silverado 1500 RST,2024,"15,813 mi.",Gasoline,8 Cyl,Automatic,Gray,Black,None reported,Yes,"$48,480",carfax_rebrowser_sample_oneprice,2026-05-01,Pickup,16.0
GMC,Sierra 1500 Denali,2024,"45,858 mi.",Diesel,6 Cyl,Automatic,Silver,Brown,None reported,Yes,"$53,110",carfax_rebrowser_sample_oneprice,2026-05-01,Pickup,24.0
Ram,2500 Big Horn,2024,"39,544 mi.",Diesel,6 Cyl,Automatic,White,Gray,None reported,Yes,"$48,430",carfax_rebrowser_sample_oneprice,2026-05-01,Pickup,
Ram,2500 Big Horn,2024,"14,685 mi.",Gasoline,8 Cyl,Automatic,Black,Gray,None reported,Yes,"$45,200",carfax_rebrowser_sample_oneprice,2026-05-01,Pickup,
Ford,F-250 XLT,2024,"46,346 mi.",Gasoline,8 Cyl,Automatic,White,Gray,None reported,Yes,"$45,930",carfax_rebrowser_sample_oneprice,2026-05-01,Pickup,
GMC,Sierra 2500HD SLE,2024,"13,312 mi.",Gasoline,8 Cyl,Automatic,White,Black,None reported,Yes,"$57,070",carfax_rebrowser_sample_oneprice,2026-05-01,Pickup,
Ford,F-250 XL,2024,"51,824 mi.",Diesel,8 Cyl,Automatic,White,Gray,None reported,Yes,"$53,480",carfax_rebrowser_sample_oneprice,2026-05-01,Pickup,
Toyota,Tacoma Limited Edition,2024,"9,961 mi.",Gasoline,4 Cyl,Automatic,Red,Black,None reported,Yes,"$48,400",carfax_rebrowser_sample_oneprice,2026-05-01,Pickup,21.0
Toyota,Tundra Limited Edition,2024,"28,606 mi.",Gasoline,6 Cyl,Automatic,Red,Unknown,None reported,Yes,"$48,340",carfax_rebrowser_sample_oneprice,2026-05-01,Pickup,19.0
Ford,F-150 XLT,2024,"1,358 mi.",Gasoline,6 Cyl,Automatic,Silver,Black,None reported,Yes,"$52,510",carfax_rebrowser_sample_oneprice,2026-05-01,Pickup,19.0
GMC,Sierra 1500 AT4,2024,"42,791 mi.",Gasoline,8 Cyl,Automatic,Black,Black,None reported,Yes,"$53,980",carfax_rebrowser_sample_oneprice,2026-05-01,Pickup,16.0
Chevrolet,Silverado 2500HD LTZ,2024,"75,611 mi.",Diesel,8 Cyl,Automatic,White,Black,None reported,Yes,"$55,700",carfax_rebrowser_sample_oneprice,2026-05-01,Pickup,
GMC,Sierra 1500 Elevation,2024,"32,424 mi.",Gasoline,8 Cyl,Automatic,Blue,Black,None reported,Yes,"$46,940",carfax_rebrowser_sample_oneprice,2026-05-01,Pickup,16.0
Ford,F-350 XLT,2024,"30,477 mi.",Gasoline,8 Cyl,Automatic,White,Gray,None reported,Yes,"$52,230",carfax_rebrowser_sample_oneprice,2026-05-01,Pickup,
GMC,Sierra 1500 AT4,2024,"28,266 mi.",Diesel,6 Cyl,Automatic,Gray,Black,None reported,Yes,"$56,230",carfax_rebrowser_sample_oneprice,2026-05-01,Pickup,24.0
Chevrolet,Silverado 1500 LT,2024,"35,037 mi.",Diesel,6 Cyl,Automatic,Gray,Black,None reported,Yes,"$50,660",carfax_rebrowser_sample_oneprice,2026-05-01,Pickup,
GMC,Sierra 1500 AT4,2024,"32,852 mi.",Gasoline,8 Cyl,Automatic,Gray,Black,None reported,Yes,"$55,050",carfax_rebrowser_sample_oneprice,2026-05-01,Pickup,16.0
Ram,2500 Big Horn,2024,"39,749 mi.",Diesel,6 Cyl,Automatic,White,Black,None reported,Yes,"$46,250",carfax_rebrowser_sample_oneprice,2026-05-01,Pickup,
Ram,2500 Big Horn,2024,"53,772 mi.",Diesel,6 Cyl,Automatic,Black,Gray,None reported,Yes,"$46,570",carfax_rebrowser_sample_oneprice,2026-05-01,Pickup,
Ram,2500 Big Horn,2024,"21,540 mi.",Gasoline,8 Cyl,Automatic,Silver,Black,None reported,Yes,"$43,210",carfax_rebrowser_sample_oneprice,2026-05-01,Pickup,
GMC,Sierra 1500 AT4,2024,"33,919 mi.",Gasoline,8 Cyl,Automatic,Black,Black,None reported,Yes,"$55,350",carfax_rebrowser_sample_oneprice,2026-05-01,Pickup,16.0
Ford,F-350 XLT,2024,"18,968 mi.",Flexible-Fuel,8 Cyl,Automatic,White,Gray,None reported,Yes,"$52,230",carfax_rebrowser_sample_oneprice,2026-05-01,Pickup,
GMC,Sierra 2500HD SLE,2024,"79,828 mi.",Diesel,8 Cyl,Automatic,White,Black,None reported,Yes,"$51,770",carfax_rebrowser_sample_oneprice,2026-05-01,Pickup,
Ford,F-250 XLT,2024,"136,707 mi.",Diesel,8 Cyl,Automatic,Black,Gray,None reported,Yes,"$45,730",carfax_rebrowser_sample_oneprice,2026-05-01,Pickup,
GMC,Sierra 1500 Elevation,2024,"29,317 mi.",Gasoline,8 Cyl,Automatic,Gray,Black,None reported,Yes,"$49,800",carfax_rebrowser_sample_oneprice,2026-05-01,Pickup,16.0
Ram,3500 Big Horn,2024,"36,365 mi.",Diesel,6 Cyl,Automatic,Gray,Black,None reported,Yes,"$59,520",carfax_rebrowser_sample_oneprice,2026-05-01,Pickup,
Toyota,Tacoma TRD Off Road,2024,"5,633 mi.",Gasoline,4 Cyl,Automatic,Bronze,Black,None reported,Yes,"$42,860",carfax_rebrowser_sample_oneprice,2026-05-01,Pickup,21.0
Jeep,Gladiator Rubicon,2024,"14,623 mi.",Gasoline,6 Cyl,Automatic,Yellow,Black,None reported,Yes,"$45,900",carfax_rebrowser_sample_oneprice,2026-05-01,Pickup,19.0
Ford,F-150 XLT,2024,"6,232 mi.",Flexible-Fuel,8 Cyl,Automatic,Gray,Unknown,None reported,Yes,"$54,000",carfax_rebrowser_sample_oneprice,2026-05-01,Pickup,19.0
Chevrolet,Silverado 1500 RST,2024,"2,396 mi.",Gasoline,8 Cyl,Automatic,Gray,Black,None reported,Yes,"$49,350",carfax_rebrowser_sample_oneprice,2026-05-01,Pickup,
GMC,Sierra 1500 Elevation,2024,"22,616 mi.",Diesel,6 Cyl,Automatic,Gray,Black,None reported,Yes,"$50,020",carfax_rebrowser_sample_oneprice,2026-05-01,Pickup,24.0
Ford,F-150 Lariat,2024,"38,570 mi.",Gasoline,6 Cyl,Automatic,Blue,Unknown,None reported,Yes,"$52,420",carfax_rebrowser_sample_oneprice,2026-05-01,Pickup,19.0
Chevrolet,Silverado 1500 RST,2024,"61,484 mi.",Gasoline,8 Cyl,Automatic,White,Black,None reported,Yes,"$42,640",carfax_rebrowser_sample_oneprice,2026-05-01,Pickup,16.0
Ford,F-150 Lariat,2024,"24,795 mi.",Gasoline,6 Cyl,Automatic,Black,Black,None reported,Yes,"$55,650",carfax_rebrowser_sample_oneprice,2026-05-01,Pickup,19.0
Ram,1500 Limited,2024,"21,801 mi.",Gasoline,8 Cyl,Automatic,White,Black,None reported,Yes,"$55,380",carfax_rebrowser_sample_oneprice,2026-05-01,Pickup,19.0
GMC,Canyon AT4,2024,"18,003 mi.",Gasoline,4 Cyl,Automatic,Red,Black,None reported,Yes,"$43,550",carfax_rebrowser_sample_oneprice,2026-05-01,Pickup,18.0
GMC,Sierra 1500 Elevation,2024,"39,424 mi.",Diesel,6 Cyl,Automatic,Black,Black,None reported,Yes,"$46,810",carfax_rebrowser_sample_oneprice,2026-05-01,Pickup,24.0
GMC,Sierra 1500 SLT,2024,"23,960 mi.",Gasoline,8 Cyl,Automatic,White,Tan,None reported,Yes,"$49,580",carfax_rebrowser_sample_oneprice,2026-05-01,Pickup,16.0
Ford,F-150 STX,2024,"8,542 mi.",Flexible-Fuel,8 Cyl,Automatic,White,Black,None reported,Yes,"$52,440",carfax_rebrowser_sample_oneprice,2026-05-01,Pickup,19.0
Toyota,Tundra Limited Edition,2024,"33,387 mi.",Gasoline,6 Cyl,Automatic,White,Unknown,None reported,Yes,"$49,040",carfax_rebrowser_sample_oneprice,2026-05-01,Pickup,19.0
Chevrolet,Silverado 1500 RST,2024,"25,241 mi.",Gasoline,8 Cyl,Automatic,Black,Black,None reported,Yes,"$46,980",carfax_rebrowser_sample_oneprice,2026-05-01,Pickup,16.0
Toyota,Tundra Limited Edition,2024,"13,796 mi.",Hybrid,6 Cyl,Automatic,Silver,Black,None reported,Yes,"$54,490",carfax_rebrowser_sample_oneprice,2026-05-01,Pickup,19.0
Toyota,Tundra Limited Edition,2024,"5,506 mi.",Hybrid,6 Cyl,Automatic,Unknown,Unknown,None reported,Yes,"$55,600",carfax_rebrowser_sample_oneprice,2026-05-01,Pickup,19.0
Ford,Ranger Raptor,2024,"31,644 mi.",Gasoline,6 Cyl,Automatic,Blue,Black,None reported,Yes,"$56,380",carfax_rebrowser_sample_oneprice,2026-05-01,Pickup,17.0
Chevrolet,Silverado 2500HD Custom,2024,"35,974 mi.",Diesel,8 Cyl,Automatic,White,Black,None reported,Yes,"$51,600",carfax_rebrowser_sample_oneprice,2026-05-01,Pickup,
GMC,Sierra 1500 Elevation,2024,"27,428 mi.",Gasoline,8 Cyl,Automatic,Silver,Black,None reported,Yes,"$50,240",carfax_rebrowser_sample_oneprice,2026-05-01,Pickup,16.0
Ford,F-250 XLT,2024,"30,351 mi.",Gasoline,8 Cyl,Automatic,White,Gray,None reported,Yes,"$52,200",carfax_rebrowser_sample_oneprice,2026-05-01,Pickup,
Ford,F-150 XLT,2024,"36,516 mi.",Flexible-Fuel,8 Cyl,Automatic,White,Unknown,None reported,Yes,"$54,420",carfax_rebrowser_sample_oneprice,2026-05-01,Pickup,19.0
Ram,1500 Rebel,2024,"20,872 mi.",Gasoline,8 Cyl,Automatic,Silver,Black,None reported,Yes,"$52,300",carfax_rebrowser_sample_oneprice,2026-05-01,Pickup,19.0
GMC,Canyon AT4X,2024,"6,376 mi.",Gasoline,4 Cyl,Automatic,Silver,Black,None reported,Yes,"$52,070",carfax_rebrowser_sample_oneprice,2026-05-01,Pickup,16.0
Chevrolet,Silverado 1500 High Country,2024,"33,837 mi.",Diesel,6 Cyl,Automatic,Black,Black,None reported,Yes,"$53,040",carfax_rebrowser_sample_oneprice,2026-05-01,Pickup,
GMC,Canyon AT4X,2024,"23,906 mi.",Gasoline,4 Cyl,Automatic,Bronze,Black,None reported,Yes,"$48,700",carfax_rebrowser_sample_oneprice,2026-05-01,Pickup,16.0
Chevrolet,Silverado 1500 LT,2024,"28,768 mi.",Gasoline,8 Cyl,Automatic,Gray,Black,None reported,Yes,"$50,560",carfax_rebrowser_sample_oneprice,2026-05-01,Pickup,16.0
Ford,F-150 STX,2024,"6,716 mi.",Flexible-Fuel,8 Cyl,Automatic,Gray,Unknown,None reported,Yes,"$50,520",carfax_rebrowser_sample_oneprice,2026-05-01,Pickup,19.0
Ram,2500 Laramie,2024,"66,745 mi.",Diesel,6 Cyl,Automatic,White,Black,None reported,Yes,"$51,370",carfax_rebrowser_sample_oneprice,2026-05-01,Pickup,
Ford,F-150 XLT,2024,"6,284 mi.",Gasoline,6 Cyl,Automatic,White,Unknown,None reported,Yes,"$51,410",carfax_rebrowser_sample_oneprice,2026-05-01,Pickup,19.0
Chevrolet,Silverado 1500 LTZ,2024,"28,340 mi.",Gasoline,8 Cyl,Automatic,Blue,Black,None reported,Yes,"$49,250",carfax_rebrowser_sample_oneprice,2026-05-01,Pickup,16.0
Jeep,Gladiator Rubicon,2024,"4,352 mi.",Gasoline,6 Cyl,Automatic,Gray,Black,None reported,Yes,"$46,110",carfax_rebrowser_sample_oneprice,2026-05-01,Pickup,19.0
Ford,F-150 Lariat,2024,"19,919 mi.",Gasoline,6 Cyl,Automatic,Black,Black,None reported,Yes,"$55,910",carfax_rebrowser_sample_oneprice,2026-05-01,Pickup,19.0
Toyota,Tundra Limited Edition,2024,"30,185 mi.",Gasoline,6 Cyl,Automatic,Black,Unknown,None reported,Yes,"$53,900",carfax_rebrowser_sample_oneprice,2026-05-01,Pickup,19.0
Toyota,Tacoma TRD Off Road,2024,"5,921 mi.",Gasoline,4 Cyl,Automatic,Black,Black,None reported,Yes,"$44,670",carfax_rebrowser_sample_oneprice,2026-05-01,Pickup,21.0
GMC,Sierra 1500 SLT,2024,"27,404 mi.",Gasoline,8 Cyl,Automatic,Gray,Black,None reported,Yes,"$49,180",carfax_rebrowser_sample_oneprice,2026-05-01,Pickup,16.0
Chevrolet,Silverado 1500 RST,2024,"14,989 mi.",Gasoline,8 Cyl,Automatic,Gray,Black,None reported,Yes,"$49,900",carfax_rebrowser_sample_oneprice,2026-05-01,Pickup,16.0
Chevrolet,Silverado 1500 RST,2024,"30,169 mi.",Diesel,6 Cyl,Automatic,Gray,Black,None reported,Yes,"$45,920",carfax_rebrowser_sample_oneprice,2026-05-01,Pickup,
Ram,2500 Laramie,2024,"23,779 mi.",Diesel,6 Cyl,Automatic,Black,Black,None reported,Yes,"$57,550",carfax_rebrowser_sample_oneprice,2026-05-01,Pickup,
Toyota,Tundra Limited Edition,2024,"41,948 mi.",Gasoline,6 Cyl,Automatic,Gray,Black,None reported,Yes,"$47,890",carfax_rebrowser_sample_oneprice,2026-05-01,Pickup,19.0
GMC,Sierra 1500 Denali,2024,"24,666 mi.",Gasoline,8 Cyl,Automatic,White,Brown,None reported,Yes,"$58,080",carfax_rebrowser_sample_oneprice,2026-05-01,Pickup,16.0
Ford,F-150 XLT,2024,"28,500 mi.",Gasoline,6 Cyl,Automatic,White,Black,None reported,Yes,"$41,990",carfax_rebrowser_sample_oneprice,2026-05-01,Pickup,20.0
Ram,2500 Laramie,2024,"14,920 mi.",Diesel,6 Cyl,Automatic,Silver,Black,None reported,Yes,"$60,160",carfax_rebrowser_sample_oneprice,2026-05-01,Pickup,
GMC,Sierra 1500 Denali,2024,"47,050 mi.",Gasoline,8 Cyl,Automatic,Black,Black,None reported,Yes,"$53,840",carfax_rebrowser_sample_oneprice,2026-05-01,Pickup,16.0
Chevrolet,Silverado 1500 LT,2024,"41,442 mi.",Gasoline,8 Cyl,Automatic,White,Black,None reported,Yes,"$48,810",carfax_rebrowser_sample_oneprice,2026-05-01,Pickup,16.0
Nissan,Titan PRO-4X,2024,"36,762 mi.",Gasoline,8 Cyl,Automatic,White,Black,None reported,Yes,"$44,990",carfax_rebrowser_sample_oneprice,2026-05-01,Pickup,16.0
Ram,3500 Big Horn,2024,"44,752 mi.",Diesel,6 Cyl,Automatic,White,Gray,None reported,Yes,"$51,460",carfax_rebrowser_sample_oneprice,2026-05-01,Pickup,
Chevrolet,Silverado 2500HD Custom,2024,"13,258 mi.",Gasoline,8 Cyl,Automatic,White,Black,None reported,Yes,"$53,830",carfax_rebrowser_sample_oneprice,2026-05-01,Pickup,
Chevrolet,Silverado 1500 High Country,2024,"10,321 mi.",Gasoline,8 Cyl,Automatic,Black,Black,None reported,Yes,"$58,390",carfax_rebrowser_sample_oneprice,2026-05-01,Pickup,
Chevrolet,Silverado 1500 High Country,2024,"4,858 mi.",Gasoline,8 Cyl,Automatic,Gray,Black,None reported,Yes,"$59,480",carfax_rebrowser_sample_oneprice,2026-05-01,Pickup,16.0
Chevrolet,Silverado 2500HD LT,2024,"61,012 mi.",Gasoline,8 Cyl,Automatic,Gray,Black,None reported,Yes,"$49,020",carfax_rebrowser_sample_oneprice,2026-05-01,Pickup,
Chevrolet,Silverado 1500 RST,2024,"41,155 mi.",Gasoline,8 Cyl,Automatic,Black,Black,None reported,Yes,"$46,430",carfax_rebrowser_sample_oneprice,2026-05-01,Pickup,16.0
GMC,Sierra 1500 AT4,2024,"37,211 mi.",Gasoline,8 Cyl,Automatic,Red,Black,None reported,Yes,"$56,530",carfax_rebrowser_sample_oneprice,2026-05-01,Pickup,16.0
Chevrolet,Silverado 1500 LTZ,2024,"22,863 mi.",Gasoline,8 Cyl,Automatic,Gray,Unknown,None reported,Yes,"$50,590",carfax_rebrowser_sample_oneprice,2026-05-01,Pickup,16.0
GMC,Sierra 1500 Denali,2024,"22,309 mi.",Gasoline,8 Cyl,Automatic,Black,Brown,None reported,Yes,"$57,860",carfax_rebrowser_sample_oneprice,2026-05-01,Pickup,16.0
Ford,F-150 Lariat,2024,"18,678 mi.",Flexible-Fuel,8 Cyl,Automatic,Black,Black,None reported,Yes,"$61,860",carfax_rebrowser_sample_oneprice,2026-05-01,Pickup,19.0
Toyota,Tundra SR5,2024,"6,159 mi.",Gasoline,6 Cyl,Automatic,Gray,Unknown,None reported,Yes,"$48,000",carfax_rebrowser_sample_oneprice,2026-05-01,Pickup,19.0
Toyota,Tundra 1794 Edition,2024,"33,608 mi.",Gasoline,6 Cyl,Automatic,Gray,Tan,None reported,Yes,"$55,200",carfax_rebrowser_sample_oneprice,2026-05-01,Pickup,19.0
Ford,F-250,2024,"21,784 mi.",Flexible-Fuel,8 Cyl,Automatic,Unknown,Unknown,None reported,Yes,"$52,620",carfax_rebrowser_sample_oneprice,2026-05-01,Pickup,
Toyota,Tundra Limited Edition,2024,"12,676 mi.",Gasoline,6 Cyl,Automatic,White,Black,None reported,Yes,"$52,220",carfax_rebrowser_sample_oneprice,2026-05-01,Pickup,19.0
Ford,F-350 XL,2024,"77,874 mi.",Diesel,8 Cyl,Automatic,White,Gray,None reported,Yes,"$55,540",carfax_rebrowser_sample_oneprice,2026-05-01,Pickup,
GMC,Sierra 2500HD SLE,2024,"26,441 mi.",Gasoline,8 Cyl,Automatic,Black,Black,None reported,Yes,"$49,290",carfax_rebrowser_sample_oneprice,2026-05-01,Pickup,
Ram,3500 Big Horn,2024,"83,307 mi.",Diesel,6 Cyl,Automatic,Gray,Black,None reported,Yes,"$55,360",carfax_rebrowser_sample_oneprice,2026-05-01,Pickup,
Chevrolet,Silverado 2500HD LT,2024,"56,009 mi.",Gasoline,8 Cyl,Automatic,White,Black,None reported,Yes,"$49,610",carfax_rebrowser_sample_oneprice,2026-05-01,Pickup,
GMC,Sierra 1500 Denali,2024,"34,703 mi.",Gasoline,8 Cyl,Automatic,Silver,Brown,None reported,Yes,"$57,240",carfax_rebrowser_sample_oneprice,2026-05-01,Pickup,16.0
GMC,Canyon Denali,2024,"22,519 mi.",Gasoline,4 Cyl,Automatic,Black,Black,None reported,Yes,"$46,210",carfax_rebrowser_sample_oneprice,2026-05-01,Pickup,18.0
Ford,F-150 XLT,2024,"8,627 mi.",Gasoline,6 Cyl,Automatic,Gray,Black,None reported,Yes,"$53,150",carfax_rebrowser_sample_oneprice,2026-05-01,Pickup,19.0
Chevrolet,Silverado 2500HD LT,2024,"19,906 mi.",Diesel,8 Cyl,Automatic,Gray,Black,None reported,Yes,"$60,100",carfax_rebrowser_sample_oneprice,2026-05-01,Pickup,
Chevrolet,Silverado 1500 LT,2024,"29,663 mi.",Gasoline,8 Cyl,Automatic,Red,Black,None reported,Yes,"$45,210",carfax_rebrowser_sample_oneprice,2026-05-01,Pickup,16.0
Chevrolet,Silverado 1500 LTZ,2024,"17,774 mi.",Gasoline,8 Cyl,Automatic,Gray,Gray,None reported,Yes,"$50,470",carfax_rebrowser_sample_oneprice,2026-05-01,Pickup,16.0
Chevrolet,Silverado 1500 RST,2024,"35,984 mi.",Gasoline,8 Cyl,Automatic,Gray,Black,None reported,Yes,"$46,390",carfax_rebrowser_sample_oneprice,2026-05-01,Pickup,16.0
Ram,2500 Big Horn,2024,"34,146 mi.",Diesel,6 Cyl,Automatic,Black,Gray,None reported,Yes,"$49,480",carfax_rebrowser_sample_oneprice,2026-05-01,Pickup,
Ford,F-250 XLT,2024,517 mi.,Gasoline,8 Cyl,Automatic,Unknown,Unknown,None reported,Yes,"$59,650",carfax_rebrowser_sample_oneprice,2026-05-01,Pickup,
GMC,Sierra 1500 SLT,2024,"34,225 mi.",Diesel,6 Cyl,Automatic,Gray,Unknown,None reported,Yes,"$50,380",carfax_rebrowser_sample_oneprice,2026-05-01,Pickup,24.0
Chevrolet,Silverado 1500 LTZ,2024,"3,825 mi.",Gasoline,8 Cyl,Automatic,White,Black,None reported,Yes,"$53,190",carfax_rebrowser_sample_oneprice,2026-05-01,Pickup,16.0
Chevrolet,Silverado 1500 ZR2,2024,"35,514 mi.",Gasoline,8 Cyl,Automatic,Red,Black,None reported,Yes,"$55,360",carfax_rebrowser_sample_oneprice,2026-05-01,Pickup,15.0
Toyota,Tacoma Limited Edition,2024,"10,628 mi.",Gasoline,4 Cyl,Automatic,Black,Unknown,None reported,Yes,"$46,460",carfax_rebrowser_sample_oneprice,2026-05-01,Pickup,21.0
Ram,2500 Laramie,2024,"39,530 mi.",Diesel,6 Cyl,Automatic,Black,Black,None reported,Yes,"$54,360",carfax_rebrowser_sample_oneprice,2026-05-01,Pickup,
Ram,2500 Laramie,2024,"15,779 mi.",Diesel,6 Cyl,Automatic,White,Black,None reported,Yes,"$59,740",carfax_rebrowser_sample_oneprice,2026-05-01,Pickup,
Toyota,Tundra Platinum,2024,"26,733 mi.",Gasoline,6 Cyl,Automatic,Gray,Black,None reported,Yes,"$55,040",carfax_rebrowser_sample_oneprice,2026-05-01,Pickup,19.0
Chevrolet,Silverado 1500 LT,2024,"56,514 mi.",Gasoline,8 Cyl,Automatic,Red,Black,None reported,Yes,"$45,430",carfax_rebrowser_sample_oneprice,2026-05-01,Pickup,16.0
Ford,F-150 XLT,2024,"40,247 mi.",Hybrid,6 Cyl,Automatic,Gray,Black,None reported,Yes,"$41,380",carfax_rebrowser_sample_oneprice,2026-05-01,Pickup,23.0
Ram,2500 Laramie,2024,"23,296 mi.",Diesel,6 Cyl,Automatic,Silver,Black,None reported,Yes,"$57,460",carfax_rebrowser_sample_oneprice,2026-05-01,Pickup,
Ford,F-150 Lariat,2024,"33,201 mi.",Flexible-Fuel,8 Cyl,Automatic,White,Black,None reported,Yes,"$58,670",carfax_rebrowser_sample_oneprice,2026-05-01,Pickup,19.0
Chevrolet,Silverado 2500HD Custom,2024,"123,967 mi.",Gasoline,8 Cyl,Automatic,White,Black,None reported,Yes,"$38,750",carfax_rebrowser_sample_oneprice,2026-05-01,Pickup,
Ram,2500 Laramie,2024,"35,414 mi.",Diesel,6 Cyl,Automatic,White,Black,None reported,Yes,"$55,070",carfax_rebrowser_sample_oneprice,2026-05-01,Pickup,
Ram,2500 Big Horn,2024,"63,170 mi.",Diesel,6 Cyl,Automatic,White,Gray,None reported,Yes,"$47,680",carfax_rebrowser_sample_oneprice,2026-05-01,Pickup,
GMC,Sierra 1500 Denali,2024,"15,944 mi.",Diesel,6 Cyl,Automatic,Blue,Brown,None reported,Yes,"$58,290",carfax_rebrowser_sample_oneprice,2026-05-01,Pickup,24.0
Chevrolet,Silverado 1500 High Country,2024,"10,547 mi.",Gasoline,8 Cyl,Automatic,Red,Black,None reported,Yes,"$58,940",carfax_rebrowser_sample_oneprice,2026-05-01,Pickup,
Chevrolet,Silverado 2500HD Custom,2024,"62,849 mi.",Diesel,8 Cyl,Automatic,White,Black,None reported,Yes,"$50,440",carfax_rebrowser_sample_oneprice,2026-05-01,Pickup,
Ram,2500 Big Horn,2024,"40,708 mi.",Diesel,6 Cyl,Automatic,White,Gray,None reported,Yes,"$50,250",carfax_rebrowser_sample_oneprice,2026-05-01,Pickup,
Ram,2500 Big Horn,2024,"32,715 mi.",Diesel,6 Cyl,Automatic,White,Black,None reported,Yes,"$52,700",carfax_rebrowser_sample_oneprice,2026-05-01,Pickup,
Ram,2500 Big Horn,2024,"43,144 mi.",Diesel,6 Cyl,Automatic,White,Gray,None reported,Yes,"$47,930",carfax_rebrowser_sample_oneprice,2026-05-01,Pickup,
Ram,2500 Laramie,2024,"31,835 mi.",Diesel,6 Cyl,Automatic,Gray,Black,None reported,Yes,"$56,960",carfax_rebrowser_sample_oneprice,2026-05-01,Pickup,
GMC,Sierra 1500 AT4,2024,"52,657 mi.",Diesel,6 Cyl,Automatic,Gray,Black,None reported,Yes,"$53,740",carfax_rebrowser_sample_oneprice,2026-05-01,Pickup,24.0
Chevrolet,Silverado 2500HD Custom,2024,"27,373 mi.",Gasoline,8 Cyl,Automatic,Red,Black,None reported,Yes,"$47,800",carfax_rebrowser_sample_oneprice,2026-05-01,Pickup,
Ford,Ranger Raptor,2024,"18,416 mi.",Gasoline,6 Cyl,Automatic,Gray,Black,None reported,Yes,"$56,600",carfax_rebrowser_sample_oneprice,2026-05-01,Pickup,17.0
Ram,2500 Big Horn,2024,"27,582 mi.",Gasoline,8 Cyl,Automatic,Gray,Gray,None reported,Yes,"$49,130",carfax_rebrowser_sample_oneprice,2026-05-01,Pickup,
Ram,2500 Laramie,2024,"22,412 mi.",Diesel,6 Cyl,Automatic,White,Black,None reported,Yes,"$58,270",carfax_rebrowser_sample_oneprice,2026-05-01,Pickup,
Chevrolet,Silverado 3500HD LTZ,2024,"36,974 mi.",Diesel,8 Cyl,Automatic,White,Black,None reported,Yes,"$64,120",carfax_rebrowser_sample_oneprice,2026-05-01,Pickup,
GMC,Sierra 1500 AT4,2024,"34,259 mi.",Gasoline,8 Cyl,Automatic,White,Black,None reported,Yes,"$56,600",carfax_rebrowser_sample_oneprice,2026-05-01,Pickup,16.0
Chevrolet,Silverado 1500 RST,2024,"20,258 mi.",Gasoline,8 Cyl,Automatic,White,Gray,None reported,Yes,"$48,520",carfax_rebrowser_sample_oneprice,2026-05-01,Pickup,16.0
Ram,2500 Laramie,2024,"47,360 mi.",Diesel,6 Cyl,Automatic,Silver,Black,None reported,Yes,"$53,190",carfax_rebrowser_sample_oneprice,2026-05-01,Pickup,
Ford,F-150 STX,2024,"11,545 mi.",Flexible-Fuel,8 Cyl,Automatic,Gray,Black,None reported,Yes,"$50,780",carfax_rebrowser_sample_oneprice,2026-05-01,Pickup,19.0
Chevrolet,Silverado 1500 LTZ,2024,"19,480 mi.",Gasoline,8 Cyl,Automatic,White,Gray,None reported,Yes,"$49,930",carfax_rebrowser_sample_oneprice,2026-05-01,Pickup,16.0
GMC,Sierra 1500 Denali,2024,"32,840 mi.",Diesel,6 Cyl,Automatic,Silver,Black,None reported,Yes,"$57,220",carfax_rebrowser_sample_oneprice,2026-05-01,Pickup,24.0
Chevrolet,Silverado 1500 RST,2024,"21,669 mi.",Gasoline,8 Cyl,Automatic,Red,Black,None reported,Yes,"$46,550",carfax_rebrowser_sample_oneprice,2026-05-01,Pickup,16.0
Chevrolet,Silverado 1500 LT,2024,"38,805 mi.",Gasoline,4 Cyl,Automatic,Gray,Unknown,None reported,Yes,"$44,860",carfax_rebrowser_sample_oneprice,2026-05-01,Pickup,
GMC,Sierra 1500 Elevation,2024,"22,697 mi.",Gasoline,8 Cyl,Automatic,Black,Black,None reported,Yes,"$50,270",carfax_rebrowser_sample_oneprice,2026-05-01,Pickup,16.0
GMC,Sierra 1500 AT4,2024,"25,048 mi.",Gasoline,8 Cyl,Automatic,White,Black,None reported,Yes,"$57,600",carfax_rebrowser_sample_oneprice,2026-05-01,Pickup,16.0
Chevrolet,Silverado 1500 ZR2,2024,"20,690 mi.",Diesel,6 Cyl,Automatic,Black,Unknown,None reported,Yes,"$54,370",carfax_rebrowser_sample_oneprice,2026-05-01,Pickup,21.0
Chevrolet,Silverado 1500 LT,2024,"45,454 mi.",Diesel,6 Cyl,Automatic,Gray,Black,None reported,Yes,"$49,700",carfax_rebrowser_sample_oneprice,2026-05-01,Pickup,
Toyota,Tundra 1794 Edition,2024,"17,260 mi.",Hybrid,6 Cyl,Automatic,Blue,Tan,None reported,Yes,"$58,720",carfax_rebrowser_sample_oneprice,2026-05-01,Pickup,19.0
Ram,1500 Laramie,2024,"27,351 mi.",Gasoline,8 Cyl,Automatic,Blue,Black,None reported,Yes,"$44,550",carfax_rebrowser_sample_oneprice,2026-05-01,Pickup,19.0
Ford,F-150 Tremor,2024,"24,079 mi.",Gasoline,8 Cyl,Automatic,Black,Black,None reported,Yes,"$61,710",carfax_rebrowser_sample_oneprice,2026-05-01,Pickup,17.0
Ford,F-150 Lariat,2024,"11,498 mi.",Hybrid,6 Cyl,Automatic,Silver,Black,None reported,Yes,"$57,520",carfax_rebrowser_sample_oneprice,2026-05-01,Pickup,23.0
Ram,1500 Rebel,2024,"27,207 mi.",Gasoline,8 Cyl,Automatic,Red,Black,None reported,Yes,"$51,020",carfax_rebrowser_sample_oneprice,2026-05-01,Pickup,19.0
Toyota,Tundra Limited Edition,2024,"24,234 mi.",Hybrid,6 Cyl,Automatic,Brown,Black,None reported,Yes,"$52,850",carfax_rebrowser_sample_oneprice,2026-05-01,Pickup,19.0
Toyota,Tacoma Limited Edition,2024,"19,696 mi.",Hybrid,4 Cyl,Automatic,White,Black,None reported,Yes,"$48,500",carfax_rebrowser_sample_oneprice,2026-05-01,Pickup,23.0
Ram,2500 Laramie,2024,"8,661 mi.",Diesel,6 Cyl,Automatic,White,Black,None reported,Yes,"$61,780",carfax_rebrowser_sample_oneprice,2026-05-01,Pickup,
Chevrolet,Silverado 2500HD Custom,2024,"30,273 mi.",Gasoline,8 Cyl,Automatic,White,Black,None reported,Yes,"$51,800",carfax_rebrowser_sample_oneprice,2026-05-01,Pickup,
Ram,3500 Big Horn,2024,"49,709 mi.",Diesel,6 Cyl,Automatic,Silver,Gray,None reported,Yes,"$51,980",carfax_rebrowser_sample_oneprice,2026-05-01,Pickup,
Chevrolet,Silverado 1500 LT,2024,"39,605 mi.",Gasoline,8 Cyl,Automatic,White,Black,None reported,Yes,"$48,250",carfax_rebrowser_sample_oneprice,2026-05-01,Pickup,16.0
Chevrolet,Silverado 1500 LT,2024,"58,856 mi.",Gasoline,8 Cyl,Automatic,White,Black,None reported,Yes,"$46,580",carfax_rebrowser_sample_oneprice,2026-05-01,Pickup,16.0
Chevrolet,Silverado 1500 High Country,2024,"27,925 mi.",Gasoline,8 Cyl,Automatic,Gray,Black,None reported,Yes,"$55,170",carfax_rebrowser_sample_oneprice,2026-05-01,Pickup,16.0
Chevrolet,Silverado 1500 High Country,2024,"40,300 mi.",Gasoline,8 Cyl,Automatic,Black,Black,None reported,Yes,"$51,210",carfax_rebrowser_sample_oneprice,2026-05-01,Pickup,
Ram,2500 Laramie,2024,"55,654 mi.",Diesel,6 Cyl,Automatic,White,Black,None reported,Yes,"$52,440",carfax_rebrowser_sample_oneprice,2026-05-01,Pickup,
Chevrolet,Silverado 1500 LT,2024,"27,224 mi.",Gasoline,8 Cyl,Automatic,Gray,Black,None reported,Yes,"$49,440",carfax_rebrowser_sample_oneprice,2026-05-01,Pickup,16.0
Chevrolet,Silverado 1500 High Country,2024,"34,936 mi.",Gasoline,8 Cyl,Automatic,Black,Black,None reported,Yes,"$53,090",carfax_rebrowser_sample_oneprice,2026-05-01,Pickup,16.0
Ram,2500 Laramie,2024,"25,717 mi.",Diesel,6 Cyl,Automatic,White,Black,None reported,Yes,"$57,840",carfax_rebrowser_sample_oneprice,2026-05-01,Pickup,
Ram,2500 Laramie,2024,"15,612 mi.",Diesel,6 Cyl,Automatic,White,Black,None reported,Yes,"$60,390",carfax_rebrowser_sample_oneprice,2026-05-01,Pickup,
Toyota,Tundra SR5,2024,"9,705 mi.",Gasoline,6 Cyl,Automatic,Black,Unknown,None reported,Yes,"$47,660",carfax_rebrowser_sample_oneprice,2026-05-01,Pickup,19.0
GMC,Sierra 1500 SLT,2024,"42,473 mi.",Gasoline,8 Cyl,Automatic,White,Black,None reported,Yes,"$47,140",carfax_rebrowser_sample_oneprice,2026-05-01,Pickup,16.0
Toyota,Tundra Limited Edition,2024,"4,457 mi.",Hybrid,6 Cyl,Automatic,Blue,Black,None reported,Yes,"$55,590",carfax_rebrowser_sample_oneprice,2026-05-01,Pickup,19.0
Ford,F-150 XLT,2024,"4,115 mi.",Flexible-Fuel,8 Cyl,Automatic,Black,Black,None reported,Yes,"$54,660",carfax_rebrowser_sample_oneprice,2026-05-01,Pickup,19.0
Ram,3500 Tradesman,2024,608 mi.,Diesel,6 Cyl,Automatic,White,Gray,None reported,Yes,"$57,440",carfax_rebrowser_sample_oneprice,2026-05-01,Pickup,
Ford,F-150 Lariat,2024,"24,747 mi.",Gasoline,6 Cyl,Automatic,Gray,Black,None reported,Yes,"$55,000",carfax_rebrowser_sample_oneprice,2026-05-01,Pickup,19.0
Chevrolet,Silverado 1500 High Country,2024,"72,150 mi.",Gasoline,8 Cyl,Automatic,White,Black,None reported,Yes,"$47,610",carfax_rebrowser_sample_oneprice,2026-05-01,Pickup,
Ford,F-150 XLT,2024,"22,452 mi.",Flexible-Fuel,8 Cyl,Automatic,Gray,Black,None reported,Yes,"$57,070",carfax_rebrowser_sample_oneprice,2026-05-01,Pickup,19.0
Chevrolet,Silverado 1500 RST,2024,"23,695 mi.",Gasoline,8 Cyl,Automatic,Black,Black,None reported,Yes,"$48,960",carfax_rebrowser_sample_oneprice,2026-05-01,Pickup,16.0
GMC,Sierra 2500HD SLE,2024,"20,199 mi.",Gasoline,8 Cyl,Automatic,Gray,Tan,None reported,Yes,"$57,390",carfax_rebrowser_sample_oneprice,2026-05-01,Pickup,
Ford,F-150 XLT,2024,"21,967 mi.",Flexible-Fuel,8 Cyl,Automatic,Gray,Black,None reported,Yes,"$55,760",carfax_rebrowser_sample_oneprice,2026-05-01,Pickup,19.0
Ram,2500 Laramie,2024,"41,804 mi.",Diesel,6 Cyl,Automatic,White,Black,None reported,Yes,"$62,440",carfax_rebrowser_sample_oneprice,2026-05-01,Pickup,
Ford,F-350 XL,2024,"123,000 mi.",Diesel,8 Cyl,Automatic,White,Gray,None reported,Yes,"$47,730",carfax_rebrowser_sample_oneprice,2026-05-01,Pickup,
Ram,2500 Big Horn,2024,409 mi.,Diesel,6 Cyl,Automatic,Black,Black,None reported,Yes,"$58,760",carfax_rebrowser_sample_oneprice,2026-05-01,Pickup,
Ram,3500 Big Horn,2024,"50,237 mi.",Diesel,6 Cyl,Automatic,White,Gray,None reported,Yes,"$51,110",carfax_rebrowser_sample_oneprice,2026-05-01,Pickup,
Ford,F-150 XLT,2024,"4,380 mi.",Flexible-Fuel,8 Cyl,Automatic,Black,Black,None reported,Yes,"$57,530",carfax_rebrowser_sample_oneprice,2026-05-01,Pickup,19.0
Chevrolet,Silverado 1500 High Country,2024,"41,474 mi.",Diesel,6 Cyl,Automatic,Black,Black,None reported,Yes,"$52,310",carfax_rebrowser_sample_oneprice,2026-05-01,Pickup,
GMC,Sierra 1500 AT4,2024,"23,071 mi.",Diesel,6 Cyl,Automatic,Black,Black,None reported,Yes,"$58,190",carfax_rebrowser_sample_oneprice,2026-05-01,Pickup,24.0
GMC,Sierra 1500 SLT,2024,"9,063 mi.",Gasoline,8 Cyl,Automatic,Silver,Black,None reported,Yes,"$51,490",carfax_rebrowser_sample_oneprice,2026-05-01,Pickup,16.0
Ford,F-250 XLT,2024,"54,281 mi.",Gasoline,8 Cyl,Automatic,Silver,Gray,None reported,Yes,"$48,060",carfax_rebrowser_sample_oneprice,2026-05-01,Pickup,
Toyota,Tundra Limited Edition,2024,"20,920 mi.",Gasoline,6 Cyl,Automatic,Black,Black,None reported,Yes,"$51,800",carfax_rebrowser_sample_oneprice,2026-05-01,Pickup,19.0
Chevrolet,Silverado 2500HD LTZ,2024,"79,166 mi.",Diesel,8 Cyl,Automatic,Red,Gray,None reported,Yes,"$59,550",carfax_rebrowser_sample_oneprice,2026-05-01,Pickup,
Ford,F-150 XLT,2024,"19,858 mi.",Flexible-Fuel,8 Cyl,Automatic,Gray,Black,None reported,Yes,"$54,270",carfax_rebrowser_sample_oneprice,2026-05-01,Pickup,19.0
Ram,2500 Big Horn,2024,"14,312 mi.",Diesel,6 Cyl,Automatic,White,Gray,None reported,Yes,"$56,120",carfax_rebrowser_sample_oneprice,2026-05-01,Pickup,
Ram,2500 Big Horn,2024,"33,747 mi.",Diesel,6 Cyl,Automatic,Gray,Black,None reported,Yes,"$54,010",carfax_rebrowser_sample_oneprice,2026-05-01,Pickup,
Ram,3500 Tradesman,2024,"25,216 mi.",Diesel,6 Cyl,Automatic,White,Gray,None reported,Yes,"$56,990",carfax_rebrowser_sample_oneprice,2026-05-01,Pickup,
Ford,F-150 STX,2024,"35,253 mi.",Flexible-Fuel,8 Cyl,Automatic,Gray,Black,None reported,Yes,"$48,430",carfax_rebrowser_sample_oneprice,2026-05-01,Pickup,19.0
Chevrolet,Silverado 2500HD LT,2024,"47,544 mi.",Diesel,8 Cyl,Automatic,White,Black,None reported,Yes,"$58,190",carfax_rebrowser_sample_oneprice,2026-05-01,Pickup,
Nissan,Titan XD SV,2024,"22,628 mi.",Gasoline,8 Cyl,Automatic,Red,Black,None reported,Yes,"$43,130",carfax_rebrowser_sample_oneprice,2026-05-01,Pickup,
GMC,Sierra 2500HD Pro,2024,"11,145 mi.",Gasoline,8 Cyl,Automatic,White,Black,None reported,Yes,"$48,090",carfax_rebrowser_sample_oneprice,2026-05-01,Pickup,
GMC,Sierra 1500 AT4,2024,"34,732 mi.",Gasoline,8 Cyl,Automatic,Silver,Black,None reported,Yes,"$51,930",carfax_rebrowser_sample_oneprice,2026-05-01,Pickup,16.0
Chevrolet,Silverado 1500 RST,2024,"26,250 mi.",Diesel,6 Cyl,Automatic,Gray,Black,None reported,Yes,"$47,040",carfax_rebrowser_sample_oneprice,2026-05-01,Pickup,
GMC,Sierra 1500 Denali,2024,"30,054 mi.",Diesel,6 Cyl,Automatic,White,Brown,None reported,Yes,"$56,670",carfax_rebrowser_sample_oneprice,2026-05-01,Pickup,24.0
Ford,F-250 XL,2024,"17,900 mi.",Flexible-Fuel,8 Cyl,Automatic,White,Gray,None reported,Yes,"$52,400",carfax_rebrowser_sample_oneprice,2026-05-01,Pickup,
Ford,F-150 Lariat,2024,"31,833 mi.",Flexible-Fuel,8 Cyl,Automatic,Silver,Black,None reported,Yes,"$60,720",carfax_rebrowser_sample_oneprice,2026-05-01,Pickup,19.0
Chevrolet,Silverado 1500 LT,2024,"23,124 mi.",Gasoline,8 Cyl,Automatic,Gray,Black,None reported,Yes,"$51,560",carfax_rebrowser_sample_oneprice,2026-05-01,Pickup,16.0
Ford,F-250 XL,2024,"1,402 mi.",Flexible-Fuel,8 Cyl,Automatic,Black,Gray,None reported,Yes,"$52,680",carfax_rebrowser_sample_oneprice,2026-05-01,Pickup,
Chevrolet,Silverado 2500HD LT,2024,"43,361 mi.",Gasoline,8 Cyl,Automatic,White,Black,None reported,Yes,"$52,690",carfax_rebrowser_sample_oneprice,2026-05-01,Pickup,
Chevrolet,Colorado LT,2024,"43,040 mi.",Gasoline,4 Cyl,Automatic,Gray,Black,None reported,Yes,"$30,420",carfax_rebrowser_sample_oneprice,2026-05-01,Pickup,
Ram,2500 Big Horn,2024,"5,822 mi.",Gasoline,8 Cyl,Automatic,White,Unknown,None reported,Yes,"$52,760",carfax_rebrowser_sample_oneprice,2026-05-01,Pickup,
Hyundai,Santa Cruz XRT,2024,"20,289 mi.",Gasoline,4 Cyl,Automatic,White,Black,None reported,Yes,"$31,730",carfax_rebrowser_sample_oneprice,2026-05-01,Pickup,22.0
Ford,F-350 XL,2024,"45,580 mi.",Flexible-Fuel,8 Cyl,Automatic,Blue,Gray,None reported,Yes,"$48,670",carfax_rebrowser_sample_oneprice,2026-05-01,Pickup,
Chevrolet,Silverado 2500HD LT,2024,"65,532 mi.",Diesel,8 Cyl,Automatic,Gray,Black,None reported,Yes,"$53,280",carfax_rebrowser_sample_oneprice,2026-05-01,Pickup,
Ford,F-150 XLT,2024,"7,016 mi.",Hybrid,6 Cyl,Automatic,White,Black,None reported,Yes,"$45,990",carfax_rebrowser_sample_oneprice,2026-05-01,Pickup,23.0
Chevrolet,Silverado 1500 RST,2024,"16,300 mi.",Gasoline,8 Cyl,Automatic,Blue,Black,None reported,Yes,"$47,330",carfax_rebrowser_sample_oneprice,2026-05-01,Pickup,16.0
Chevrolet,Silverado 2500HD LT,2024,"57,170 mi.",Diesel,8 Cyl,Automatic,White,Black,None reported,Yes,"$51,890",carfax_rebrowser_sample_oneprice,2026-05-01,Pickup,
GMC,Sierra 2500HD Pro,2024,"18,080 mi.",Gasoline,8 Cyl,Automatic,Black,Unknown,None reported,Yes,"$44,590",carfax_rebrowser_sample_oneprice,2026-05-01,Pickup,
Toyota,Tundra TRD Pro,2024,"46,792 mi.",Hybrid,6 Cyl,Automatic,Gray,Red,None reported,Yes,"$60,110",carfax_rebrowser_sample_oneprice,2026-05-01,Pickup,19.0
Toyota,Tundra Limited Edition,2024,"17,455 mi.",Gasoline,6 Cyl,Automatic,Gray,Black,None reported,Yes,"$50,180",carfax_rebrowser_sample_oneprice,2026-05-01,Pickup,19.0
Chevrolet,Silverado 1500 LT,2024,"36,809 mi.",Gasoline,8 Cyl,Automatic,Black,Black,None reported,Yes,"$49,660",carfax_rebrowser_sample_oneprice,2026-05-01,Pickup,16.0
Toyota,Tundra SR5,2024,"19,838 mi.",Gasoline,6 Cyl,Automatic,Black,Black,None reported,Yes,"$45,630",carfax_rebrowser_sample_oneprice,2026-05-01,Pickup,19.0
GMC,Sierra 1500 Elevation,2024,"19,645 mi.",Diesel,6 Cyl,Automatic,White,Black,None reported,Yes,"$47,800",carfax_rebrowser_sample_oneprice,2026-05-01,Pickup,24.0
Chevrolet,Silverado 1500 RST,2024,"4,475 mi.",Diesel,6 Cyl,Automatic,White,Black,None reported,Yes,"$52,990",carfax_rebrowser_sample_oneprice,2026-05-01,Pickup,
GMC,Sierra 1500 Denali,2024,"33,027 mi.",Diesel,6 Cyl,Automatic,Black,Brown,None reported,Yes,"$54,930",carfax_rebrowser_sample_oneprice,2026-05-01,Pickup,24.0
GMC,Sierra 2500HD SLE,2024,"51,840 mi.",Diesel,8 Cyl,Automatic,Red,Black,None reported,Yes,"$49,300",carfax_rebrowser_sample_oneprice,2026-05-01,Pickup,
Toyota,Tundra SR5,2024,"28,550 mi.",Gasoline,6 Cyl,Automatic,Unknown,Unknown,None reported,Yes,"$45,010",carfax_rebrowser_sample_oneprice,2026-05-01,Pickup,19.0
Nissan,Titan XD PRO-4X,2024,"5,356 mi.",Gasoline,8 Cyl,Automatic,White,Black,None reported,Yes,"$45,880",carfax_rebrowser_sample_oneprice,2026-05-01,Pickup,
Ford,F-150 Lariat,2024,"12,228 mi.",Hybrid,6 Cyl,Automatic,Black,Black,None reported,Yes,"$54,930",carfax_rebrowser_sample_oneprice,2026-05-01,Pickup,23.0
Chevrolet,Silverado 1500 High Country,2024,"30,560 mi.",Diesel,6 Cyl,Automatic,White,Black,None reported,Yes,"$51,290",carfax_rebrowser_sample_oneprice,2026-05-01,Pickup,
Ford,F-150 Lariat,2024,"36,855 mi.",Hybrid,6 Cyl,Automatic,Gray,Black,None reported,Yes,"$51,550",carfax_rebrowser_sample_oneprice,2026-05-01,Pickup,23.0
Chevrolet,Silverado 2500HD LT,2024,"76,022 mi.",Gasoline,8 Cyl,Automatic,White,Black,None reported,Yes,"$44,850",carfax_rebrowser_sample_oneprice,2026-05-01,Pickup,
GMC,Sierra 1500 AT4,2024,"28,312 mi.",Diesel,6 Cyl,Automatic,Black,Black,None reported,Yes,"$54,940",carfax_rebrowser_sample_oneprice,2026-05-01,Pickup,24.0
Ram,2500 Big Horn,2024,"28,640 mi.",Gasoline,8 Cyl,Automatic,Gray,Gray,None reported,Yes,"$43,030",carfax_rebrowser_sample_oneprice,2026-05-01,Pickup,
GMC,Sierra 2500HD SLE,2024,"59,226 mi.",Gasoline,8 Cyl,Automatic,White,Black,None reported,Yes,"$48,930",carfax_rebrowser_sample_oneprice,2026-05-01,Pickup,
Ford,F-150 XLT,2024,"20,506 mi.",Gasoline,6 Cyl,Automatic,White,Black,None reported,Yes,"$41,430",carfax_rebrowser_sample_oneprice,2026-05-01,Pickup,20.0
GMC,Sierra 1500 Elevation,2024,"25,722 mi.",Diesel,6 Cyl,Automatic,White,Black,None reported,Yes,"$47,330",carfax_rebrowser_sample_oneprice,2026-05-01,Pickup,24.0
Chevrolet,Silverado 1500 RST,2024,"44,946 mi.",Gasoline,8 Cyl,Automatic,Red,Black,None reported,Yes,"$47,200",carfax_rebrowser_sample_oneprice,2026-05-01,Pickup,
GMC,Sierra 1500 Elevation,2024,"14,862 mi.",Gasoline,4 Cyl,Automatic,Gray,Black,None reported,Yes,"$45,190",carfax_rebrowser_sample_oneprice,2026-05-01,Pickup,18.0
GMC,Sierra 1500 Elevation,2024,608 mi.,Gasoline,4 Cyl,Automatic,Red,Black,None reported,Yes,"$45,180",carfax_rebrowser_sample_oneprice,2026-05-01,Pickup,18.0
Chevrolet,Silverado 2500HD Custom,2024,"37,373 mi.",Gasoline,8 Cyl,Automatic,Gray,Black,None reported,Yes,"$48,720",carfax_rebrowser_sample_oneprice,2026-05-01,Pickup,
Ram,2500 Big Horn,2024,"17,303 mi.",Gasoline,8 Cyl,Automatic,Red,Black,None reported,Yes,"$45,720",carfax_rebrowser_sample_oneprice,2026-05-01,Pickup,
Chevrolet,Silverado 2500HD Custom,2024,"37,319 mi.",Gasoline,8 Cyl,Automatic,Black,Black,None reported,Yes,"$49,510",carfax_rebrowser_sample_oneprice,2026-05-01,Pickup,
Ford,F-150 XLT,2024,"10,149 mi.",Hybrid,6 Cyl,Automatic,White,Black,None reported,Yes,"$43,360",carfax_rebrowser_sample_oneprice,2026-05-01,Pickup,23.0
Ram,2500 Big Horn,2024,"21,284 mi.",Gasoline,8 Cyl,Automatic,Red,Black,None reported,Yes,"$44,810",carfax_rebrowser_sample_oneprice,2026-05-01,Pickup,
Ram,2500 Big Horn,2024,"23,911 mi.",Gasoline,8 Cyl,Automatic,Silver,Black,None reported,Yes,"$45,100",carfax_rebrowser_sample_oneprice,2026-05-01,Pickup,
Ram,2500 Big Horn,2024,"18,512 mi.",Gasoline,8 Cyl,Automatic,Silver,Black,None reported,Yes,"$47,170",carfax_rebrowser_sample_oneprice,2026-05-01,Pickup,
GMC,Sierra 1500 Denali,2024,"38,687 mi.",Diesel,6 Cyl,Automatic,White,Brown,None reported,Yes,"$54,860",carfax_rebrowser_sample_oneprice,2026-05-01,Pickup,24.0
Ford,F-150 Lariat,2024,"35,421 mi.",Flexible-Fuel,8 Cyl,Automatic,Black,Black,None reported,Yes,"$58,960",carfax_rebrowser_sample_oneprice,2026-05-01,Pickup,19.0
GMC,Sierra 1500 Denali,2024,"32,322 mi.",Gasoline,8 Cyl,Automatic,White,Black,None reported,Yes,"$57,890",carfax_rebrowser_sample_oneprice,2026-05-01,Pickup,16.0
GMC,Sierra 1500 SLT,2024,"33,631 mi.",Gasoline,8 Cyl,Automatic,Unknown,Unknown,None reported,Yes,"$44,830",carfax_rebrowser_sample_oneprice,2026-05-01,Pickup,16.0
Ford,F-150 XLT,2024,"21,762 mi.",Gasoline,6 Cyl,Automatic,Black,Black,None reported,Yes,"$46,800",carfax_rebrowser_sample_oneprice,2026-05-01,Pickup,19.0
Ford,F-150 Lariat,2024,"20,803 mi.",Flexible-Fuel,8 Cyl,Automatic,Black,Black,None reported,Yes,"$59,020",carfax_rebrowser_sample_oneprice,2026-05-01,Pickup,19.0
Ram,1500 Limited,2024,"39,955 mi.",Gasoline,8 Cyl,Automatic,White,Black,None reported,Yes,"$52,270",carfax_rebrowser_sample_oneprice,2026-05-01,Pickup,19.0
GMC,Sierra 1500 Elevation,2024,"36,716 mi.",Gasoline,8 Cyl,Automatic,Silver,Black,None reported,Yes,"$45,750",carfax_rebrowser_sample_oneprice,2026-05-01,Pickup,16.0
Nissan,Titan PRO-4X,2024,"29,938 mi.",Gasoline,8 Cyl,Automatic,Black,Black,None reported,Yes,"$47,140",carfax_rebrowser_sample_oneprice,2026-05-01,Pickup,16.0
Toyota,Tacoma TRD Off Road,2024,"16,436 mi.",Gasoline,4 Cyl,Automatic,Brown,Black,None reported,Yes,"$40,520",carfax_rebrowser_sample_oneprice,2026-05-01,Pickup,21.0
Toyota,Tundra Limited Edition,2024,"9,137 mi.",Gasoline,6 Cyl,Automatic,White,Unknown,None reported,Yes,"$52,890",carfax_rebrowser_sample_oneprice,2026-05-01,Pickup,19.0
Chevrolet,Silverado 2500HD Custom,2024,"38,944 mi.",Gasoline,8 Cyl,Automatic,White,Black,None reported,Yes,"$47,010",carfax_rebrowser_sample_oneprice,2026-05-01,Pickup,
Ford,F-250 XL,2024,"24,311 mi.",Flexible-Fuel,8 Cyl,Automatic,Unknown,Unknown,None reported,Yes,"$49,290",carfax_rebrowser_sample_oneprice,2026-05-01,Pickup,
Toyota,Tundra Limited Edition,2024,"7,305 mi.",Gasoline,6 Cyl,Automatic,Black,Unknown,None reported,Yes,"$52,110",carfax_rebrowser_sample_oneprice,2026-05-01,Pickup,19.0
GMC,Sierra 1500 Denali,2024,"41,655 mi.",Gasoline,8 Cyl,Automatic,Silver,Black,None reported,Yes,"$53,560",carfax_rebrowser_sample_oneprice,2026-05-01,Pickup,16.0
Toyota,Tundra Limited Edition,2024,"45,600 mi.",Hybrid,6 Cyl,Automatic,Black,Black,None reported,Yes,"$50,090",carfax_rebrowser_sample_oneprice,2026-05-01,Pickup,19.0
Ram,2500 Big Horn,2024,"19,447 mi.",Gasoline,8 Cyl,Automatic,White,Black,None reported,Yes,"$46,500",carfax_rebrowser_sample_oneprice,2026-05-01,Pickup,
Ram,1500 Laramie,2024,"37,834 mi.",Gasoline,8 Cyl,Automatic,White,Black,None reported,Yes,"$42,620",carfax_rebrowser_sample_oneprice,2026-05-01,Pickup,19.0
Ford,F-150 Lariat,2024,"21,544 mi.",Gasoline,6 Cyl,Automatic,White,Black,None reported,Yes,"$55,940",carfax_rebrowser_sample_oneprice,2026-05-01,Pickup,19.0
Chevrolet,Silverado 1500 RST,2024,"38,813 mi.",Gasoline,8 Cyl,Automatic,Gray,Black,None reported,Yes,"$45,730",carfax_rebrowser_sample_oneprice,2026-05-01,Pickup,16.0
Chevrolet,Silverado 1500 RST,2024,"21,679 mi.",Gasoline,8 Cyl,Automatic,Black,Unknown,None reported,Yes,"$51,160",carfax_rebrowser_sample_oneprice,2026-05-01,Pickup,
Chevrolet,Silverado 1500 RST,2024,"37,047 mi.",Gasoline,8 Cyl,Automatic,White,Black,None reported,Yes,"$52,730",carfax_rebrowser_sample_oneprice,2026-05-01,Pickup,16.0
GMC,Canyon Denali,2024,"31,070 mi.",Gasoline,4 Cyl,Automatic,Black,Black,None reported,Yes,"$44,140",carfax_rebrowser_sample_oneprice,2026-05-01,Pickup,18.0
Ram,2500 Big Horn,2024,"22,194 mi.",Gasoline,8 Cyl,Automatic,Blue,Black,None reported,Yes,"$44,460",carfax_rebrowser_sample_oneprice,2026-05-01,Pickup,
Ram,3500 Big Horn,2024,"38,438 mi.",Gasoline,8 Cyl,Automatic,Gray,Gray,None reported,Yes,"$48,030",carfax_rebrowser_sample_oneprice,2026-05-01,Pickup,
Chevrolet,Silverado 1500 LTZ,2024,"46,500 mi.",Gasoline,8 Cyl,Automatic,Red,Black,None reported,Yes,"$47,820",carfax_rebrowser_sample_oneprice,2026-05-01,Pickup,16.0
Ram,2500 Big Horn,2024,"27,988 mi.",Gasoline,8 Cyl,Automatic,White,Black,None reported,Yes,"$44,550",carfax_rebrowser_sample_oneprice,2026-05-01,Pickup,
GMC,Sierra 1500 SLT,2024,"48,530 mi.",Diesel,6 Cyl,Automatic,Gray,Black,None reported,Yes,"$46,620",carfax_rebrowser_sample_oneprice,2026-05-01,Pickup,24.0
Chevrolet,Silverado 2500HD Custom,2024,"24,051 mi.",Gasoline,8 Cyl,Automatic,White,Black,None reported,Yes,"$52,810",carfax_rebrowser_sample_oneprice,2026-05-01,Pickup,
Toyota,Tundra 1794 Edition,2024,"25,781 mi.",Hybrid,6 Cyl,Automatic,Gray,Tan,None reported,Yes,"$58,100",carfax_rebrowser_sample_oneprice,2026-05-01,Pickup,19.0
GMC,Sierra 1500 AT4,2024,"37,864 mi.",Gasoline,8 Cyl,Automatic,White,Black,None reported,Yes,"$52,200",carfax_rebrowser_sample_oneprice,2026-05-01,Pickup,16.0
Toyota,Tundra Limited Edition,2024,"14,377 mi.",Gasoline,6 Cyl,Automatic,Black,Black,None reported,Yes,"$52,570",carfax_rebrowser_sample_oneprice,2026-05-01,Pickup,19.0
Toyota,Tundra Limited Edition,2024,"30,701 mi.",Gasoline,6 Cyl,Automatic,Red,Black,None reported,Yes,"$50,090",carfax_rebrowser_sample_oneprice,2026-05-01,Pickup,19.0
Ram,2500 Big Horn,2024,"18,150 mi.",Gasoline,8 Cyl,Automatic,Red,Black,None reported,Yes,"$45,230",carfax_rebrowser_sample_oneprice,2026-05-01,Pickup,
Ram,1500 Laramie,2024,"11,459 mi.",Gasoline,8 Cyl,Automatic,White,Black,None reported,Yes,"$53,780",carfax_rebrowser_sample_oneprice,2026-05-01,Pickup,19.0
GMC,Sierra 1500 Elevation,2024,"28,845 mi.",Diesel,6 Cyl,Automatic,Gray,Black,None reported,Yes,"$46,690",carfax_rebrowser_sample_oneprice,2026-05-01,Pickup,24.0
Ford,F-250 XLT,2024,"10,796 mi.",Gasoline,8 Cyl,Automatic,White,Gray,None reported,Yes,"$53,720",carfax_rebrowser_sample_oneprice,2026-05-01,Pickup,
Chevrolet,Silverado 1500 RST,2024,"27,390 mi.",Diesel,6 Cyl,Automatic,Red,Gray,None reported,Yes,"$46,940",carfax_rebrowser_sample_oneprice,2026-05-01,Pickup,
GMC,Sierra 1500 Elevation,2024,"25,195 mi.",Diesel,6 Cyl,Automatic,Black,Black,None reported,Yes,"$47,550",carfax_rebrowser_sample_oneprice,2026-05-01,Pickup,24.0
Ram,1500 Laramie,2024,"53,277 mi.",Gasoline,8 Cyl,Automatic,Black,Black,None reported,Yes,"$41,150",carfax_rebrowser_sample_oneprice,2026-05-01,Pickup,19.0
GMC,Sierra 1500 SLT,2024,"46,929 mi.",Gasoline,8 Cyl,Automatic,White,Black,None reported,Yes,"$46,200",carfax_rebrowser_sample_oneprice,2026-05-01,Pickup,16.0
Ram,2500 Tradesman,2024,"3,053 mi.",Diesel,6 Cyl,Automatic,White,Gray,None reported,Yes,"$46,070",carfax_rebrowser_sample_oneprice,2026-05-01,Pickup,
Toyota,Tundra Limited Edition,2024,"37,983 mi.",Gasoline,6 Cyl,Automatic,Gray,Black,None reported,Yes,"$50,130",carfax_rebrowser_sample_oneprice,2026-05-01,Pickup,19.0
GMC,Sierra 1500 AT4,2024,"20,867 mi.",Diesel,6 Cyl,Automatic,Black,Black,None reported,Yes,"$56,680",carfax_rebrowser_sample_oneprice,2026-05-01,Pickup,24.0
GMC,Sierra 2500HD Pro,2024,"19,045 mi.",Gasoline,8 Cyl,Automatic,White,Black,None reported,Yes,"$46,110",carfax_rebrowser_sample_oneprice,2026-05-01,Pickup,
Toyota,Tundra SR5,2024,"30,717 mi.",Gasoline,6 Cyl,Automatic,Black,Black,None reported,Yes,"$44,480",carfax_rebrowser_sample_oneprice,2026-05-01,Pickup,19.0
Ram,3500 Big Horn,2024,"28,292 mi.",Diesel,6 Cyl,Automatic,White,Gray,None reported,Yes,"$51,370",carfax_rebrowser_sample_oneprice,2026-05-01,Pickup,
Toyota,Tundra 1794 Edition,2024,"34,562 mi.",Gasoline,6 Cyl,Automatic,Black,Tan,None reported,Yes,"$56,840",carfax_rebrowser_sample_oneprice,2026-05-01,Pickup,19.0
Toyota,Tundra Limited Edition,2024,"8,767 mi.",Hybrid,6 Cyl,Automatic,White,Black,None reported,Yes,"$55,010",carfax_rebrowser_sample_oneprice,2026-05-01,Pickup,19.0
Toyota,Tundra SR5,2024,"13,816 mi.",Gasoline,6 Cyl,Automatic,Red,Black,None reported,Yes,"$47,330",carfax_rebrowser_sample_oneprice,2026-05-01,Pickup,19.0
GMC,Sierra 1500 SLT,2024,"34,802 mi.",Diesel,6 Cyl,Automatic,Red,Black,None reported,Yes,"$51,500",carfax_rebrowser_sample_oneprice,2026-05-01,Pickup,24.0
Chevrolet,Silverado 1500 High Country,2024,"22,825 mi.",Gasoline,8 Cyl,Automatic,Gray,Black,None reported,Yes,"$55,840",carfax_rebrowser_sample_oneprice,2026-05-01,Pickup,16.0
Toyota,Tundra Platinum,2024,"38,606 mi.",Gasoline,6 Cyl,Automatic,Gray,Black,None reported,Yes,"$52,350",carfax_rebrowser_sample_oneprice,2026-05-01,Pickup,19.0
Ram,2500 Big Horn,2024,"18,781 mi.",Gasoline,8 Cyl,Automatic,White,Gray,None reported,Yes,"$45,570",carfax_rebrowser_sample_oneprice,2026-05-01,Pickup,
Ford,F-150 XLT,2024,"9,094 mi.",Hybrid,6 Cyl,Automatic,Gray,Gray,None reported,Yes,"$45,790",carfax_rebrowser_sample_oneprice,2026-05-01,Pickup,23.0
Chevrolet,Silverado 1500 LT,2024,"30,729 mi.",Gasoline,8 Cyl,Automatic,White,Black,None reported,Yes,"$50,220",carfax_rebrowser_sample_oneprice,2026-05-01,Pickup,16.0
Chevrolet,Silverado 1500 LT,2024,"12,743 mi.",Gasoline,8 Cyl,Automatic,Gray,Black,None reported,Yes,"$44,250",carfax_rebrowser_sample_oneprice,2026-05-01,Pickup,16.0
GMC,Sierra 1500 Elevation,2024,"13,798 mi.",Gasoline,4 Cyl,Automatic,Red,Black,None reported,Yes,"$43,740",carfax_rebrowser_sample_oneprice,2026-05-01,Pickup,18.0
Ram,1500 Laramie,2024,"27,667 mi.",Gasoline,8 Cyl,Automatic,Black,Black,None reported,Yes,"$41,180",carfax_rebrowser_sample_oneprice,2026-05-01,Pickup,19.0
Toyota,Tundra Limited Edition,2024,"29,910 mi.",Gasoline,6 Cyl,Automatic,Black,Black,None reported,Yes,"$50,180",carfax_rebrowser_sample_oneprice,2026-05-01,Pickup,19.0
Chevrolet,Silverado 1500 LT,2024,"24,641 mi.",Gasoline,8 Cyl,Automatic,Gray,Black,None reported,Yes,"$51,010",carfax_rebrowser_sample_oneprice,2026-05-01,Pickup,16.0
Chevrolet,Silverado 1500 RST,2024,"34,334 mi.",Gasoline,8 Cyl,Automatic,Black,Black,None reported,Yes,"$46,930",carfax_rebrowser_sample_oneprice,2026-05-01,Pickup,16.0
Ram,1500 Limited,2024,"6,474 mi.",Gasoline,8 Cyl,Automatic,Silver,Black,None reported,Yes,"$55,670",carfax_rebrowser_sample_oneprice,2026-05-01,Pickup,19.0
Ford,F-350 XL,2024,"21,417 mi.",Flexible-Fuel,8 Cyl,Automatic,Black,Black,None reported,Yes,"$49,290",carfax_rebrowser_sample_oneprice,2026-05-01,Pickup,
Ram,2500 Laramie,2024,"42,844 mi.",Diesel,6 Cyl,Automatic,White,Black,None reported,Yes,"$53,470",carfax_rebrowser_sample_oneprice,2026-05-01,Pickup,
Ford,Ranger Raptor,2024,"44,023 mi.",Gasoline,6 Cyl,Automatic,White,Black,None reported,Yes,"$50,110",carfax_rebrowser_sample_oneprice,2026-05-01,Pickup,17.0
Ram,2500 Big Horn,2024,"38,919 mi.",Diesel,6 Cyl,Automatic,White,Gray,None reported,Yes,"$50,160",carfax_rebrowser_sample_oneprice,2026-05-01,Pickup,
GMC,Sierra 1500 AT4,2024,"13,531 mi.",Gasoline,8 Cyl,Automatic,Black,Black,None reported,Yes,"$57,090",carfax_rebrowser_sample_oneprice,2026-05-01,Pickup,16.0
Ford,F-250 XLT,2024,"14,683 mi.",Gasoline,8 Cyl,Automatic,Silver,Gray,None reported,Yes,"$50,400",carfax_rebrowser_sample_oneprice,2026-05-01,Pickup,
Chevrolet,Silverado 1500 RST,2024,"14,835 mi.",Diesel,6 Cyl,Automatic,Blue,Black,None reported,Yes,"$48,700",carfax_rebrowser_sample_oneprice,2026-05-01,Pickup,
GMC,Sierra 1500 Denali Ultimate,2024,"54,055 mi.",Gasoline,8 Cyl,Automatic,Black,White,None reported,Yes,"$58,530",carfax_rebrowser_sample_oneprice,2026-05-01,Pickup,16.0
GMC,Sierra 1500 SLT,2024,"26,183 mi.",Gasoline,8 Cyl,Automatic,White,Black,None reported,Yes,"$48,350",carfax_rebrowser_sample_oneprice,2026-05-01,Pickup,16.0
Ram,2500 Laramie,2024,"37,488 mi.",Diesel,6 Cyl,Automatic,White,Black,None reported,Yes,"$57,790",carfax_rebrowser_sample_oneprice,2026-05-01,Pickup,
Toyota,Tundra 1794 Edition,2024,"45,608 mi.",Gasoline,6 Cyl,Automatic,Brown,Tan,None reported,Yes,"$53,450",carfax_rebrowser_sample_oneprice,2026-05-01,Pickup,19.0
Ford,F-150 XLT,2024,"16,509 mi.",Gasoline,6 Cyl,Automatic,Blue,Black,None reported,Yes,"$44,560",carfax_rebrowser_sample_oneprice,2026-05-01,Pickup,20.0
Ram,2500 Laramie,2024,"15,259 mi.",Gasoline,8 Cyl,Automatic,Black,Black,None reported,Yes,"$57,780",carfax_rebrowser_sample_oneprice,2026-05-01,Pickup,
Chevrolet,Silverado 1500 RST,2024,"42,150 mi.",Gasoline,8 Cyl,Automatic,White,Black,None reported,Yes,"$45,580",carfax_rebrowser_sample_oneprice,2026-05-01,Pickup,
Chevrolet,Silverado 1500 LTZ,2024,"19,811 mi.",Gasoline,8 Cyl,Automatic,Blue,Black,None reported,Yes,"$48,460",carfax_rebrowser_sample_oneprice,2026-05-01,Pickup,16.0
Ford,F-150 Lariat,2024,"26,152 mi.",Gasoline,6 Cyl,Automatic,Black,Black,None reported,Yes,"$53,970",carfax_rebrowser_sample_oneprice,2026-05-01,Pickup,19.0
Ford,F-150 XLT,2024,"9,767 mi.",Flexible-Fuel,8 Cyl,Automatic,White,Black,None reported,Yes,"$55,080",carfax_rebrowser_sample_oneprice,2026-05-01,Pickup,19.0
GMC,Sierra 2500HD SLE,2024,"31,837 mi.",Gasoline,8 Cyl,Automatic,Silver,Black,None reported,Yes,"$51,990",carfax_rebrowser_sample_oneprice,2026-05-01,Pickup,
Ford,F-150 Lightning Lariat,2024,892 mi.,Electric,Electric,Automatic,Blue,Black,None reported,Yes,"$57,410",carfax_rebrowser_sample_oneprice,2026-05-01,Pickup,68.0
GMC,Sierra 1500 Elevation,2024,"34,600 mi.",Diesel,6 Cyl,Automatic,Black,Black,None reported,Yes,"$48,450",carfax_rebrowser_sample_oneprice,2026-05-01,Pickup,24.0
Ford,F-250 XL,2024,"8,513 mi.",Flexible-Fuel,8 Cyl,Automatic,Silver,Gray,None reported,Yes,"$48,120",carfax_rebrowser_sample_oneprice,2026-05-01,Pickup,
GMC,Canyon AT4X,2024,"13,108 mi.",Gasoline,4 Cyl,Automatic,Silver,Unknown,None reported,Yes,"$47,420",carfax_rebrowser_sample_oneprice,2026-05-01,Pickup,16.0
Toyota,Tundra SR5,2024,"19,408 mi.",Gasoline,6 Cyl,Automatic,Green,Black,None reported,Yes,"$46,240",carfax_rebrowser_sample_oneprice,2026-05-01,Pickup,19.0
Chevrolet,Silverado 1500 LTZ,2024,"24,980 mi.",Gasoline,8 Cyl,Automatic,Gray,Gray,None reported,Yes,"$51,170",carfax_rebrowser_sample_oneprice,2026-05-01,Pickup,16.0
Chevrolet,Silverado 3500HD High Country,2024,"65,231 mi.",Gasoline,8 Cyl,Automatic,White,Black,None reported,Yes,"$60,090",carfax_rebrowser_sample_oneprice,2026-05-01,Pickup,
Toyota,Tacoma Limited Edition,2024,"4,113 mi.",Hybrid,4 Cyl,Automatic,Black,Black,None reported,Yes,"$49,090",carfax_rebrowser_sample_oneprice,2026-05-01,Pickup,23.0
Toyota,Tundra SR5,2024,"35,223 mi.",Gasoline,6 Cyl,Automatic,White,Black,None reported,Yes,"$44,450",carfax_rebrowser_sample_oneprice,2026-05-01,Pickup,19.0
Toyota,Tundra SR5,2024,"15,704 mi.",Gasoline,6 Cyl,Automatic,Blue,Unknown,None reported,Yes,"$45,420",carfax_rebrowser_sample_oneprice,2026-05-01,Pickup,19.0
GMC,Sierra 2500HD SLE,2024,"13,979 mi.",Diesel,8 Cyl,Automatic,Black,Tan,None reported,Yes,"$54,320",carfax_rebrowser_sample_oneprice,2026-05-01,Pickup,
Chevrolet,Silverado 1500 RST,2024,"18,101 mi.",Gasoline,8 Cyl,Automatic,Red,Black,None reported,Yes,"$51,140",carfax_rebrowser_sample_oneprice,2026-05-01,Pickup,
Toyota,Tundra 1794 Edition,2024,"27,710 mi.",Hybrid,6 Cyl,Automatic,Gray,Tan,None reported,Yes,"$57,010",carfax_rebrowser_sample_oneprice,2026-05-01,Pickup,19.0
GMC,Sierra 1500 Elevation,2024,"13,453 mi.",Gasoline,8 Cyl,Automatic,Red,Black,None reported,Yes,"$48,260",carfax_rebrowser_sample_oneprice,2026-05-01,Pickup,16.0
Chevrolet,Silverado 2500HD LT,2024,"53,880 mi.",Gasoline,8 Cyl,Automatic,White,Black,None reported,Yes,"$49,210",carfax_rebrowser_sample_oneprice,2026-05-01,Pickup,
Toyota,Tundra Limited Edition,2024,"28,261 mi.",Hybrid,6 Cyl,Automatic,Unknown,Black,None reported,Yes,"$52,990",carfax_rebrowser_sample_oneprice,2026-05-01,Pickup,19.0
Toyota,Tundra Limited Edition,2024,"37,711 mi.",Gasoline,6 Cyl,Automatic,Blue,Black,None reported,Yes,"$49,690",carfax_rebrowser_sample_oneprice,2026-05-01,Pickup,19.0
Ford,F-250 XL,2024,"15,507 mi.",Flexible-Fuel,8 Cyl,Automatic,Red,Gray,None reported,Yes,"$50,800",carfax_rebrowser_sample_oneprice,2026-05-01,Pickup,
Chevrolet,Silverado 2500HD LT,2024,"29,125 mi.",Gasoline,8 Cyl,Automatic,White,Black,None reported,Yes,"$51,350",carfax_rebrowser_sample_oneprice,2026-05-01,Pickup,
GMC,Sierra 1500 AT4X,2024,"37,873 mi.",Diesel,6 Cyl,Automatic,White,Black,None reported,Yes,"$58,820",carfax_rebrowser_sample_oneprice,2026-05-01,Pickup,19.0
Toyota,Tundra 1794 Edition,2024,"40,330 mi.",Gasoline,6 Cyl,Automatic,Blue,Tan,None reported,Yes,"$54,310",carfax_rebrowser_sample_oneprice,2026-05-01,Pickup,19.0
Ford,Ranger Raptor,2024,"1,108 mi.",Gasoline,6 Cyl,Automatic,Green,Black,None reported,Yes,"$57,060",carfax_rebrowser_sample_oneprice,2026-05-01,Pickup,17.0
GMC,Sierra 1500 Elevation,2024,"44,317 mi.",Diesel,6 Cyl,Automatic,Gray,Black,None reported,Yes,"$48,090",carfax_rebrowser_sample_oneprice,2026-05-01,Pickup,24.0
Ram,2500 Laramie,2024,"42,624 mi.",Gasoline,8 Cyl,Automatic,Black,Black,None reported,Yes,"$50,140",carfax_rebrowser_sample_oneprice,2026-05-01,Pickup,
Chevrolet,Silverado 2500HD LT,2024,"25,095 mi.",Gasoline,8 Cyl,Automatic,Gray,Gray,None reported,Yes,"$56,020",carfax_rebrowser_sample_oneprice,2026-05-01,Pickup,
GMC,Sierra 1500 Elevation,2024,"35,440 mi.",Diesel,6 Cyl,Automatic,Gray,Black,None reported,Yes,"$46,870",carfax_rebrowser_sample_oneprice,2026-05-01,Pickup,24.0
Ford,F-150 STX,2024,"17,847 mi.",Flexible-Fuel,8 Cyl,Automatic,White,Black,None reported,Yes,"$51,060",carfax_rebrowser_sample_oneprice,2026-05-01,Pickup,19.0
GMC,Sierra 1500 SLT,2024,"30,860 mi.",Gasoline,8 Cyl,Automatic,Black,Black,None reported,Yes,"$51,340",carfax_rebrowser_sample_oneprice,2026-05-01,Pickup,16.0
GMC,Sierra 1500 Denali,2024,"35,332 mi.",Gasoline,8 Cyl,Automatic,Black,Black,None reported,Yes,"$55,050",carfax_rebrowser_sample_oneprice,2026-05-01,Pickup,16.0
Ford,F-250 Lariat,2024,"30,552 mi.",Gasoline,8 Cyl,Automatic,Black,Black,None reported,Yes,"$65,060",carfax_rebrowser_sample_oneprice,2026-05-01,Pickup,
Ram,2500 Laramie,2024,"19,718 mi.",Diesel,6 Cyl,Automatic,White,Black,None reported,Yes,"$61,920",carfax_rebrowser_sample_oneprice,2026-05-01,Pickup,
Chevrolet,Silverado 1500 RST,2024,"9,527 mi.",Gasoline,8 Cyl,Automatic,Gray,Black,None reported,Yes,"$50,910",carfax_rebrowser_sample_oneprice,2026-05-01,Pickup,16.0
Ram,2500 Laramie,2024,"15,749 mi.",Gasoline,8 Cyl,Automatic,Black,Black,None reported,Yes,"$57,760",carfax_rebrowser_sample_oneprice,2026-05-01,Pickup,
Ford,F-150 XLT,2024,"1,989 mi.",Gasoline,6 Cyl,Automatic,White,Black,None reported,Yes,"$46,200",carfax_rebrowser_sample_oneprice,2026-05-01,Pickup,20.0
GMC,Sierra 2500HD SLE,2024,"53,185 mi.",Gasoline,8 Cyl,Automatic,White,Black,None reported,Yes,"$44,870",carfax_rebrowser_sample_oneprice,2026-05-01,Pickup,
Toyota,Tundra Limited Edition,2024,"5,191 mi.",Gasoline,6 Cyl,Automatic,Black,Black,None reported,Yes,"$51,020",carfax_rebrowser_sample_oneprice,2026-05-01,Pickup,19.0
GMC,Sierra 1500 Elevation,2024,"17,941 mi.",Gasoline,8 Cyl,Automatic,Red,Black,None reported,Yes,"$47,560",carfax_rebrowser_sample_oneprice,2026-05-01,Pickup,16.0
Ford,F-150 Lightning Lariat,2024,"4,218 mi.",Electric,Electric,Automatic,White,Black,None reported,Yes,"$58,160",carfax_rebrowser_sample_oneprice,2026-05-01,Pickup,68.0
Chevrolet,Silverado EV RST,2024,"21,393 mi.",Electric,Electric,Automatic,White,Black,None reported,Yes,"$64,950",carfax_rebrowser_sample_oneprice,2026-05-01,Pickup,
Chevrolet,Silverado 2500HD LT,2024,"55,242 mi.",Diesel,8 Cyl,Automatic,Black,Black,None reported,Yes,"$53,350",carfax_rebrowser_sample_oneprice,2026-05-01,Pickup,
Toyota,Tundra SR5,2024,"22,164 mi.",Gasoline,6 Cyl,Automatic,Unknown,Black,None reported,Yes,"$46,440",carfax_rebrowser_sample_oneprice,2026-05-01,Pickup,19.0
GMC,Canyon AT4X,2024,"24,069 mi.",Gasoline,4 Cyl,Automatic,Silver,Black,None reported,Yes,"$47,970",carfax_rebrowser_sample_oneprice,2026-05-01,Pickup,16.0
GMC,Canyon AT4X,2024,"11,760 mi.",Gasoline,4 Cyl,Automatic,Blue,Black,None reported,Yes,"$50,210",carfax_rebrowser_sample_oneprice,2026-05-01,Pickup,16.0
GMC,Sierra 1500 SLT,2024,"19,439 mi.",Gasoline,8 Cyl,Automatic,White,Black,None reported,Yes,"$50,290",carfax_rebrowser_sample_oneprice,2026-05-01,Pickup,16.0
Toyota,Tundra SR5,2024,"29,988 mi.",Gasoline,6 Cyl,Automatic,White,Black,None reported,Yes,"$45,710",carfax_rebrowser_sample_oneprice,2026-05-01,Pickup,19.0
Ford,Ranger Raptor,2024,"19,846 mi.",Gasoline,6 Cyl,Automatic,Gray,Black,None reported,Yes,"$55,050",carfax_rebrowser_sample_oneprice,2026-05-01,Pickup,17.0
Toyota,Tundra SR5,2024,"9,422 mi.",Gasoline,6 Cyl,Automatic,Gray,Black,None reported,Yes,"$47,710",carfax_rebrowser_sample_oneprice,2026-05-01,Pickup,19.0
Ford,F-250 XLT,2024,"13,185 mi.",Gasoline,8 Cyl,Automatic,White,Gray,None reported,Yes,"$53,100",carfax_rebrowser_sample_oneprice,2026-05-01,Pickup,
Chevrolet,Silverado 1500 LTZ,2024,"39,527 mi.",Gasoline,8 Cyl,Automatic,White,Black,None reported,Yes,"$47,660",carfax_rebrowser_sample_oneprice,2026-05-01,Pickup,16.0
Toyota,Tundra SR5,2024,"21,177 mi.",Gasoline,6 Cyl,Automatic,White,Unknown,None reported,Yes,"$47,110",carfax_rebrowser_sample_oneprice,2026-05-01,Pickup,19.0
Chevrolet,Silverado 1500 RST,2024,"26,700 mi.",Gasoline,8 Cyl,Automatic,Gray,Black,None reported,Yes,"$47,480",carfax_rebrowser_sample_oneprice,2026-05-01,Pickup,16.0
GMC,Canyon Denali,2024,"11,293 mi.",Gasoline,4 Cyl,Automatic,Black,Unknown,None reported,Yes,"$48,400",carfax_rebrowser_sample_oneprice,2026-05-01,Pickup,18.0
Ram,2500 Laramie,2024,"27,029 mi.",Diesel,6 Cyl,Automatic,Gray,Black,None reported,Yes,"$54,740",carfax_rebrowser_sample_oneprice,2026-05-01,Pickup,
Ford,F-150 XLT,2024,"8,485 mi.",Gasoline,6 Cyl,Automatic,Red,Black,None reported,Yes,"$48,060",carfax_rebrowser_sample_oneprice,2026-05-01,Pickup,19.0
Chevrolet,Silverado 1500 LT,2024,"19,116 mi.",Gasoline,4 Cyl,Automatic,Black,Black,None reported,Yes,"$51,550",carfax_rebrowser_sample_oneprice,2026-05-01,Pickup,
GMC,Sierra 2500HD SLE,2024,"11,729 mi.",Gasoline,8 Cyl,Automatic,Silver,Black,None reported,Yes,"$55,750",carfax_rebrowser_sample_oneprice,2026-05-01,Pickup,
Toyota,Tundra SR5,2024,"15,065 mi.",Gasoline,6 Cyl,Automatic,Gray,Unknown,None reported,Yes,"$47,040",carfax_rebrowser_sample_oneprice,2026-05-01,Pickup,19.0
Chevrolet,Silverado 1500 LTZ,2024,"3,974 mi.",Gasoline,8 Cyl,Automatic,Black,Black,None reported,Yes,"$52,960",carfax_rebrowser_sample_oneprice,2026-05-01,Pickup,16.0
Ford,Ranger Raptor,2024,"16,872 mi.",Gasoline,6 Cyl,Automatic,Black,Black,None reported,Yes,"$54,210",carfax_rebrowser_sample_oneprice,2026-05-01,Pickup,17.0
Toyota,Tundra 1794 Edition,2024,"19,293 mi.",Gasoline,6 Cyl,Automatic,Gray,Tan,None reported,Yes,"$58,840",carfax_rebrowser_sample_oneprice,2026-05-01,Pickup,19.0
GMC,Sierra 1500 Denali,2024,"31,808 mi.",Gasoline,8 Cyl,Automatic,White,Brown,None reported,Yes,"$56,990",carfax_rebrowser_sample_oneprice,2026-05-01,Pickup,16.0
GMC,Sierra 1500 Elevation,2024,"37,281 mi.",Diesel,6 Cyl,Automatic,Black,Black,None reported,Yes,"$47,750",carfax_rebrowser_sample_oneprice,2026-05-01,Pickup,24.0
GMC,Canyon AT4X,2024,"26,896 mi.",Gasoline,4 Cyl,Automatic,Black,Black,None reported,Yes,"$47,290",carfax_rebrowser_sample_oneprice,2026-05-01,Pickup,16.0
Toyota,Tundra Limited Edition,2024,"32,851 mi.",Hybrid,6 Cyl,Automatic,Black,Black,None reported,Yes,"$51,230",carfax_rebrowser_sample_oneprice,2026-05-01,Pickup,19.0
Ford,F-150 XLT,2024,"30,092 mi.",Flexible-Fuel,8 Cyl,Automatic,Gray,Black,None reported,Yes,"$58,690",carfax_rebrowser_sample_oneprice,2026-05-01,Pickup,19.0
Chevrolet,Suburban RST,2025,"15,890 mi.",Gasoline,8 Cyl,Automatic,Black,Black,None reported,Yes,"$73,720",carfax_rebrowser_sample_oneprice,2026-05-01,SUV,16.0
Porsche,Macan,2025,"5,841 mi.",Gasoline,4 Cyl,Automatic,Unknown,Tan,None reported,Yes,"$63,890",carfax_rebrowser_sample_oneprice,2026-05-02,SUV,21.0
Porsche,Macan,2025,"5,404 mi.",Gasoline,4 Cyl,Automatic,Gray,Tan,None reported,Yes,"$64,090",carfax_rebrowser_sample_oneprice,2026-05-02,SUV,21.0
Porsche,Macan,2025,"4,490 mi.",Gasoline,4 Cyl,Automatic,Black,Black,None reported,Yes,"$63,470",carfax_rebrowser_sample_oneprice,2026-05-02,SUV,21.0
BMW,X3 xDrive30i,2024,"16,763 mi.",Gasoline,4 Cyl,Automatic,White,Black,None reported,Yes,"$42,120",carfax_rebrowser_sample_oneprice,2026-05-02,SUV,24.0
Toyota,RAV4 XLE,2024,"43,723 mi.",Gasoline,4 Cyl,Automatic,Blue,Gray,None reported,Yes,"$31,150",carfax_rebrowser_sample_oneprice,2026-05-02,SUV,28.0
Jeep,Wrangler Sahara 4xe,2024,"4,424 mi.",Hybrid,4 Cyl,Automatic,Red,Black,None reported,Yes,"$38,180",carfax_rebrowser_sample_oneprice,2026-05-02,SUV,20.0
Nissan,Rogue SV,2025,"22,590 mi.",Gasoline,3 Cyl,Automatic,Gray,Black,None reported,Yes,"$22,840",carfax_rebrowser_sample_oneprice,2026-05-02,SUV,33.0
Nissan,Rogue SV,2025,"22,647 mi.",Gasoline,3 Cyl,Automatic,Black,Black,None reported,Yes,"$22,660",carfax_rebrowser_sample_oneprice,2026-05-02,SUV,33.0
BMW,3 Series 330i xDrive,2025,"12,281 mi.",Gasoline,4 Cyl,Automatic,White,Black,None reported,Yes,"$43,830",carfax_rebrowser_sample_oneprice,2026-05-02,Sedan,29.0
Chevrolet,Trax ACTIV,2025,"19,453 mi.",Flexible-Fuel,3 Cyl,Automatic,White,Black,None reported,Yes,"$23,980",carfax_rebrowser_sample_oneprice,2026-05-02,SUV,29.0
Mitsubishi,Outlander Sport SE,2025,"29,598 mi.",Gasoline,4 Cyl,Automatic,White,Unknown,None reported,Yes,"$20,380",carfax_rebrowser_sample_oneprice,2026-05-02,SUV,26.0
BMW,X1 xDrive28i,2024,"15,175 mi.",Gasoline,4 Cyl,Automatic,Blue,Black,None reported,Yes,"$37,470",carfax_rebrowser_sample_oneprice,2026-05-02,SUV,28.0
Subaru,Crosstrek Wilderness,2024,"10,864 mi.",Gasoline,4 Cyl,Automatic,Blue,Black,None reported,Yes,"$30,980",carfax_rebrowser_sample_oneprice,2026-05-02,SUV,27.0
Ford,Escape Active,2025,"19,916 mi.",Gasoline,3 Cyl,Automatic,White,Black,None reported,Yes,"$25,910",carfax_rebrowser_sample_oneprice,2026-05-02,SUV,28.0
Toyota,4Runner TRD Off Road,2024,"59,391 mi.",Gasoline,6 Cyl,Automatic,White,Black,None reported,Yes,"$43,020",carfax_rebrowser_sample_oneprice,2026-05-02,SUV,17.0
Jeep,Compass Limited Edition,2025,"24,201 mi.",Gasoline,4 Cyl,Automatic,Silver,Black,None reported,Yes,"$25,500",carfax_rebrowser_sample_oneprice,2026-05-02,SUV,27.0
Jeep,Compass Limited Edition,2025,"15,185 mi.",Gasoline,4 Cyl,Automatic,Blue,Black,None reported,Yes,"$26,960",carfax_rebrowser_sample_oneprice,2026-05-02,SUV,27.0
GMC,Terrain Elevation,2025,"27,968 mi.",Gasoline,4 Cyl,Automatic,White,Unknown,None reported,Yes,"$27,770",carfax_rebrowser_sample_oneprice,2026-05-02,SUV,25.0
Dodge,Durango GT,2024,"17,854 mi.",Gasoline,6 Cyl,Automatic,Gray,Black,None reported,Yes,"$32,700",carfax_rebrowser_sample_oneprice,2026-05-02,SUV,21.0
Honda,HR-V LX,2025,"3,549 mi.",Gasoline,4 Cyl,Automatic,Black,Black,None reported,Yes,"$26,390",carfax_rebrowser_sample_oneprice,2026-05-02,SUV,27.0
Hyundai,Tucson SEL,2025,"6,574 mi.",Gasoline,4 Cyl,Automatic,White,Gray,None reported,Yes,"$28,760",carfax_rebrowser_sample_oneprice,2026-05-02,SUV,26.0
Toyota,Camry XSE,2026,"1,435 mi.",Hybrid,4 Cyl,Automatic,White,Red,None reported,Yes,"$43,540",carfax_rebrowser_sample_oneprice,2026-05-02,Sedan,43.0
Honda,Accord SE,2025,"1,899 mi.",Gasoline,4 Cyl,Automatic,Silver,Black,None reported,Yes,"$27,280",carfax_rebrowser_sample_oneprice,2026-05-02,Sedan,32.0
Honda,Accord SE,2025,"2,654 mi.",Gasoline,4 Cyl,Automatic,Gray,Black,None reported,Yes,"$27,320",carfax_rebrowser_sample_oneprice,2026-05-02,Sedan,32.0
BMW,X6 M Competition,2025,"5,089 mi.",Gasoline,8 Cyl,Automatic,Gray,Black,None reported,Yes,"$115,340",carfax_rebrowser_sample_oneprice,2026-05-02,SUV,15.0
Mazda,CX-90 Select,2025,"12,595 mi.",Gasoline,6 Cyl,Automatic,Blue,Black,None reported,Yes,"$32,390",carfax_rebrowser_sample_oneprice,2026-05-02,SUV,25.0
Audi,RS7 performance,2025,"13,549 mi.",Gasoline,8 Cyl,Automatic,Gray,Black,None reported,Yes,"$128,280",carfax_rebrowser_sample_oneprice,2026-05-02,Hatchback,17.0
Audi,RS7 performance,2024,"8,155 mi.",Gasoline,8 Cyl,Automatic,Blue,Unknown,None reported,Yes,"$121,070",carfax_rebrowser_sample_oneprice,2026-05-02,Hatchback,17.0
Audi,RS7 performance,2025,"2,146 mi.",Gasoline,8 Cyl,Automatic,White,Black,None reported,Yes,"$130,560",carfax_rebrowser_sample_oneprice,2026-05-02,Hatchback,17.0
Audi,RS7 performance,2026,"1,695 mi.",Gasoline,8 Cyl,Automatic,Gray,Black,None reported,Yes,"$135,190",carfax_rebrowser_sample_oneprice,2026-05-02,Hatchback,16.0
Audi,RS5,2024,"17,067 mi.",Gasoline,6 Cyl,Automatic,Gray,Black,None reported,Yes,"$71,580",carfax_rebrowser_sample_oneprice,2026-05-02,Hatchback,20.0
Audi,RS5,2024,"11,608 mi.",Gasoline,6 Cyl,Automatic,Gray,Black,None reported,Yes,"$73,150",carfax_rebrowser_sample_oneprice,2026-05-02,Hatchback,20.0
GMC,Canyon Denali,2024,"60,287 mi.",Gasoline,4 Cyl,Automatic,White,Black,None reported,Yes,"$40,900",carfax_rebrowser_sample_oneprice,2026-05-02,Pickup,18.0
Audi,A6 e-tron Premium,2025,"3,349 mi.",Electric,Electric,Automatic,Gray,Black,None reported,Yes,"$48,340",carfax_rebrowser_sample_oneprice,2026-05-02,Hatchback,
Honda,Civic Type R,2025,232 mi.,Gasoline,4 Cyl,Manual,Unknown,Unknown,None reported,Yes,"$48,080",carfax_rebrowser_sample_oneprice,2026-05-02,Hatchback,24.0
Audi,A6 e-tron Premium Plus,2025,"5,602 mi.",Electric,Electric,Automatic,Gray,Black,None reported,Yes,"$49,140",carfax_rebrowser_sample_oneprice,2026-05-02,Hatchback,
Honda,Civic Type R,2025,"15,676 mi.",Gasoline,4 Cyl,Manual,Blue,Black,None reported,Yes,"$45,270",carfax_rebrowser_sample_oneprice,2026-05-02,Hatchback,24.0
Toyota,GR Corolla Premium Plus,2025,"6,639 mi.",Gasoline,3 Cyl,Automatic,Red,Black,None reported,Yes,"$41,980",carfax_rebrowser_sample_oneprice,2026-05-02,Hatchback,22.0
Volkswagen,Golf,2025,"2,861 mi.",Gasoline,4 Cyl,Automatic,Blue,Blue,None reported,Yes,"$49,550",carfax_rebrowser_sample_oneprice,2026-05-02,Hatchback,25.0
Toyota,GR Corolla Premium Plus,2025,"6,517 mi.",Gasoline,3 Cyl,Manual,Black,Black,None reported,Yes,"$43,640",carfax_rebrowser_sample_oneprice,2026-05-02,Hatchback,24.0
Honda,Civic Type R,2025,"4,653 mi.",Gasoline,4 Cyl,Manual,Unknown,Unknown,None reported,Yes,"$46,190",carfax_rebrowser_sample_oneprice,2026-05-02,Hatchback,24.0
Audi,A6 e-tron Premium Plus,2025,"4,328 mi.",Electric,Electric,Automatic,White,Black,None reported,Yes,"$48,170",carfax_rebrowser_sample_oneprice,2026-05-02,Hatchback,
Audi,A6 e-tron Premium Plus,2025,"6,928 mi.",Electric,Electric,Automatic,Black,Brown,None reported,Yes,"$48,590",carfax_rebrowser_sample_oneprice,2026-05-02,Hatchback,
Honda,Civic Type R,2025,"2,008 mi.",Gasoline,4 Cyl,Manual,Blue,Black,None reported,Yes,"$48,290",carfax_rebrowser_sample_oneprice,2026-05-02,Hatchback,24.0
Audi,A6 e-tron Premium Plus,2025,"8,098 mi.",Electric,Electric,Automatic,Black,Black,None reported,Yes,"$47,740",carfax_rebrowser_sample_oneprice,2026-05-02,Hatchback,
Audi,A6 e-tron Premium Plus,2025,"8,135 mi.",Electric,Electric,Automatic,Gray,Black,None reported,Yes,"$49,220",carfax_rebrowser_sample_oneprice,2026-05-02,Hatchback,
Honda,Civic Type R,2025,"12,681 mi.",Gasoline,4 Cyl,Manual,Black,Black,None reported,Yes,"$48,360",carfax_rebrowser_sample_oneprice,2026-05-02,Hatchback,24.0
Audi,A6 e-tron Premium,2025,"1,092 mi.",Electric,Electric,Automatic,Blue,Black,None reported,Yes,"$45,530",carfax_rebrowser_sample_oneprice,2026-05-02,Hatchback,
Audi,A6 e-tron Premium,2025,"5,936 mi.",Electric,Electric,Automatic,White,Tan,None reported,Yes,"$44,710",carfax_rebrowser_sample_oneprice,2026-05-02,Hatchback,
Volkswagen,Golf Black Edition,2025,"5,536 mi.",Gasoline,4 Cyl,Automatic,Blue,Black,None reported,Yes,"$49,940",carfax_rebrowser_sample_oneprice,2026-05-02,Hatchback,25.0
Audi,A6 e-tron Prestige,2025,257 mi.,Electric,Electric,Automatic,Blue,Tan,None reported,Yes,"$53,180",carfax_rebrowser_sample_oneprice,2026-05-02,Hatchback,
Audi,A6 e-tron Premium,2025,"6,171 mi.",Electric,Electric,Automatic,White,Black,None reported,Yes,"$45,800",carfax_rebrowser_sample_oneprice,2026-05-02,Hatchback,
Honda,Civic Type R,2025,"2,530 mi.",Gasoline,4 Cyl,Manual,Blue,Black,None reported,Yes,"$48,610",carfax_rebrowser_sample_oneprice,2026-05-02,Hatchback,24.0
Honda,Civic Type R,2025,"1,563 mi.",Gasoline,4 Cyl,Manual,Blue,Black,None reported,Yes,"$45,910",carfax_rebrowser_sample_oneprice,2026-05-02,Hatchback,24.0
Volkswagen,Golf Black Edition,2025,"1,626 mi.",Gasoline,4 Cyl,Automatic,Black,Unknown,None reported,Yes,"$51,440",carfax_rebrowser_sample_oneprice,2026-05-02,Hatchback,25.0
Audi,S5 Premium,2025,800 mi.,Gasoline,6 Cyl,Automatic,White,Black,None reported,Yes,"$51,980",carfax_rebrowser_sample_oneprice,2026-05-02,Hatchback,23.0
Honda,Civic Type R,2025,"5,224 mi.",Gasoline,4 Cyl,Manual,White,Unknown,None reported,Yes,"$48,620",carfax_rebrowser_sample_oneprice,2026-05-02,Hatchback,24.0
Honda,Civic Type R,2025,"1,140 mi.",Gasoline,4 Cyl,Manual,Black,Black,None reported,Yes,"$46,540",carfax_rebrowser_sample_oneprice,2026-05-02,Hatchback,24.0
Volkswagen,Golf,2025,"7,625 mi.",Gasoline,4 Cyl,Automatic,White,Blue,None reported,Yes,"$47,480",carfax_rebrowser_sample_oneprice,2026-05-02,Hatchback,25.0
Volkswagen,Golf Black Edition,2025,"1,902 mi.",Gasoline,4 Cyl,Automatic,Black,Blue,None reported,Yes,"$50,370",carfax_rebrowser_sample_oneprice,2026-05-02,Hatchback,25.0
Honda,Civic Type R,2025,"10,219 mi.",Gasoline,4 Cyl,Manual,Gray,Unknown,None reported,Yes,"$45,780",carfax_rebrowser_sample_oneprice,2026-05-02,Hatchback,24.0
Honda,Civic Type R,2025,"7,172 mi.",Gasoline,4 Cyl,Manual,Gray,Black,None reported,Yes,"$48,240",carfax_rebrowser_sample_oneprice,2026-05-02,Hatchback,24.0
Honda,Civic Type R,2025,"4,251 mi.",Gasoline,4 Cyl,Manual,White,Unknown,None reported,Yes,"$46,230",carfax_rebrowser_sample_oneprice,2026-05-02,Hatchback,24.0
Toyota,Prius Limited,2026,"5,182 mi.",Hybrid,4 Cyl,Automatic,Gray,Black,None reported,Yes,"$36,250",carfax_rebrowser_sample_oneprice,2026-05-02,Hatchback,57.0
Honda,Civic Sport,2026,"3,302 mi.",Hybrid,4 Cyl,Automatic,Silver,Black,None reported,Yes,"$30,300",carfax_rebrowser_sample_oneprice,2026-05-02,Hatchback,48.0
Toyota,Prius Plug-in XSE,2026,70 mi.,Hybrid,4 Cyl,Automatic,Gray,Black,None reported,Yes,"$35,350",carfax_rebrowser_sample_oneprice,2026-05-02,Hatchback,
Mini,Cooper John Cooper Works,2026,"1,776 mi.",Gasoline,4 Cyl,Automatic,Yellow,Black,None reported,Yes,"$40,020",carfax_rebrowser_sample_oneprice,2026-05-02,Hatchback,32.0
Honda,Civic Sport Touring,2026,"2,498 mi.",Hybrid,4 Cyl,Automatic,Gray,Black,None reported,Yes,"$30,670",carfax_rebrowser_sample_oneprice,2026-05-02,Hatchback,48.0
Toyota,Prius LE,2026,512 mi.,Hybrid,4 Cyl,Automatic,Unknown,Black,None reported,Yes,"$31,320",carfax_rebrowser_sample_oneprice,2026-05-02,Hatchback,57.0
Toyota,Prius Limited,2026,"2,439 mi.",Hybrid,4 Cyl,Automatic,Unknown,Black,None reported,Yes,"$31,880",carfax_rebrowser_sample_oneprice,2026-05-02,Hatchback,57.0
Toyota,Prius LE,2026,828 mi.,Hybrid,4 Cyl,Automatic,Gray,Gray,None reported,Yes,"$30,890",carfax_rebrowser_sample_oneprice,2026-05-02,Hatchback,57.0
Mini,Cooper S,2026,"1,037 mi.",Gasoline,4 Cyl,Automatic,White,Unknown,None reported,Yes,"$32,410",carfax_rebrowser_sample_oneprice,2026-05-02,Hatchback,32.0
Honda,Civic Sport Touring,2026,"4,021 mi.",Hybrid,4 Cyl,Automatic,Gray,Black,None reported,Yes,"$30,510",carfax_rebrowser_sample_oneprice,2026-05-02,Hatchback,48.0
Toyota,Prius XLE,2026,"4,074 mi.",Hybrid,4 Cyl,Automatic,Silver,Black,None reported,Yes,"$33,760",carfax_rebrowser_sample_oneprice,2026-05-02,Hatchback,52.0
Toyota,Prius Plug-in XSE,2026,245 mi.,Hybrid,4 Cyl,Automatic,Black,Black,None reported,Yes,"$37,130",carfax_rebrowser_sample_oneprice,2026-05-02,Hatchback,
Honda,Civic Sport Touring,2026,"2,979 mi.",Hybrid,4 Cyl,Automatic,White,Unknown,None reported,Yes,"$31,040",carfax_rebrowser_sample_oneprice,2026-05-02,Hatchback,48.0
Honda,Civic Sport Touring,2026,"3,168 mi.",Hybrid,4 Cyl,Automatic,White,Gray,None reported,Yes,"$31,980",carfax_rebrowser_sample_oneprice,2026-05-02,Hatchback,48.0
Honda,Civic Sport,2026,"5,923 mi.",Hybrid,4 Cyl,Automatic,Gray,Black,None reported,Yes,"$31,150",carfax_rebrowser_sample_oneprice,2026-05-02,Hatchback,48.0
Mazda,Mazda3 Turbo,2026,570 mi.,Gasoline,4 Cyl,Automatic,White,Red,None reported,Yes,"$35,180",carfax_rebrowser_sample_oneprice,2026-05-02,Hatchback,26.0
Honda,Civic Sport,2026,"1,498 mi.",Hybrid,4 Cyl,Automatic,Silver,Black,None reported,Yes,"$30,140",carfax_rebrowser_sample_oneprice,2026-05-02,Hatchback,48.0
Honda,Civic Sport Touring,2026,"3,266 mi.",Hybrid,4 Cyl,Automatic,Red,Black,None reported,Yes,"$31,550",carfax_rebrowser_sample_oneprice,2026-05-02,Hatchback,48.0
Toyota,Prius Plug-in XSE,2026,"5,883 mi.",Hybrid,4 Cyl,Automatic,Blue,Black,None reported,Yes,"$36,230",carfax_rebrowser_sample_oneprice,2026-05-02,Hatchback,
Toyota,Prius Plug-in SE,2026,"7,911 mi.",Hybrid,4 Cyl,Automatic,Silver,Black,None reported,Yes,"$32,320",carfax_rebrowser_sample_oneprice,2026-05-02,Hatchback,
Toyota,Prius Limited,2026,"1,625 mi.",Hybrid,4 Cyl,Automatic,White,Black,None reported,Yes,"$36,530",carfax_rebrowser_sample_oneprice,2026-05-02,Hatchback,57.0
Volkswagen,GTI SE,2026,"2,747 mi.",Gasoline,4 Cyl,Automatic,White,Black,None reported,Yes,"$37,500",carfax_rebrowser_sample_oneprice,2026-05-02,Hatchback,27.0
Honda,Civic Sport Touring,2026,"5,272 mi.",Hybrid,4 Cyl,Automatic,Silver,Unknown,None reported,Yes,"$31,330",carfax_rebrowser_sample_oneprice,2026-05-02,Hatchback,48.0
Toyota,Prius Plug-in XSE,2026,412 mi.,Hybrid,4 Cyl,Automatic,Blue,Gray,None reported,Yes,"$36,800",carfax_rebrowser_sample_oneprice,2026-05-02,Hatchback,
Toyota,Prius XLE,2026,"19,467 mi.",Hybrid,4 Cyl,Automatic,Gray,Black,None reported,Yes,"$33,010",carfax_rebrowser_sample_oneprice,2026-05-02,Hatchback,52.0
Honda,Civic Sport Touring,2026,"16,333 mi.",Hybrid,4 Cyl,Automatic,Gray,Black,None reported,Yes,"$30,950",carfax_rebrowser_sample_oneprice,2026-05-02,Hatchback,48.0
Mini,Cooper John Cooper Works,2026,"5,214 mi.",Gasoline,4 Cyl,Automatic,Green,Black,None reported,Yes,"$40,930",carfax_rebrowser_sample_oneprice,2026-05-02,Hatchback,32.0
Mini,Cooper S,2026,"5,150 mi.",Gasoline,4 Cyl,Automatic,Silver,Gray,None reported,Yes,"$34,610",carfax_rebrowser_sample_oneprice,2026-05-02,Hatchback,32.0
Honda,Civic Sport Touring,2026,"1,504 mi.",Hybrid,4 Cyl,Automatic,White,Black,None reported,Yes,"$32,670",carfax_rebrowser_sample_oneprice,2026-05-02,Hatchback,48.0
Mini,Cooper S,2026,"4,799 mi.",Gasoline,4 Cyl,Automatic,White,Tan,None reported,Yes,"$34,640",carfax_rebrowser_sample_oneprice,2026-05-02,Hatchback,32.0
Mini,Cooper S,2026,"4,915 mi.",Gasoline,4 Cyl,Automatic,Green,Black,None reported,Yes,"$33,710",carfax_rebrowser_sample_oneprice,2026-05-02,Hatchback,32.0
Toyota,Prius Plug-in XSE,2026,675 mi.,Hybrid,4 Cyl,Automatic,White,Black,None reported,Yes,"$38,440",carfax_rebrowser_sample_oneprice,2026-05-02,Hatchback,
GMC,Terrain Elevation,2025,"12,800 mi.",Gasoline,4 Cyl,Automatic,Blue,Unknown,None reported,Yes,"$29,980",carfax_rebrowser_sample_oneprice,2026-05-02,SUV,25.0
Toyota,Prius XLE,2026,"5,029 mi.",Hybrid,4 Cyl,Automatic,Red,Gray,None reported,Yes,"$34,250",carfax_rebrowser_sample_oneprice,2026-05-02,Hatchback,49.0
Toyota,Prius XLE,2026,"6,247 mi.",Hybrid,4 Cyl,Automatic,Blue,Black,None reported,Yes,"$32,210",carfax_rebrowser_sample_oneprice,2026-05-02,Hatchback,52.0
Mazda,Mazda3 Turbo,2026,"7,299 mi.",Gasoline,4 Cyl,Automatic,Red,Black,None reported,Yes,"$35,260",carfax_rebrowser_sample_oneprice,2026-05-02,Hatchback,26.0
Volkswagen,GTI SE,2025,"12,381 mi.",Gasoline,4 Cyl,Automatic,Silver,Black,None reported,Yes,"$34,290",carfax_rebrowser_sample_oneprice,2026-05-02,Hatchback,27.0
Toyota,Prius Limited,2025,"9,108 mi.",Hybrid,4 Cyl,Automatic,Gray,Gray,None reported,Yes,"$34,190",carfax_rebrowser_sample_oneprice,2026-05-02,Hatchback,
Audi,A5 Premium,2025,"42,435 mi.",Gasoline,4 Cyl,Automatic,White,Brown,None reported,Yes,"$31,510",carfax_rebrowser_sample_oneprice,2026-05-02,Hatchback,26.0
Honda,Civic Sport Touring,2025,"2,426 mi.",Hybrid,4 Cyl,Automatic,White,Gray,None reported,Yes,"$31,470",carfax_rebrowser_sample_oneprice,2026-05-02,Hatchback,48.0
Toyota,Prius XLE,2025,"11,735 mi.",Hybrid,4 Cyl,Automatic,White,Black,None reported,Yes,"$31,110",carfax_rebrowser_sample_oneprice,2026-05-02,Hatchback,52.0
Audi,A5 Premium,2025,"13,149 mi.",Gasoline,4 Cyl,Automatic,White,Unknown,None reported,Yes,"$38,270",carfax_rebrowser_sample_oneprice,2026-05-02,Hatchback,26.0
Toyota,Prius XLE,2025,"9,933 mi.",Hybrid,4 Cyl,Automatic,Unknown,Black,None reported,Yes,"$29,830",carfax_rebrowser_sample_oneprice,2026-05-02,Hatchback,52.0
Toyota,Prius XLE,2025,"11,483 mi.",Hybrid,4 Cyl,Automatic,Gray,Black,None reported,Yes,"$31,040",carfax_rebrowser_sample_oneprice,2026-05-02,Hatchback,52.0
Toyota,Prius XLE,2025,"10,731 mi.",Hybrid,4 Cyl,Automatic,Gray,Black,None reported,Yes,"$29,990",carfax_rebrowser_sample_oneprice,2026-05-02,Hatchback,52.0
Honda,Civic Sport Touring,2025,"19,645 mi.",Hybrid,4 Cyl,Automatic,Gray,Gray,None reported,Yes,"$30,770",carfax_rebrowser_sample_oneprice,2026-05-02,Hatchback,48.0
Toyota,Prius XLE,2025,"12,472 mi.",Hybrid,4 Cyl,Automatic,White,Black,None reported,Yes,"$31,610",carfax_rebrowser_sample_oneprice,2026-05-02,Hatchback,52.0
Mazda,Mazda3 Carbon Turbo,2025,"5,144 mi.",Gasoline,4 Cyl,Automatic,Beige,Red,None reported,Yes,"$30,920",carfax_rebrowser_sample_oneprice,2026-05-02,Hatchback,26.0
Toyota,Prius Plug-in XSE,2025,"5,516 mi.",Hybrid,4 Cyl,Automatic,Silver,Black,None reported,Yes,"$37,600",carfax_rebrowser_sample_oneprice,2026-05-02,Hatchback,48.0
Toyota,Prius XLE,2025,"14,514 mi.",Hybrid,4 Cyl,Automatic,Silver,Black,None reported,Yes,"$31,210",carfax_rebrowser_sample_oneprice,2026-05-02,Hatchback,52.0
Volkswagen,Taos SE,2025,"13,049 mi.",Gasoline,4 Cyl,Automatic,White,Black,None reported,Yes,"$26,190",carfax_rebrowser_sample_oneprice,2026-05-02,SUV,28.0
Honda,Civic Sport,2025,"11,472 mi.",Hybrid,4 Cyl,Automatic,Beige,Black,None reported,Yes,"$30,330",carfax_rebrowser_sample_oneprice,2026-05-02,Hatchback,48.0
Honda,Civic Sport Touring,2025,"5,902 mi.",Hybrid,4 Cyl,Automatic,Gray,Black,None reported,Yes,"$30,530",carfax_rebrowser_sample_oneprice,2026-05-02,Hatchback,48.0
Toyota,GR Corolla Premium,2025,"19,712 mi.",Gasoline,3 Cyl,Automatic,Gray,Black,None reported,Yes,"$40,120",carfax_rebrowser_sample_oneprice,2026-05-02,Hatchback,22.0
Toyota,Prius XLE,2025,"12,072 mi.",Hybrid,4 Cyl,Automatic,Gray,Black,None reported,Yes,"$31,410",carfax_rebrowser_sample_oneprice,2026-05-02,Hatchback,52.0
Mazda,Mazda3 Turbo,2025,"2,459 mi.",Gasoline,4 Cyl,Automatic,Black,Black,None reported,Yes,"$34,390",carfax_rebrowser_sample_oneprice,2026-05-02,Hatchback,26.0
Toyota,Prius XLE,2025,"14,196 mi.",Hybrid,4 Cyl,Automatic,White,Black,None reported,Yes,"$31,330",carfax_rebrowser_sample_oneprice,2026-05-02,Hatchback,52.0
Volkswagen,GTI SE,2025,"3,401 mi.",Gasoline,4 Cyl,Automatic,Silver,Black,None reported,Yes,"$34,840",carfax_rebrowser_sample_oneprice,2026-05-02,Hatchback,27.0
Mazda,Mazda3 Premium,2025,"15,500 mi.",Gasoline,4 Cyl,Manual,Black,Red,None reported,Yes,"$28,470",carfax_rebrowser_sample_oneprice,2026-05-02,Hatchback,30.0
Mini,Cooper,2025,"3,036 mi.",Gasoline,4 Cyl,Automatic,Silver,Tan,None reported,Yes,"$30,670",carfax_rebrowser_sample_oneprice,2026-05-02,Hatchback,32.0
Toyota,Prius XLE,2025,"15,600 mi.",Hybrid,4 Cyl,Automatic,White,Black,None reported,Yes,"$31,060",carfax_rebrowser_sample_oneprice,2026-05-02,Hatchback,52.0
Toyota,Prius XLE,2025,"3,475 mi.",Hybrid,4 Cyl,Automatic,Gray,Black,None reported,Yes,"$31,780",carfax_rebrowser_sample_oneprice,2026-05-02,Hatchback,52.0
Volkswagen,GTI SE,2025,"1,543 mi.",Gasoline,4 Cyl,Automatic,White,Black,None reported,Yes,"$35,070",carfax_rebrowser_sample_oneprice,2026-05-02,Hatchback,27.0
Honda,Civic Sport,2025,57 mi.,Gasoline,4 Cyl,Automatic,Blue,Black,None reported,Yes,"$27,580",carfax_rebrowser_sample_oneprice,2026-05-02,Hatchback,34.0
Toyota,Prius Plug-in XSE,2025,"3,968 mi.",Hybrid,4 Cyl,Automatic,Silver,Black,None reported,Yes,"$36,580",carfax_rebrowser_sample_oneprice,2026-05-02,Hatchback,48.0
Toyota,GR Corolla Premium,2025,"6,441 mi.",Gasoline,3 Cyl,Manual,White,Black,None reported,Yes,"$41,530",carfax_rebrowser_sample_oneprice,2026-05-02,Hatchback,24.0
Toyota,Prius XLE,2025,"8,050 mi.",Hybrid,4 Cyl,Automatic,Black,Black,None reported,Yes,"$29,680",carfax_rebrowser_sample_oneprice,2026-05-02,Hatchback,52.0
Toyota,Prius LE,2025,"5,498 mi.",Hybrid,4 Cyl,Automatic,Black,Black,None reported,Yes,"$28,540",carfax_rebrowser_sample_oneprice,2026-05-02,Hatchback,
Toyota,Prius XLE,2025,"13,787 mi.",Hybrid,4 Cyl,Automatic,Black,Black,None reported,Yes,"$31,330",carfax_rebrowser_sample_oneprice,2026-05-02,Hatchback,52.0
Audi,A5 Premium,2025,"32,591 mi.",Gasoline,4 Cyl,Automatic,White,Brown,None reported,Yes,"$32,100",carfax_rebrowser_sample_oneprice,2026-05-02,Hatchback,26.0
Audi,S5 Premium Plus,2025,"4,754 mi.",Gasoline,6 Cyl,Automatic,Gray,Unknown,None reported,Yes,"$42,200",carfax_rebrowser_sample_oneprice,2026-05-02,Hatchback,23.0
Toyota,Prius XLE,2025,"15,237 mi.",Hybrid,4 Cyl,Automatic,Black,Black,None reported,Yes,"$31,080",carfax_rebrowser_sample_oneprice,2026-05-02,Hatchback,52.0
Audi,A5 Premium,2025,"34,911 mi.",Gasoline,4 Cyl,Automatic,Gray,Black,None reported,Yes,"$33,020",carfax_rebrowser_sample_oneprice,2026-05-02,Hatchback,26.0
Audi,A5 Premium,2025,"35,833 mi.",Gasoline,4 Cyl,Automatic,White,Black,None reported,Yes,"$31,760",carfax_rebrowser_sample_oneprice,2026-05-02,Hatchback,26.0
Honda,Civic Type R,2025,"8,377 mi.",Gasoline,4 Cyl,Manual,White,Black,None reported,Yes,"$37,510",carfax_rebrowser_sample_oneprice,2026-05-02,Hatchback,24.0
Toyota,Prius Limited,2025,"2,126 mi.",Hybrid,4 Cyl,Automatic,Black,Black,None reported,Yes,"$33,470",carfax_rebrowser_sample_oneprice,2026-05-02,Hatchback,57.0
Volkswagen,GTI SE,2025,"2,404 mi.",Gasoline,4 Cyl,Automatic,Black,Black,None reported,Yes,"$36,070",carfax_rebrowser_sample_oneprice,2026-05-02,Hatchback,27.0
Audi,A5 Premium Plus,2025,"7,496 mi.",Gasoline,4 Cyl,Automatic,Gray,Brown,None reported,Yes,"$45,760",carfax_rebrowser_sample_oneprice,2026-05-02,Hatchback,26.0
Mazda,Mazda3 Carbon Turbo,2025,"5,263 mi.",Gasoline,4 Cyl,Automatic,Beige,Red,None reported,Yes,"$28,210",carfax_rebrowser_sample_oneprice,2026-05-02,Hatchback,26.0
Audi,A5 Premium,2025,"27,465 mi.",Gasoline,4 Cyl,Automatic,Black,Unknown,None reported,Yes,"$33,480",carfax_rebrowser_sample_oneprice,2026-05-02,Hatchback,26.0
Honda,Civic Sport,2025,"5,850 mi.",Hybrid,4 Cyl,Automatic,White,Gray,None reported,Yes,"$29,170",carfax_rebrowser_sample_oneprice,2026-05-02,Hatchback,48.0
Honda,Civic Sport,2025,"2,585 mi.",Hybrid,4 Cyl,Automatic,Gray,Gray,None reported,Yes,"$31,020",carfax_rebrowser_sample_oneprice,2026-05-02,Hatchback,48.0
Audi,A5 Premium,2025,"31,863 mi.",Gasoline,4 Cyl,Automatic,White,Black,None reported,Yes,"$32,110",carfax_rebrowser_sample_oneprice,2026-05-02,Hatchback,26.0
Honda,Civic Sport Touring,2025,"11,692 mi.",Hybrid,4 Cyl,Automatic,White,Gray,None reported,Yes,"$30,200",carfax_rebrowser_sample_oneprice,2026-05-02,Hatchback,48.0
Toyota,Prius XLE,2025,"16,865 mi.",Hybrid,4 Cyl,Automatic,Gray,Gray,None reported,Yes,"$32,480",carfax_rebrowser_sample_oneprice,2026-05-02,Hatchback,49.0
Toyota,Prius Plug-in XSE,2025,"6,384 mi.",Hybrid,4 Cyl,Automatic,Unknown,Black,None reported,Yes,"$33,720",carfax_rebrowser_sample_oneprice,2026-05-02,Hatchback,48.0
Honda,Civic Sport Touring,2025,"32,006 mi.",Hybrid,4 Cyl,Automatic,White,White,None reported,Yes,"$28,960",carfax_rebrowser_sample_oneprice,2026-05-02,Hatchback,48.0
Toyota,Prius Plug-in XSE,2025,"8,150 mi.",Hybrid,4 Cyl,Automatic,Red,Black,None reported,Yes,"$32,900",carfax_rebrowser_sample_oneprice,2026-05-02,Hatchback,48.0
Toyota,GR Corolla Premium,2025,"11,052 mi.",Gasoline,3 Cyl,Manual,Black,Black,None reported,Yes,"$41,230",carfax_rebrowser_sample_oneprice,2026-05-02,Hatchback,24.0
Honda,Civic Type R,2025,"38,051 mi.",Gasoline,4 Cyl,Manual,Blue,Black,None reported,Yes,"$41,840",carfax_rebrowser_sample_oneprice,2026-05-02,Hatchback,24.0
Audi,A5 Premium,2025,"36,756 mi.",Gasoline,4 Cyl,Automatic,White,Black,None reported,Yes,"$31,100",carfax_rebrowser_sample_oneprice,2026-05-02,Hatchback,26.0
Audi,A5 Premium,2025,"34,598 mi.",Gasoline,4 Cyl,Automatic,White,Black,None reported,Yes,"$31,870",carfax_rebrowser_sample_oneprice,2026-05-02,Hatchback,26.0
Honda,Civic Sport,2025,"8,507 mi.",Hybrid,4 Cyl,Automatic,Gray,Black,None reported,Yes,"$28,810",carfax_rebrowser_sample_oneprice,2026-05-02,Hatchback,48.0
Audi,A5 Premium,2025,"29,795 mi.",Gasoline,4 Cyl,Automatic,White,Black,None reported,Yes,"$31,760",carfax_rebrowser_sample_oneprice,2026-05-02,Hatchback,26.0
Toyota,Prius XLE,2025,"16,441 mi.",Hybrid,4 Cyl,Automatic,Black,Black,None reported,Yes,"$31,040",carfax_rebrowser_sample_oneprice,2026-05-02,Hatchback,52.0
Mazda,Mazda3 Carbon Turbo,2025,"7,579 mi.",Gasoline,4 Cyl,Automatic,Beige,Red,None reported,Yes,"$31,520",carfax_rebrowser_sample_oneprice,2026-05-02,Hatchback,26.0
Toyota,Prius Nightshade Edition,2025,"22,577 mi.",Hybrid,4 Cyl,Automatic,Black,Black,None reported,Yes,"$31,920",carfax_rebrowser_sample_oneprice,2026-05-02,Hatchback,57.0
Audi,A5 Premium,2025,"34,754 mi.",Gasoline,4 Cyl,Automatic,Black,Unknown,None reported,Yes,"$33,010",carfax_rebrowser_sample_oneprice,2026-05-02,Hatchback,26.0
Toyota,GR Corolla Premium,2025,"8,758 mi.",Gasoline,3 Cyl,Manual,Gray,Black,None reported,Yes,"$42,260",carfax_rebrowser_sample_oneprice,2026-05-02,Hatchback,24.0
Honda,Civic Sport Touring,2025,"7,760 mi.",Hybrid,4 Cyl,Automatic,White,Black,None reported,Yes,"$30,890",carfax_rebrowser_sample_oneprice,2026-05-02,Hatchback,48.0
Audi,A5 Premium,2025,"25,880 mi.",Gasoline,4 Cyl,Automatic,White,Black,None reported,Yes,"$34,280",carfax_rebrowser_sample_oneprice,2026-05-02,Hatchback,26.0
Honda,Civic Sport Touring,2025,"5,006 mi.",Hybrid,4 Cyl,Automatic,Black,Black,None reported,Yes,"$30,670",carfax_rebrowser_sample_oneprice,2026-05-02,Hatchback,48.0
Honda,Civic Sport Touring,2025,"7,859 mi.",Hybrid,4 Cyl,Automatic,White,Black,None reported,Yes,"$30,740",carfax_rebrowser_sample_oneprice,2026-05-02,Hatchback,48.0
Volkswagen,GTI S,2025,"2,664 mi.",Gasoline,4 Cyl,Automatic,White,Black,None reported,Yes,"$31,670",carfax_rebrowser_sample_oneprice,2026-05-02,Hatchback,27.0
Honda,Civic Sport Touring,2025,"10,495 mi.",Hybrid,4 Cyl,Automatic,Black,Black,None reported,Yes,"$29,990",carfax_rebrowser_sample_oneprice,2026-05-02,Hatchback,48.0
Toyota,GR Corolla Core,2025,"4,660 mi.",Gasoline,3 Cyl,Automatic,Unknown,Black,None reported,Yes,"$38,320",carfax_rebrowser_sample_oneprice,2026-05-02,Hatchback,22.0
Mazda,Mazda3 Carbon Turbo,2025,"2,095 mi.",Gasoline,4 Cyl,Automatic,Beige,Red,None reported,Yes,"$31,110",carfax_rebrowser_sample_oneprice,2026-05-02,Hatchback,26.0
Toyota,Prius XLE,2025,"11,465 mi.",Hybrid,4 Cyl,Automatic,Gray,Black,None reported,Yes,"$29,770",carfax_rebrowser_sample_oneprice,2026-05-02,Hatchback,52.0
Toyota,Corolla XSE,2025,"9,271 mi.",Gasoline,4 Cyl,Automatic,Unknown,Black,None reported,Yes,"$28,030",carfax_rebrowser_sample_oneprice,2026-05-02,Hatchback,33.0
Toyota,Prius Nightshade Edition,2025,"13,752 mi.",Hybrid,4 Cyl,Automatic,White,Black,None reported,Yes,"$33,670",carfax_rebrowser_sample_oneprice,2026-05-02,Hatchback,
Mazda,Mazda3 Turbo,2025,"18,281 mi.",Gasoline,4 Cyl,Automatic,White,Black,None reported,Yes,"$30,320",carfax_rebrowser_sample_oneprice,2026-05-02,Hatchback,26.0
Audi,A5 Premium,2025,"25,945 mi.",Gasoline,4 Cyl,Automatic,Black,Unknown,None reported,Yes,"$33,990",carfax_rebrowser_sample_oneprice,2026-05-02,Hatchback,26.0
Toyota,Prius Limited,2025,"12,541 mi.",Hybrid,4 Cyl,Automatic,Gray,Black,None reported,Yes,"$32,740",carfax_rebrowser_sample_oneprice,2026-05-02,Hatchback,57.0
Toyota,Prius Limited,2025,"9,414 mi.",Hybrid,4 Cyl,Automatic,Unknown,Black,None reported,Yes,"$32,360",carfax_rebrowser_sample_oneprice,2026-05-02,Hatchback,57.0
Toyota,GR Corolla Core,2025,"6,934 mi.",Gasoline,3 Cyl,Manual,Black,Black,None reported,Yes,"$39,020",carfax_rebrowser_sample_oneprice,2026-05-02,Hatchback,24.0
Toyota,Prius Nightshade Edition,2025,"14,037 mi.",Hybrid,4 Cyl,Automatic,Unknown,Black,None reported,Yes,"$32,390",carfax_rebrowser_sample_oneprice,2026-05-02,Hatchback,57.0
Audi,A5 Premium,2025,"27,085 mi.",Gasoline,4 Cyl,Automatic,Unknown,Unknown,None reported,Yes,"$34,670",carfax_rebrowser_sample_oneprice,2026-05-02,Hatchback,26.0
Honda,Civic Type R,2025,"23,452 mi.",Gasoline,4 Cyl,Manual,Blue,Black,None reported,Yes,"$46,610",carfax_rebrowser_sample_oneprice,2026-05-02,Hatchback,24.0
Toyota,Prius Plug-in XSE,2025,"3,098 mi.",Hybrid,4 Cyl,Automatic,Silver,Black,None reported,Yes,"$37,680",carfax_rebrowser_sample_oneprice,2026-05-02,Hatchback,48.0
Honda,Civic Sport Touring,2025,"10,239 mi.",Hybrid,4 Cyl,Automatic,Blue,Gray,None reported,Yes,"$30,010",carfax_rebrowser_sample_oneprice,2026-05-02,Hatchback,48.0
Honda,Civic Sport Touring,2025,"17,658 mi.",Hybrid,4 Cyl,Automatic,Black,Black,None reported,Yes,"$30,660",carfax_rebrowser_sample_oneprice,2026-05-02,Hatchback,48.0
Mini,Cooper S,2025,"13,272 mi.",Gasoline,4 Cyl,Automatic,Yellow,Tan,None reported,Yes,"$33,010",carfax_rebrowser_sample_oneprice,2026-05-02,Hatchback,32.0
Honda,Civic Sport Touring,2025,"10,066 mi.",Hybrid,4 Cyl,Automatic,White,Gray,None reported,Yes,"$29,150",carfax_rebrowser_sample_oneprice,2026-05-02,Hatchback,48.0
Audi,A5 Premium,2025,"21,471 mi.",Gasoline,4 Cyl,Automatic,Unknown,Unknown,None reported,Yes,"$34,340",carfax_rebrowser_sample_oneprice,2026-05-02,Hatchback,26.0
Honda,Civic Sport Touring,2025,"14,160 mi.",Hybrid,4 Cyl,Automatic,Gray,Black,None reported,Yes,"$30,160",carfax_rebrowser_sample_oneprice,2026-05-02,Hatchback,48.0
Mazda,Mazda3 Turbo,2025,"13,303 mi.",Gasoline,4 Cyl,Automatic,Black,Red,None reported,Yes,"$31,110",carfax_rebrowser_sample_oneprice,2026-05-02,Hatchback,26.0
Mazda,Mazda3 Turbo,2025,"13,100 mi.",Gasoline,4 Cyl,Automatic,Black,Black,None reported,Yes,"$30,090",carfax_rebrowser_sample_oneprice,2026-05-02,Hatchback,26.0
Volkswagen,GTI S,2025,"9,425 mi.",Gasoline,4 Cyl,Automatic,Gray,Black,None reported,Yes,"$31,180",carfax_rebrowser_sample_oneprice,2026-05-02,Hatchback,27.0
Toyota,Prius Nightshade Edition,2025,"20,079 mi.",Hybrid,4 Cyl,Automatic,Black,Black,None reported,Yes,"$31,100",carfax_rebrowser_sample_oneprice,2026-05-02,Hatchback,57.0
Volkswagen,GTI SE,2025,"7,216 mi.",Gasoline,4 Cyl,Automatic,Black,Black,None reported,Yes,"$34,910",carfax_rebrowser_sample_oneprice,2026-05-02,Hatchback,27.0
Toyota,Prius Limited,2025,"9,416 mi.",Hybrid,4 Cyl,Automatic,White,Black,None reported,Yes,"$30,940",carfax_rebrowser_sample_oneprice,2026-05-02,Hatchback,57.0
Volkswagen,GTI SE,2025,"1,083 mi.",Gasoline,4 Cyl,Automatic,Blue,Unknown,None reported,Yes,"$36,120",carfax_rebrowser_sample_oneprice,2026-05-02,Hatchback,27.0
Mini,Cooper S,2025,"2,846 mi.",Gasoline,4 Cyl,Automatic,Yellow,Tan,None reported,Yes,"$31,260",carfax_rebrowser_sample_oneprice,2026-05-02,Hatchback,32.0
Honda,Civic Sport Touring,2025,"30,230 mi.",Hybrid,4 Cyl,Automatic,Gray,Black,None reported,Yes,"$28,900",carfax_rebrowser_sample_oneprice,2026-05-02,Hatchback,48.0
Honda,Civic Sport,2025,71 mi.,Gasoline,4 Cyl,Automatic,Silver,Black,None reported,Yes,"$27,990",carfax_rebrowser_sample_oneprice,2026-05-02,Hatchback,34.0
Honda,Civic Sport,2025,"2,388 mi.",Hybrid,4 Cyl,Automatic,Beige,Black,None reported,Yes,"$30,150",carfax_rebrowser_sample_oneprice,2026-05-02,Hatchback,48.0
Honda,Civic Sport Touring,2025,"8,296 mi.",Hybrid,4 Cyl,Automatic,Gray,Black,None reported,Yes,"$29,600",carfax_rebrowser_sample_oneprice,2026-05-02,Hatchback,48.0
Toyota,Prius XLE,2025,"16,301 mi.",Hybrid,4 Cyl,Automatic,Gray,Black,None reported,Yes,"$31,140",carfax_rebrowser_sample_oneprice,2026-05-02,Hatchback,52.0
Audi,A5 Premium,2025,"37,349 mi.",Gasoline,4 Cyl,Automatic,White,Gray,None reported,Yes,"$33,560",carfax_rebrowser_sample_oneprice,2026-05-02,Hatchback,26.0
Audi,A5 Premium,2025,"37,482 mi.",Gasoline,4 Cyl,Automatic,Gray,Unknown,None reported,Yes,"$31,980",carfax_rebrowser_sample_oneprice,2026-05-02,Hatchback,26.0
Honda,Civic Sport,2025,"4,719 mi.",Hybrid,4 Cyl,Automatic,White,Gray,None reported,Yes,"$29,480",carfax_rebrowser_sample_oneprice,2026-05-02,Hatchback,48.0
Toyota,Corolla XSE,2025,"8,300 mi.",Gasoline,4 Cyl,Automatic,Gray,Unknown,None reported,Yes,"$26,620",carfax_rebrowser_sample_oneprice,2026-05-02,Hatchback,33.0
Audi,A5 Premium,2025,"16,950 mi.",Gasoline,4 Cyl,Automatic,Blue,Black,None reported,Yes,"$33,920",carfax_rebrowser_sample_oneprice,2026-05-02,Hatchback,26.0
Audi,A5 Premium,2025,"7,910 mi.",Gasoline,4 Cyl,Automatic,Black,Black,None reported,Yes,"$38,430",carfax_rebrowser_sample_oneprice,2026-05-02,Hatchback,26.0
Honda,Civic Sport Touring,2025,"9,275 mi.",Hybrid,4 Cyl,Automatic,Gray,Gray,None reported,Yes,"$31,090",carfax_rebrowser_sample_oneprice,2026-05-02,Hatchback,48.0
Toyota,Prius Plug-in SE,2025,"8,959 mi.",Hybrid,4 Cyl,Automatic,White,Black,None reported,Yes,"$31,850",carfax_rebrowser_sample_oneprice,2026-05-02,Hatchback,52.0
Honda,Civic Type R,2025,"14,167 mi.",Gasoline,4 Cyl,Manual,Gray,Red,None reported,Yes,"$43,820",carfax_rebrowser_sample_oneprice,2026-05-02,Hatchback,24.0
Toyota,Corolla XSE,2025,"14,500 mi.",Gasoline,4 Cyl,Automatic,Orange,Gray,None reported,Yes,"$26,520",carfax_rebrowser_sample_oneprice,2026-05-02,Hatchback,33.0
Toyota,Prius Limited,2025,"10,605 mi.",Hybrid,4 Cyl,Automatic,Blue,Black,None reported,Yes,"$32,180",carfax_rebrowser_sample_oneprice,2026-05-02,Hatchback,57.0
Audi,A5 Premium Plus,2025,"7,650 mi.",Gasoline,4 Cyl,Automatic,Gray,Black,None reported,Yes,"$43,200",carfax_rebrowser_sample_oneprice,2026-05-02,Hatchback,26.0
Honda,Civic Sport Touring,2025,"13,909 mi.",Hybrid,4 Cyl,Automatic,White,Black,None reported,Yes,"$30,300",carfax_rebrowser_sample_oneprice,2026-05-02,Hatchback,48.0
Toyota,GR Corolla Premium,2025,"10,715 mi.",Gasoline,3 Cyl,Manual,Unknown,Black,None reported,Yes,"$42,630",carfax_rebrowser_sample_oneprice,2026-05-02,Hatchback,24.0
Mazda,Mazda3 Turbo,2025,"2,968 mi.",Gasoline,4 Cyl,Automatic,Red,Black,None reported,Yes,"$33,690",carfax_rebrowser_sample_oneprice,2026-05-02,Hatchback,26.0
Volkswagen,GTI SE,2025,"6,910 mi.",Gasoline,4 Cyl,Automatic,Gray,Unknown,None reported,Yes,"$35,000",carfax_rebrowser_sample_oneprice,2026-05-02,Hatchback,27.0
Audi,A5 Premium Plus,2025,"15,649 mi.",Gasoline,4 Cyl,Automatic,Black,Black,None reported,Yes,"$42,210",carfax_rebrowser_sample_oneprice,2026-05-02,Hatchback,26.0
Mini,Cooper S,2025,"4,305 mi.",Gasoline,4 Cyl,Automatic,White,Gray,None reported,Yes,"$32,500",carfax_rebrowser_sample_oneprice,2026-05-02,Hatchback,32.0
Audi,A5 Premium,2025,"7,275 mi.",Gasoline,4 Cyl,Automatic,Blue,Black,None reported,Yes,"$40,270",carfax_rebrowser_sample_oneprice,2026-05-02,Hatchback,26.0
Toyota,Prius Plug-in XSE,2025,"12,776 mi.",Hybrid,4 Cyl,Automatic,Black,Black,None reported,Yes,"$37,080",carfax_rebrowser_sample_oneprice,2026-05-02,Hatchback,48.0
Honda,Civic Sport Touring,2025,"5,944 mi.",Hybrid,4 Cyl,Automatic,Black,Black,None reported,Yes,"$30,490",carfax_rebrowser_sample_oneprice,2026-05-02,Hatchback,48.0
Audi,A5 Premium,2025,"12,183 mi.",Gasoline,4 Cyl,Automatic,Gray,Black,None reported,Yes,"$38,960",carfax_rebrowser_sample_oneprice,2026-05-02,Hatchback,26.0
Mini,Cooper S,2025,"7,085 mi.",Gasoline,4 Cyl,Automatic,Blue,Blue,None reported,Yes,"$35,040",carfax_rebrowser_sample_oneprice,2026-05-02,Hatchback,32.0
Mazda,Mazda3 Turbo,2025,"14,852 mi.",Gasoline,4 Cyl,Automatic,White,Red,None reported,Yes,"$32,920",carfax_rebrowser_sample_oneprice,2026-05-02,Hatchback,26.0
Toyota,Prius Plug-in SE,2025,"6,575 mi.",Hybrid,4 Cyl,Automatic,White,Unknown,None reported,Yes,"$32,630",carfax_rebrowser_sample_oneprice,2026-05-02,Hatchback,52.0
Mazda,Mazda3 Carbon Turbo,2025,"2,606 mi.",Gasoline,4 Cyl,Automatic,Beige,Red,None reported,Yes,"$32,050",carfax_rebrowser_sample_oneprice,2026-05-02,Hatchback,26.0
Mini,Cooper S,2025,"4,774 mi.",Gasoline,4 Cyl,Automatic,Yellow,Black,None reported,Yes,"$31,840",carfax_rebrowser_sample_oneprice,2026-05-02,Hatchback,32.0
Volkswagen,GTI SE,2025,"6,379 mi.",Gasoline,4 Cyl,Automatic,Silver,Black,None reported,Yes,"$35,250",carfax_rebrowser_sample_oneprice,2026-05-02,Hatchback,27.0
Toyota,GR Corolla Core,2025,"9,883 mi.",Gasoline,3 Cyl,Manual,Red,Black,None reported,Yes,"$38,480",carfax_rebrowser_sample_oneprice,2026-05-02,Hatchback,24.0
Mini,Cooper S,2025,549 mi.,Gasoline,4 Cyl,Automatic,Green,Tan,None reported,Yes,"$34,780",carfax_rebrowser_sample_oneprice,2026-05-02,Hatchback,32.0
Mini,Cooper S,2025,"6,078 mi.",Gasoline,4 Cyl,Automatic,Blue,Gray,None reported,Yes,"$32,210",carfax_rebrowser_sample_oneprice,2026-05-02,Hatchback,32.0
Toyota,Prius Plug-in XSE,2025,"11,909 mi.",Hybrid,4 Cyl,Automatic,Silver,Black,None reported,Yes,"$34,660",carfax_rebrowser_sample_oneprice,2026-05-02,Hatchback,48.0
Mini,Cooper S,2025,"13,562 mi.",Gasoline,4 Cyl,Automatic,Silver,Black,None reported,Yes,"$34,410",carfax_rebrowser_sample_oneprice,2026-05-02,Hatchback,32.0
Audi,A5 Premium,2025,"32,681 mi.",Gasoline,4 Cyl,Automatic,White,Unknown,None reported,Yes,"$33,440",carfax_rebrowser_sample_oneprice,2026-05-02,Hatchback,26.0
Volkswagen,GTI SE,2025,"10,646 mi.",Gasoline,4 Cyl,Automatic,Black,Black,None reported,Yes,"$34,020",carfax_rebrowser_sample_oneprice,2026-05-02,Hatchback,27.0
Mini,Cooper S,2025,"1,765 mi.",Gasoline,4 Cyl,Automatic,Silver,Blue,None reported,Yes,"$30,630",carfax_rebrowser_sample_oneprice,2026-05-02,Hatchback,32.0
Audi,A5 Premium,2025,"26,900 mi.",Gasoline,4 Cyl,Automatic,White,Unknown,None reported,Yes,"$35,660",carfax_rebrowser_sample_oneprice,2026-05-02,Hatchback,26.0
Volkswagen,GTI SE,2025,"13,756 mi.",Gasoline,4 Cyl,Automatic,Black,Black,None reported,Yes,"$33,710",carfax_rebrowser_sample_oneprice,2026-05-02,Hatchback,27.0
Audi,A5 Premium,2025,"40,970 mi.",Gasoline,4 Cyl,Automatic,White,Black,None reported,Yes,"$32,510",carfax_rebrowser_sample_oneprice,2026-05-02,Hatchback,26.0
Toyota,GR Corolla Premium,2025,"4,690 mi.",Gasoline,3 Cyl,Manual,White,Black,None reported,Yes,"$41,230",carfax_rebrowser_sample_oneprice,2026-05-02,Hatchback,24.0
Toyota,Prius LE,2025,"4,564 mi.",Hybrid,4 Cyl,Automatic,Blue,Black,None reported,Yes,"$31,350",carfax_rebrowser_sample_oneprice,2026-05-02,Hatchback,
Toyota,Prius Plug-in SE,2025,"6,666 mi.",Hybrid,4 Cyl,Automatic,White,Black,None reported,Yes,"$31,940",carfax_rebrowser_sample_oneprice,2026-05-02,Hatchback,52.0
Toyota,Prius Nightshade Edition,2025,"16,601 mi.",Hybrid,4 Cyl,Automatic,Unknown,Black,None reported,Yes,"$33,090",carfax_rebrowser_sample_oneprice,2026-05-02,Hatchback,
Volkswagen,GTI SE,2025,"7,121 mi.",Gasoline,4 Cyl,Automatic,Black,Black,None reported,Yes,"$35,850",carfax_rebrowser_sample_oneprice,2026-05-02,Hatchback,27.0
Toyota,Prius Nightshade Edition,2025,"13,962 mi.",Hybrid,4 Cyl,Automatic,White,Black,None reported,Yes,"$34,090",carfax_rebrowser_sample_oneprice,2026-05-02,Hatchback,
Mazda,Mazda3 Turbo,2025,"4,851 mi.",Gasoline,4 Cyl,Automatic,Gray,Red,None reported,Yes,"$32,900",carfax_rebrowser_sample_oneprice,2026-05-02,Hatchback,26.0
Honda,Civic Sport Touring,2025,"9,649 mi.",Hybrid,4 Cyl,Automatic,White,Black,None reported,Yes,"$30,820",carfax_rebrowser_sample_oneprice,2026-05-02,Hatchback,48.0
Volkswagen,GTI Autobahn,2025,"8,146 mi.",Gasoline,4 Cyl,Automatic,Blue,Black,None reported,Yes,"$38,550",carfax_rebrowser_sample_oneprice,2026-05-02,Hatchback,27.0
Volkswagen,GTI SE,2025,"9,641 mi.",Gasoline,4 Cyl,Automatic,Black,Black,None reported,Yes,"$34,220",carfax_rebrowser_sample_oneprice,2026-05-02,Hatchback,27.0
Honda,Civic Sport Touring,2025,"14,863 mi.",Hybrid,4 Cyl,Automatic,Black,Black,None reported,Yes,"$29,920",carfax_rebrowser_sample_oneprice,2026-05-02,Hatchback,48.0
Audi,A5 Premium,2025,"9,231 mi.",Gasoline,4 Cyl,Automatic,Gray,Black,None reported,Yes,"$40,430",carfax_rebrowser_sample_oneprice,2026-05-02,Hatchback,26.0
Volkswagen,GTI SE,2025,"24,323 mi.",Gasoline,4 Cyl,Automatic,Gray,Black,None reported,Yes,"$33,690",carfax_rebrowser_sample_oneprice,2026-05-02,Hatchback,27.0
Toyota,GR Corolla Premium,2025,823 mi.,Gasoline,3 Cyl,Automatic,Gray,Black,None reported,Yes,"$44,530",carfax_rebrowser_sample_oneprice,2026-05-02,Hatchback,22.0
Toyota,Prius XLE,2025,"7,875 mi.",Hybrid,4 Cyl,Automatic,Silver,Black,None reported,Yes,"$33,420",carfax_rebrowser_sample_oneprice,2026-05-02,Hatchback,49.0
Audi,A5 Premium Plus,2024,"60,467 mi.",Gasoline,4 Cyl,Automatic,Gray,Unknown,None reported,Yes,"$29,610",carfax_rebrowser_sample_oneprice,2026-05-02,Hatchback,27.0
Honda,Civic LX,2024,"16,463 mi.",Gasoline,4 Cyl,Automatic,Unknown,Black,None reported,Yes,"$24,300",carfax_rebrowser_sample_oneprice,2026-05-02,Hatchback,32.0
Honda,Civic EXL,2024,"25,000 mi.",Gasoline,4 Cyl,Automatic,Purple,Black,None reported,Yes,"$26,030",carfax_rebrowser_sample_oneprice,2026-05-02,Hatchback,33.0
Honda,Civic Sport,2024,"20,443 mi.",Gasoline,4 Cyl,Automatic,Black,Black,None reported,Yes,"$26,680",carfax_rebrowser_sample_oneprice,2026-05-02,Hatchback,32.0
Honda,Civic Sport,2024,"53,313 mi.",Gasoline,4 Cyl,Automatic,Silver,Gray,None reported,Yes,"$24,550",carfax_rebrowser_sample_oneprice,2026-05-02,Hatchback,32.0
Mazda,Mazda3 Select Sport,2024,"51,587 mi.",Gasoline,4 Cyl,Automatic,Black,Black,None reported,Yes,"$20,310",carfax_rebrowser_sample_oneprice,2026-05-02,Hatchback,30.0
Nissan,Leaf SV,2024,"17,723 mi.",Electric,Electric,Automatic,White,Black,None reported,Yes,"$18,300",carfax_rebrowser_sample_oneprice,2026-05-02,Hatchback,109.0
Mini,Cooper,2024,"15,509 mi.",Gasoline,3 Cyl,Automatic,Red,Black,None reported,Yes,"$26,110",carfax_rebrowser_sample_oneprice,2026-05-02,Hatchback,32.0
Nissan,Leaf SV,2024,"10,979 mi.",Electric,Electric,Automatic,Gray,Black,None reported,Yes,"$18,830",carfax_rebrowser_sample_oneprice,2026-05-02,Hatchback,109.0
Mini,Cooper SE,2024,"21,296 mi.",Electric,Electric,Automatic,Green,Unknown,None reported,Yes,"$23,290",carfax_rebrowser_sample_oneprice,2026-05-02,Hatchback,
Nissan,Leaf SV,2024,"17,712 mi.",Electric,Electric,Automatic,Black,Black,None reported,Yes,"$18,660",carfax_rebrowser_sample_oneprice,2026-05-02,Hatchback,109.0
Nissan,Leaf SV,2024,"2,322 mi.",Electric,Electric,Automatic,White,Black,None reported,Yes,"$20,250",carfax_rebrowser_sample_oneprice,2026-05-02,Hatchback,109.0
Nissan,Leaf SV,2024,"35,021 mi.",Electric,Electric,Automatic,Gray,Black,None reported,Yes,"$17,100",carfax_rebrowser_sample_oneprice,2026-05-02,Hatchback,109.0
Nissan,Leaf SV,2024,"23,494 mi.",Electric,Electric,Automatic,Gray,Black,None reported,Yes,"$18,660",carfax_rebrowser_sample_oneprice,2026-05-02,Hatchback,109.0
Honda,Civic Sport,2024,"12,204 mi.",Gasoline,4 Cyl,Automatic,Black,Black,None reported,Yes,"$25,650",carfax_rebrowser_sample_oneprice,2026-05-02,Hatchback,32.0
Mazda,Mazda3 Select Sport,2024,"9,404 mi.",Gasoline,4 Cyl,Automatic,Blue,Black,None reported,Yes,"$21,870",carfax_rebrowser_sample_oneprice,2026-05-02,Hatchback,30.0
Toyota,Corolla SE,2024,"25,284 mi.",Gasoline,4 Cyl,Automatic,Black,Black,None reported,Yes,"$23,670",carfax_rebrowser_sample_oneprice,2026-05-02,Hatchback,35.0
Honda,Civic EXL,2024,"12,570 mi.",Gasoline,4 Cyl,Automatic,Black,Black,None reported,Yes,"$26,020",carfax_rebrowser_sample_oneprice,2026-05-02,Hatchback,33.0
Mini,Cooper S,2024,"6,700 mi.",Gasoline,4 Cyl,Automatic,Silver,Brown,None reported,Yes,"$29,540",carfax_rebrowser_sample_oneprice,2026-05-02,Hatchback,31.0
Honda,Civic Sport,2024,"10,446 mi.",Gasoline,4 Cyl,Automatic,Black,Black,None reported,Yes,"$26,550",carfax_rebrowser_sample_oneprice,2026-05-02,Hatchback,32.0
Toyota,Corolla SE,2024,"16,483 mi.",Gasoline,4 Cyl,Automatic,Black,Black,None reported,Yes,"$23,510",carfax_rebrowser_sample_oneprice,2026-05-02,Hatchback,35.0
Honda,Civic LX,2024,"90,034 mi.",Gasoline,4 Cyl,Automatic,Black,Black,None reported,Yes,"$20,850",carfax_rebrowser_sample_oneprice,2026-05-02,Hatchback,32.0
Nissan,Leaf S,2024,"17,611 mi.",Electric,Electric,Automatic,Black,Black,None reported,Yes,"$16,120",carfax_rebrowser_sample_oneprice,2026-05-02,Hatchback,111.0
Honda,Civic EXL,2024,"6,627 mi.",Gasoline,4 Cyl,Automatic,Black,Black,None reported,Yes,"$26,660",carfax_rebrowser_sample_oneprice,2026-05-02,Hatchback,33.0
Mini,Cooper John Cooper Works,2024,"27,648 mi.",Gasoline,4 Cyl,Automatic,Green,Black,None reported,Yes,"$33,950",carfax_rebrowser_sample_oneprice,2026-05-02,Hatchback,29.0
Honda,Civic Sport Touring,2024,"18,473 mi.",Gasoline,4 Cyl,Automatic,Gray,Black,None reported,Yes,"$28,330",carfax_rebrowser_sample_oneprice,2026-05-02,Hatchback,33.0
Volkswagen,GTI S,2024,"39,202 mi.",Gasoline,4 Cyl,Automatic,Blue,Black,None reported,Yes,"$26,630",carfax_rebrowser_sample_oneprice,2026-05-02,Hatchback,27.0
Mini,Cooper S,2024,"29,732 mi.",Gasoline,4 Cyl,Automatic,Green,Black,None reported,Yes,"$27,040",carfax_rebrowser_sample_oneprice,2026-05-02,Hatchback,31.0
Honda,Civic EXL,2024,"2,997 mi.",Gasoline,4 Cyl,Automatic,White,Black,None reported,Yes,"$26,690",carfax_rebrowser_sample_oneprice,2026-05-02,Hatchback,33.0
Honda,Civic Sport,2024,"33,326 mi.",Gasoline,4 Cyl,Automatic,Blue,Unknown,None reported,Yes,"$24,550",carfax_rebrowser_sample_oneprice,2026-05-02,Hatchback,32.0
Honda,Civic Sport,2024,"14,714 mi.",Gasoline,4 Cyl,Automatic,Silver,Black,None reported,Yes,"$25,690",carfax_rebrowser_sample_oneprice,2026-05-02,Hatchback,32.0
Mazda,Mazda3 Select Sport,2024,"33,761 mi.",Gasoline,4 Cyl,Automatic,Blue,Black,None reported,Yes,"$21,050",carfax_rebrowser_sample_oneprice,2026-05-02,Hatchback,30.0
Honda,Civic EXL,2024,"31,192 mi.",Gasoline,4 Cyl,Automatic,White,Black,None reported,Yes,"$26,250",carfax_rebrowser_sample_oneprice,2026-05-02,Hatchback,33.0
Toyota,Prius Prime XSE,2024,"50,046 mi.",Hybrid,4 Cyl,Automatic,Silver,Black,None reported,Yes,"$29,920",carfax_rebrowser_sample_oneprice,2026-05-02,Hatchback,48.0
Honda,Civic Sport,2024,"9,189 mi.",Gasoline,4 Cyl,Automatic,Red,Gray,None reported,Yes,"$25,420",carfax_rebrowser_sample_oneprice,2026-05-02,Hatchback,32.0
Honda,Civic EXL,2024,"21,595 mi.",Gasoline,4 Cyl,Automatic,Silver,Black,None reported,Yes,"$25,660",carfax_rebrowser_sample_oneprice,2026-05-02,Hatchback,33.0
Honda,Civic EXL,2024,"43,851 mi.",Gasoline,4 Cyl,Automatic,White,Black,None reported,Yes,"$24,750",carfax_rebrowser_sample_oneprice,2026-05-02,Hatchback,33.0
Mazda,Mazda3 Turbo,2024,"20,390 mi.",Gasoline,4 Cyl,Automatic,White,Black,None reported,Yes,"$28,600",carfax_rebrowser_sample_oneprice,2026-05-02,Hatchback,26.0
Honda,Civic EXL,2024,"11,121 mi.",Gasoline,4 Cyl,Automatic,White,Black,None reported,Yes,"$27,010",carfax_rebrowser_sample_oneprice,2026-05-02,Hatchback,33.0
Mini,Cooper,2024,"17,404 mi.",Gasoline,3 Cyl,Automatic,Blue,Black,None reported,Yes,"$25,490",carfax_rebrowser_sample_oneprice,2026-05-02,Hatchback,32.0
Mini,Cooper S,2024,"39,295 mi.",Gasoline,4 Cyl,Automatic,Black,Black,None reported,Yes,"$23,520",carfax_rebrowser_sample_oneprice,2026-05-02,Hatchback,31.0
Honda,Civic Sport,2024,"30,565 mi.",Gasoline,4 Cyl,Automatic,Black,Black,None reported,Yes,"$24,490",carfax_rebrowser_sample_oneprice,2026-05-02,Hatchback,32.0
Mini,Cooper S,2024,"15,903 mi.",Gasoline,4 Cyl,Automatic,Green,Black,None reported,Yes,"$28,980",carfax_rebrowser_sample_oneprice,2026-05-02,Hatchback,31.0
Mini,Cooper SE,2024,"13,040 mi.",Electric,Electric,Automatic,Blue,Black,None reported,Yes,"$23,690",carfax_rebrowser_sample_oneprice,2026-05-02,Hatchback,
Honda,Civic Sport,2024,"113,313 mi.",Gasoline,4 Cyl,Automatic,White,Black,None reported,Yes,"$21,900",carfax_rebrowser_sample_oneprice,2026-05-02,Hatchback,32.0
Honda,Civic EXL,2024,"33,488 mi.",Gasoline,4 Cyl,Automatic,Black,Black,None reported,Yes,"$24,660",carfax_rebrowser_sample_oneprice,2026-05-02,Hatchback,33.0
Honda,Civic EXL,2024,"38,765 mi.",Gasoline,4 Cyl,Automatic,White,Black,None reported,Yes,"$25,700",carfax_rebrowser_sample_oneprice,2026-05-02,Hatchback,33.0
Honda,Civic Sport Touring,2024,"25,606 mi.",Gasoline,4 Cyl,Automatic,Gray,Black,None reported,Yes,"$27,390",carfax_rebrowser_sample_oneprice,2026-05-02,Hatchback,33.0
Mazda,Mazda3 Carbon Turbo,2024,"21,613 mi.",Gasoline,4 Cyl,Automatic,Beige,Unknown,None reported,Yes,"$27,100",carfax_rebrowser_sample_oneprice,2026-05-02,Hatchback,26.0
Mazda,Mazda3 Preferred,2024,"34,715 mi.",Gasoline,4 Cyl,Automatic,Black,Black,None reported,Yes,"$21,740",carfax_rebrowser_sample_oneprice,2026-05-02,Hatchback,30.0
Fiat,500e,2024,"8,166 mi.",Electric,Electric,Automatic,Red,Black,None reported,Yes,"$18,760",carfax_rebrowser_sample_oneprice,2026-05-02,Hatchback,116.0
Toyota,Prius Limited,2024,"35,389 mi.",Hybrid,4 Cyl,Automatic,Unknown,Black,None reported,Yes,"$31,070",carfax_rebrowser_sample_oneprice,2026-05-02,Hatchback,57.0
Honda,Civic Sport,2024,"29,528 mi.",Gasoline,4 Cyl,Automatic,Black,Black,None reported,Yes,"$27,330",carfax_rebrowser_sample_oneprice,2026-05-02,Hatchback,32.0
Mitsubishi,Mirage ES,2024,"20,729 mi.",Gasoline,3 Cyl,Automatic,Blue,Black,None reported,Yes,"$14,870",carfax_rebrowser_sample_oneprice,2026-05-02,Hatchback,39.0
Toyota,Corolla SE,2024,"20,895 mi.",Gasoline,4 Cyl,Automatic,White,Black,None reported,Yes,"$23,960",carfax_rebrowser_sample_oneprice,2026-05-02,Hatchback,35.0
Honda,Civic Sport Touring,2024,"9,967 mi.",Gasoline,4 Cyl,Automatic,Blue,Black,None reported,Yes,"$27,970",carfax_rebrowser_sample_oneprice,2026-05-02,Hatchback,33.0
Mazda,Mazda3 Carbon Edition,2024,"36,071 mi.",Gasoline,4 Cyl,Automatic,Gray,Red,None reported,Yes,"$23,920",carfax_rebrowser_sample_oneprice,2026-05-02,Hatchback,29.0
Toyota,Corolla SE,2024,"28,683 mi.",Gasoline,4 Cyl,Automatic,Silver,Black,None reported,Yes,"$22,740",carfax_rebrowser_sample_oneprice,2026-05-02,Hatchback,35.0
Honda,Civic EXL,2024,"26,874 mi.",Gasoline,4 Cyl,Automatic,White,Gray,None reported,Yes,"$25,500",carfax_rebrowser_sample_oneprice,2026-05-02,Hatchback,33.0
Mazda,Mazda3 Premium,2024,"13,513 mi.",Gasoline,4 Cyl,Manual,White,Black,None reported,Yes,"$26,080",carfax_rebrowser_sample_oneprice,2026-05-02,Hatchback,30.0
Honda,Civic Sport,2024,"17,645 mi.",Gasoline,4 Cyl,Automatic,White,Black,None reported,Yes,"$24,300",carfax_rebrowser_sample_oneprice,2026-05-02,Hatchback,32.0
Honda,Civic Sport,2024,"21,036 mi.",Gasoline,4 Cyl,Automatic,Blue,Gray,None reported,Yes,"$25,140",carfax_rebrowser_sample_oneprice,2026-05-02,Hatchback,32.0
Hyundai,Tucson SEL,2024,"10,155 mi.",Gasoline,4 Cyl,Automatic,Red,Gray,None reported,Yes,"$26,740",carfax_rebrowser_sample_oneprice,2026-05-02,SUV,25.0
Volkswagen,GTI S,2024,"34,774 mi.",Gasoline,4 Cyl,Automatic,Black,Black,None reported,Yes,"$25,470",carfax_rebrowser_sample_oneprice,2026-05-02,Hatchback,27.0
Mini,Cooper,2024,"21,849 mi.",Gasoline,3 Cyl,Automatic,White,Black,None reported,Yes,"$23,700",carfax_rebrowser_sample_oneprice,2026-05-02,Hatchback,32.0
Honda,Civic LX,2024,"8,704 mi.",Gasoline,4 Cyl,Automatic,White,Black,None reported,Yes,"$23,440",carfax_rebrowser_sample_oneprice,2026-05-02,Hatchback,32.0
Honda,Civic Sport,2024,"63,936 mi.",Gasoline,4 Cyl,Automatic,Black,Black,None reported,Yes,"$22,730",carfax_rebrowser_sample_oneprice,2026-05-02,Hatchback,32.0
Mini,Cooper,2024,"17,862 mi.",Gasoline,3 Cyl,Automatic,Silver,Black,None reported,Yes,"$24,360",carfax_rebrowser_sample_oneprice,2026-05-02,Hatchback,32.0
Mazda,Mazda3 Carbon Edition,2024,"26,342 mi.",Gasoline,4 Cyl,Automatic,Gray,Red,None reported,Yes,"$23,990",carfax_rebrowser_sample_oneprice,2026-05-02,Hatchback,29.0
Honda,Civic EXL,2024,"11,080 mi.",Gasoline,4 Cyl,Automatic,Purple,Black,None reported,Yes,"$26,490",carfax_rebrowser_sample_oneprice,2026-05-02,Hatchback,33.0
Mazda,Mazda3 Preferred,2024,"26,950 mi.",Gasoline,4 Cyl,Automatic,Blue,Black,None reported,Yes,"$22,060",carfax_rebrowser_sample_oneprice,2026-05-02,Hatchback,30.0
Volkswagen,GTI 380 S,2024,"21,558 mi.",Gasoline,4 Cyl,Manual,Silver,Black,None reported,Yes,"$29,870",carfax_rebrowser_sample_oneprice,2026-05-02,Hatchback,27.0
Mini,Cooper,2024,"5,880 mi.",Gasoline,3 Cyl,Automatic,White,Black,None reported,Yes,"$24,510",carfax_rebrowser_sample_oneprice,2026-05-02,Hatchback,32.0
Toyota,Prius Limited,2024,"18,900 mi.",Hybrid,4 Cyl,Automatic,Silver,Black,None reported,Yes,"$29,830",carfax_rebrowser_sample_oneprice,2026-05-02,Hatchback,57.0
Honda,Civic Sport,2024,"19,631 mi.",Gasoline,4 Cyl,Automatic,Gray,Black,None reported,Yes,"$24,760",carfax_rebrowser_sample_oneprice,2026-05-02,Hatchback,32.0
Honda,Civic Sport,2024,"12,030 mi.",Gasoline,4 Cyl,Automatic,Gray,Black,None reported,Yes,"$25,190",carfax_rebrowser_sample_oneprice,2026-05-02,Hatchback,32.0
Mazda,Mazda3 Turbo,2024,"32,192 mi.",Gasoline,4 Cyl,Automatic,White,Black,None reported,Yes,"$26,710",carfax_rebrowser_sample_oneprice,2026-05-02,Hatchback,26.0
Volkswagen,GTI 380 S,2024,"17,632 mi.",Gasoline,4 Cyl,Manual,Blue,Black,None reported,Yes,"$29,580",carfax_rebrowser_sample_oneprice,2026-05-02,Hatchback,27.0
Honda,Civic EXL,2024,"33,556 mi.",Gasoline,4 Cyl,Automatic,Unknown,Unknown,None reported,Yes,"$26,690",carfax_rebrowser_sample_oneprice,2026-05-02,Hatchback,33.0
Honda,Civic EXL,2024,"41,641 mi.",Gasoline,4 Cyl,Automatic,White,Black,None reported,Yes,"$27,450",carfax_rebrowser_sample_oneprice,2026-05-02,Hatchback,33.0
Toyota,Prius XLE,2024,"77,342 mi.",Hybrid,4 Cyl,Automatic,Silver,Unknown,None reported,Yes,"$25,640",carfax_rebrowser_sample_oneprice,2026-05-02,Hatchback,52.0
Mitsubishi,Mirage Ralliart,2024,"27,585 mi.",Gasoline,3 Cyl,Automatic,White,Black,None reported,Yes,"$16,480",carfax_rebrowser_sample_oneprice,2026-05-02,Hatchback,39.0
Honda,Civic Sport Touring,2024,"26,800 mi.",Gasoline,4 Cyl,Automatic,White,Unknown,None reported,Yes,"$29,750",carfax_rebrowser_sample_oneprice,2026-05-02,Hatchback,33.0
Toyota,Prius LE,2024,"57,996 mi.",Hybrid,4 Cyl,Automatic,Silver,Gray,None reported,Yes,"$25,110",carfax_rebrowser_sample_oneprice,2026-05-02,Hatchback,57.0
Toyota,Prius LE,2024,"49,307 mi.",Hybrid,4 Cyl,Automatic,White,Black,None reported,Yes,"$25,280",carfax_rebrowser_sample_oneprice,2026-05-02,Hatchback,57.0
Toyota,Prius XLE,2024,"35,529 mi.",Hybrid,4 Cyl,Automatic,Black,Black,None reported,Yes,"$29,400",carfax_rebrowser_sample_oneprice,2026-05-02,Hatchback,52.0
Honda,Civic LX,2024,"24,580 mi.",Gasoline,4 Cyl,Automatic,Gray,Black,None reported,Yes,"$23,660",carfax_rebrowser_sample_oneprice,2026-05-02,Hatchback,32.0
Mazda,Mazda3 Carbon Edition,2024,"21,804 mi.",Gasoline,4 Cyl,Automatic,Gray,Red,None reported,Yes,"$25,700",carfax_rebrowser_sample_oneprice,2026-05-02,Hatchback,29.0
Toyota,Corolla XSE,2024,"29,486 mi.",Gasoline,4 Cyl,Automatic,Silver,Black,None reported,Yes,"$25,260",carfax_rebrowser_sample_oneprice,2026-05-02,Hatchback,33.0
Honda,Civic EXL,2024,"24,104 mi.",Gasoline,4 Cyl,Automatic,Gray,Black,None reported,Yes,"$26,520",carfax_rebrowser_sample_oneprice,2026-05-02,Hatchback,33.0
Fiat,500e,2024,"5,336 mi.",Electric,Electric,Automatic,Red,Black,None reported,Yes,"$19,010",carfax_rebrowser_sample_oneprice,2026-05-02,Hatchback,116.0
Toyota,Prius LE,2024,"30,801 mi.",Hybrid,4 Cyl,Automatic,Gray,Gray,None reported,Yes,"$29,470",carfax_rebrowser_sample_oneprice,2026-05-02,Hatchback,57.0
Volkswagen,GTI S,2024,"34,046 mi.",Gasoline,4 Cyl,Automatic,Gray,Black,None reported,Yes,"$27,170",carfax_rebrowser_sample_oneprice,2026-05-02,Hatchback,27.0
Mini,Cooper SE,2024,"31,626 mi.",Electric,Electric,Automatic,Green,Black,None reported,Yes,"$20,480",carfax_rebrowser_sample_oneprice,2026-05-02,Hatchback,
Honda,Civic Sport,2024,"16,828 mi.",Gasoline,4 Cyl,Automatic,Blue,Black,None reported,Yes,"$26,390",carfax_rebrowser_sample_oneprice,2026-05-02,Hatchback,32.0
Honda,Civic Sport,2024,"37,004 mi.",Gasoline,4 Cyl,Automatic,Blue,Black,None reported,Yes,"$25,290",carfax_rebrowser_sample_oneprice,2026-05-02,Hatchback,32.0
Honda,Civic EXL,2024,"21,328 mi.",Gasoline,4 Cyl,Automatic,Black,Black,None reported,Yes,"$27,430",carfax_rebrowser_sample_oneprice,2026-05-02,Hatchback,33.0
Honda,Civic Sport,2024,"23,418 mi.",Gasoline,4 Cyl,Automatic,Gray,Black,None reported,Yes,"$26,600",carfax_rebrowser_sample_oneprice,2026-05-02,Hatchback,32.0
Toyota,Prius XLE,2024,"25,218 mi.",Hybrid,4 Cyl,Automatic,Silver,Black,None reported,Yes,"$29,890",carfax_rebrowser_sample_oneprice,2026-05-02,Hatchback,52.0
Nissan,Leaf SV,2024,"27,174 mi.",Electric,Electric,Automatic,White,Black,None reported,Yes,"$18,460",carfax_rebrowser_sample_oneprice,2026-05-02,Hatchback,109.0
Fiat,500e INSPI(RED),2024,"1,238 mi.",Electric,Electric,Automatic,Red,Black,None reported,Yes,"$19,030",carfax_rebrowser_sample_oneprice,2026-05-02,Hatchback,110.0
Toyota,Prius XLE,2024,"13,569 mi.",Hybrid,4 Cyl,Automatic,White,Unknown,None reported,Yes,"$30,110",carfax_rebrowser_sample_oneprice,2026-05-02,Hatchback,52.0
Honda,Civic EXL,2024,"26,410 mi.",Gasoline,4 Cyl,Automatic,Silver,Black,None reported,Yes,"$26,690",carfax_rebrowser_sample_oneprice,2026-05-02,Hatchback,33.0
Honda,Civic Sport,2024,"32,892 mi.",Gasoline,4 Cyl,Automatic,Blue,Black,None reported,Yes,"$25,940",carfax_rebrowser_sample_oneprice,2026-05-02,Hatchback,32.0
Mini,Cooper S,2024,"15,831 mi.",Gasoline,4 Cyl,Automatic,Blue,Black,None reported,Yes,"$25,250",carfax_rebrowser_sample_oneprice,2026-05-02,Hatchback,31.0
Mini,Cooper S,2024,"11,675 mi.",Gasoline,4 Cyl,Automatic,Black,Black,None reported,Yes,"$27,890",carfax_rebrowser_sample_oneprice,2026-05-02,Hatchback,31.0
Honda,Civic Sport,2024,"21,292 mi.",Gasoline,4 Cyl,Automatic,White,Black,None reported,Yes,"$27,220",carfax_rebrowser_sample_oneprice,2026-05-02,Hatchback,32.0
Honda,Civic Sport,2024,"23,348 mi.",Gasoline,4 Cyl,Automatic,White,Black,None reported,Yes,"$26,590",carfax_rebrowser_sample_oneprice,2026-05-02,Hatchback,32.0
Honda,Civic EXL,2024,"27,119 mi.",Gasoline,4 Cyl,Automatic,Gray,Black,None reported,Yes,"$25,530",carfax_rebrowser_sample_oneprice,2026-05-02,Hatchback,33.0
Honda,Civic Sport,2024,"29,880 mi.",Gasoline,4 Cyl,Automatic,Blue,Black,None reported,Yes,"$25,510",carfax_rebrowser_sample_oneprice,2026-05-02,Hatchback,32.0
Honda,Civic Sport Touring,2024,"34,281 mi.",Gasoline,4 Cyl,Automatic,Black,Black,None reported,Yes,"$28,280",carfax_rebrowser_sample_oneprice,2026-05-02,Hatchback,33.0
Mini,Cooper S,2024,"21,091 mi.",Gasoline,4 Cyl,Automatic,Black,Black,None reported,Yes,"$26,750",carfax_rebrowser_sample_oneprice,2026-05-02,Hatchback,31.0
Honda,Civic EXL,2024,"17,599 mi.",Gasoline,4 Cyl,Automatic,White,Black,None reported,Yes,"$26,130",carfax_rebrowser_sample_oneprice,2026-05-02,Hatchback,33.0
Honda,Civic Sport,2024,"32,205 mi.",Gasoline,4 Cyl,Automatic,White,Black,None reported,Yes,"$25,290",carfax_rebrowser_sample_oneprice,2026-05-02,Hatchback,32.0
Honda,Civic Sport,2024,"48,434 mi.",Gasoline,4 Cyl,Automatic,Blue,Black,None reported,Yes,"$24,310",carfax_rebrowser_sample_oneprice,2026-05-02,Hatchback,32.0
Mini,Cooper S,2024,"6,826 mi.",Gasoline,4 Cyl,Automatic,Black,Black,None reported,Yes,"$30,030",carfax_rebrowser_sample_oneprice,2026-05-02,Hatchback,31.0
Honda,Civic EXL,2024,"17,583 mi.",Gasoline,4 Cyl,Automatic,Black,Black,None reported,Yes,"$27,680",carfax_rebrowser_sample_oneprice,2026-05-02,Hatchback,33.0
Honda,Civic Sport,2024,"24,076 mi.",Gasoline,4 Cyl,Manual,Gray,Unknown,None reported,Yes,"$25,810",carfax_rebrowser_sample_oneprice,2026-05-02,Hatchback,29.0
Honda,Civic EXL,2024,"25,153 mi.",Gasoline,4 Cyl,Automatic,White,Gray,None reported,Yes,"$27,530",carfax_rebrowser_sample_oneprice,2026-05-02,Hatchback,33.0
Mini,Cooper SE,2024,"19,017 mi.",Electric,Electric,Automatic,Green,Black,None reported,Yes,"$22,200",carfax_rebrowser_sample_oneprice,2026-05-02,Hatchback,
Honda,Civic Sport,2024,"33,178 mi.",Gasoline,4 Cyl,Automatic,White,Black,None reported,Yes,"$25,960",carfax_rebrowser_sample_oneprice,2026-05-02,Hatchback,32.0
Honda,Civic Sport Touring,2024,"49,198 mi.",Gasoline,4 Cyl,Automatic,Blue,Black,None reported,Yes,"$26,160",carfax_rebrowser_sample_oneprice,2026-05-02,Hatchback,33.0
Honda,Civic Sport,2024,"36,089 mi.",Gasoline,4 Cyl,Automatic,White,Black,None reported,Yes,"$25,170",carfax_rebrowser_sample_oneprice,2026-05-02,Hatchback,32.0
Honda,Civic LX,2024,"23,716 mi.",Gasoline,4 Cyl,Automatic,White,Gray,None reported,Yes,"$24,060",carfax_rebrowser_sample_oneprice,2026-05-02,Hatchback,32.0
Honda,Civic Sport Touring,2024,"26,655 mi.",Gasoline,4 Cyl,Automatic,White,Black,None reported,Yes,"$28,450",carfax_rebrowser_sample_oneprice,2026-05-02,Hatchback,33.0
Volkswagen,GTI S,2024,"42,614 mi.",Gasoline,4 Cyl,Automatic,Black,Black,None reported,Yes,"$27,330",carfax_rebrowser_sample_oneprice,2026-05-02,Hatchback,27.0
Honda,Civic EXL,2024,"32,393 mi.",Gasoline,4 Cyl,Automatic,Gray,Unknown,None reported,Yes,"$26,090",carfax_rebrowser_sample_oneprice,2026-05-02,Hatchback,33.0
Honda,Civic Sport,2024,"19,201 mi.",Gasoline,4 Cyl,Automatic,White,Black,None reported,Yes,"$26,840",carfax_rebrowser_sample_oneprice,2026-05-02,Hatchback,32.0
Honda,Civic Sport Touring,2024,"22,061 mi.",Gasoline,4 Cyl,Automatic,Black,Black,None reported,Yes,"$28,980",carfax_rebrowser_sample_oneprice,2026-05-02,Hatchback,33.0
Honda,Civic EXL,2024,"14,505 mi.",Gasoline,4 Cyl,Automatic,Gray,Black,None reported,Yes,"$27,990",carfax_rebrowser_sample_oneprice,2026-05-02,Hatchback,33.0
Honda,Civic Sport Touring,2024,"16,046 mi.",Gasoline,4 Cyl,Manual,Blue,Black,None reported,Yes,"$28,580",carfax_rebrowser_sample_oneprice,2026-05-02,Hatchback,31.0
Honda,Civic Sport,2024,"13,932 mi.",Gasoline,4 Cyl,Automatic,Red,Black,None reported,Yes,"$26,260",carfax_rebrowser_sample_oneprice,2026-05-02,Hatchback,32.0
Honda,Civic Sport,2024,"14,268 mi.",Gasoline,4 Cyl,Automatic,Blue,Black,None reported,Yes,"$26,460",carfax_rebrowser_sample_oneprice,2026-05-02,Hatchback,32.0
Honda,Civic EXL,2024,"42,279 mi.",Gasoline,4 Cyl,Automatic,Red,Black,None reported,Yes,"$26,250",carfax_rebrowser_sample_oneprice,2026-05-02,Hatchback,33.0
Honda,Civic Sport,2024,"25,062 mi.",Gasoline,4 Cyl,Automatic,Gray,Black,None reported,Yes,"$25,860",carfax_rebrowser_sample_oneprice,2026-05-02,Hatchback,32.0
Nissan,Leaf SV,2024,"16,678 mi.",Electric,Electric,Automatic,Silver,Black,None reported,Yes,"$19,580",carfax_rebrowser_sample_oneprice,2026-05-02,Hatchback,109.0
Mazda,Mazda3 Carbon Edition,2024,"9,126 mi.",Gasoline,4 Cyl,Automatic,Gray,Red,None reported,Yes,"$26,450",carfax_rebrowser_sample_oneprice,2026-05-02,Hatchback,29.0
Nissan,Leaf SV,2024,"26,567 mi.",Electric,Electric,Automatic,Blue,Black,None reported,Yes,"$18,960",carfax_rebrowser_sample_oneprice,2026-05-02,Hatchback,109.0
Honda,Civic Sport,2024,"24,479 mi.",Gasoline,4 Cyl,Automatic,Red,Unknown,None reported,Yes,"$26,550",carfax_rebrowser_sample_oneprice,2026-05-02,Hatchback,32.0
Nissan,Leaf SV,2024,"23,628 mi.",Electric,Electric,Automatic,Black,Unknown,None reported,Yes,"$19,810",carfax_rebrowser_sample_oneprice,2026-05-02,Hatchback,109.0
Nissan,Leaf S,2024,"5,921 mi.",Electric,Electric,Automatic,Gray,Black,None reported,Yes,"$17,520",carfax_rebrowser_sample_oneprice,2026-05-02,Hatchback,111.0
Nissan,Leaf SV,2024,"20,651 mi.",Electric,Electric,Automatic,White,Black,None reported,Yes,"$19,300",carfax_rebrowser_sample_oneprice,2026-05-02,Hatchback,109.0
Honda,Civic Sport,2024,"17,813 mi.",Gasoline,4 Cyl,Automatic,Unknown,Black,None reported,Yes,"$27,510",carfax_rebrowser_sample_oneprice,2026-05-02,Hatchback,32.0
Honda,Civic Sport,2024,"28,504 mi.",Gasoline,4 Cyl,Automatic,White,Unknown,None reported,Yes,"$26,790",carfax_rebrowser_sample_oneprice,2026-05-02,Hatchback,32.0
Nissan,Leaf SV,2024,"17,298 mi.",Electric,Electric,Automatic,White,Black,None reported,Yes,"$19,710",carfax_rebrowser_sample_oneprice,2026-05-02,Hatchback,109.0
Nissan,Leaf SV,2024,"7,474 mi.",Electric,Electric,Automatic,Silver,Black,None reported,Yes,"$20,770",carfax_rebrowser_sample_oneprice,2026-05-02,Hatchback,109.0
Nissan,Leaf SV,2024,"7,348 mi.",Electric,Electric,Automatic,Black,Black,None reported,Yes,"$20,360",carfax_rebrowser_sample_oneprice,2026-05-02,Hatchback,109.0
Nissan,Leaf SV,2024,"9,918 mi.",Electric,Electric,Automatic,Gray,Black,None reported,Yes,"$20,010",carfax_rebrowser_sample_oneprice,2026-05-02,Hatchback,109.0
Mini,Cooper S,2024,"9,455 mi.",Gasoline,4 Cyl,Automatic,Black,Black,None reported,Yes,"$29,470",carfax_rebrowser_sample_oneprice,2026-05-02,Hatchback,31.0
Toyota,Prius LE,2024,"4,117 mi.",Hybrid,4 Cyl,Automatic,Gray,Gray,None reported,Yes,"$29,310",carfax_rebrowser_sample_oneprice,2026-05-02,Hatchback,
Nissan,Leaf SV,2024,"9,459 mi.",Electric,Electric,Automatic,Blue,Black,None reported,Yes,"$20,380",carfax_rebrowser_sample_oneprice,2026-05-02,Hatchback,109.0
Honda,Civic Sport Touring,2024,"20,163 mi.",Gasoline,4 Cyl,Automatic,Gray,Black,None reported,Yes,"$30,270",carfax_rebrowser_sample_oneprice,2026-05-02,Hatchback,33.0
Honda,Civic Sport,2024,"21,317 mi.",Gasoline,4 Cyl,Automatic,Gray,Black,None reported,Yes,"$26,440",carfax_rebrowser_sample_oneprice,2026-05-02,Hatchback,32.0
Nissan,Leaf SV,2024,"2,567 mi.",Electric,Electric,Automatic,Black,Black,None reported,Yes,"$21,560",carfax_rebrowser_sample_oneprice,2026-05-02,Hatchback,109.0
Toyota,Prius LE,2024,"7,986 mi.",Hybrid,4 Cyl,Automatic,Silver,Gray,None reported,Yes,"$29,290",carfax_rebrowser_sample_oneprice,2026-05-02,Hatchback,57.0
Mazda,Mazda3 Carbon Turbo,2024,"57,411 mi.",Gasoline,4 Cyl,Automatic,Beige,Red,None reported,Yes,"$23,000",carfax_rebrowser_sample_oneprice,2026-05-02,Hatchback,26.0
Toyota,Prius XLE,2024,"44,836 mi.",Hybrid,4 Cyl,Automatic,Red,Black,None reported,Yes,"$27,340",carfax_rebrowser_sample_oneprice,2026-05-02,Hatchback,52.0
Mazda,Mazda3 Select Sport,2024,"50,538 mi.",Gasoline,4 Cyl,Automatic,Black,Black,None reported,Yes,"$19,170",carfax_rebrowser_sample_oneprice,2026-05-02,Hatchback,30.0
Honda,Civic Sport,2024,"33,556 mi.",Gasoline,4 Cyl,Automatic,Gray,Black,None reported,Yes,"$23,960",carfax_rebrowser_sample_oneprice,2026-05-02,Hatchback,32.0
Honda,Civic Sport,2024,"15,741 mi.",Gasoline,4 Cyl,Automatic,Blue,Black,None reported,Yes,"$25,470",carfax_rebrowser_sample_oneprice,2026-05-02,Hatchback,32.0
Honda,Civic Sport,2024,"49,115 mi.",Gasoline,4 Cyl,Automatic,Silver,Black,None reported,Yes,"$23,070",carfax_rebrowser_sample_oneprice,2026-05-02,Hatchback,32.0
Mitsubishi,Mirage ES,2024,"2,455 mi.",Gasoline,3 Cyl,Automatic,Red,Black,None reported,Yes,"$15,760",carfax_rebrowser_sample_oneprice,2026-05-02,Hatchback,39.0
Honda,Civic Sport Touring,2024,"9,537 mi.",Gasoline,4 Cyl,Automatic,Blue,Black,None reported,Yes,"$29,150",carfax_rebrowser_sample_oneprice,2026-05-02,Hatchback,33.0
Honda,Civic LX,2024,"9,881 mi.",Gasoline,4 Cyl,Automatic,Gray,Black,None reported,Yes,"$24,170",carfax_rebrowser_sample_oneprice,2026-05-02,Hatchback,32.0
Honda,Civic Sport,2024,"29,615 mi.",Gasoline,4 Cyl,Automatic,White,Black,None reported,Yes,"$24,350",carfax_rebrowser_sample_oneprice,2026-05-02,Hatchback,32.0
Mini,Cooper SE,2024,"15,440 mi.",Electric,Electric,Automatic,Black,Black,None reported,Yes,"$23,820",carfax_rebrowser_sample_oneprice,2026-05-02,Hatchback,
Honda,Civic EXL,2024,"29,047 mi.",Gasoline,4 Cyl,Automatic,Black,Black,None reported,Yes,"$25,520",carfax_rebrowser_sample_oneprice,2026-05-02,Hatchback,33.0
Volkswagen,GTI S,2024,"42,494 mi.",Gasoline,4 Cyl,Automatic,Unknown,Black,None reported,Yes,"$25,840",carfax_rebrowser_sample_oneprice,2026-05-02,Hatchback,27.0
Toyota,Prius XLE,2024,"31,087 mi.",Hybrid,4 Cyl,Automatic,White,Gray,None reported,Yes,"$29,880",carfax_rebrowser_sample_oneprice,2026-05-02,Hatchback,49.0
Honda,Civic Sport,2024,"47,204 mi.",Gasoline,4 Cyl,Automatic,Gray,Black,None reported,Yes,"$25,720",carfax_rebrowser_sample_oneprice,2026-05-02,Hatchback,32.0
Mazda,Mazda3 Select Sport,2024,"46,125 mi.",Gasoline,4 Cyl,Automatic,Blue,Unknown,None reported,Yes,"$20,460",carfax_rebrowser_sample_oneprice,2026-05-02,Hatchback,30.0
Mazda,Mazda3 Select Sport,2024,"52,454 mi.",Gasoline,4 Cyl,Automatic,Silver,Black,None reported,Yes,"$19,660",carfax_rebrowser_sample_oneprice,2026-05-02,Hatchback,30.0
Honda,Civic Sport,2024,"70,050 mi.",Gasoline,4 Cyl,Automatic,Gray,Black,None reported,Yes,"$23,480",carfax_rebrowser_sample_oneprice,2026-05-02,Hatchback,32.0
Toyota,Corolla XSE,2024,"12,623 mi.",Gasoline,4 Cyl,Automatic,Black,Gray,None reported,Yes,"$26,310",carfax_rebrowser_sample_oneprice,2026-05-02,Hatchback,33.0
Mazda,Mazda3 Select Sport,2024,"46,677 mi.",Gasoline,4 Cyl,Automatic,White,Black,None reported,Yes,"$20,160",carfax_rebrowser_sample_oneprice,2026-05-02,Hatchback,30.0
Honda,Civic LX,2024,"32,510 mi.",Gasoline,4 Cyl,Automatic,White,Black,None reported,Yes,"$23,340",carfax_rebrowser_sample_oneprice,2026-05-02,Hatchback,32.0
Honda,Civic EXL,2024,"50,379 mi.",Gasoline,4 Cyl,Automatic,White,Black,None reported,Yes,"$24,460",carfax_rebrowser_sample_oneprice,2026-05-02,Hatchback,33.0
Toyota,Prius Prime XSE,2024,"63,774 mi.",Hybrid,4 Cyl,Automatic,Blue,Black,None reported,Yes,"$30,880",carfax_rebrowser_sample_oneprice,2026-05-02,Hatchback,48.0
Honda,Civic EXL,2024,"32,368 mi.",Gasoline,4 Cyl,Automatic,Black,Black,None reported,Yes,"$27,170",carfax_rebrowser_sample_oneprice,2026-05-02,Hatchback,33.0
Mini,Cooper S,2024,"23,899 mi.",Gasoline,4 Cyl,Automatic,Green,Brown,None reported,Yes,"$26,390",carfax_rebrowser_sample_oneprice,2026-05-02,Hatchback,31.0
Honda,Civic EXL,2024,"37,974 mi.",Gasoline,4 Cyl,Automatic,Gray,Black,None reported,Yes,"$24,680",carfax_rebrowser_sample_oneprice,2026-05-02,Hatchback,33.0
Nissan,Leaf SV,2024,"14,967 mi.",Electric,Electric,Automatic,Gray,Black,None reported,Yes,"$17,940",carfax_rebrowser_sample_oneprice,2026-05-02,Hatchback,109.0
Honda,Civic Sport,2024,"11,220 mi.",Gasoline,4 Cyl,Automatic,Unknown,Unknown,None reported,Yes,"$25,340",carfax_rebrowser_sample_oneprice,2026-05-02,Hatchback,32.0
Honda,Civic EXL,2024,"14,693 mi.",Gasoline,4 Cyl,Automatic,Gray,Gray,None reported,Yes,"$26,850",carfax_rebrowser_sample_oneprice,2026-05-02,Hatchback,33.0
Honda,Civic Sport,2024,"8,281 mi.",Gasoline,4 Cyl,Automatic,Black,Black,None reported,Yes,"$25,300",carfax_rebrowser_sample_oneprice,2026-05-02,Hatchback,32.0
Toyota,Prius XLE,2024,"23,839 mi.",Hybrid,4 Cyl,Automatic,Unknown,Black,None reported,Yes,"$28,540",carfax_rebrowser_sample_oneprice,2026-05-02,Hatchback,52.0
Honda,Civic Sport,2024,"8,966 mi.",Gasoline,4 Cyl,Automatic,Blue,Unknown,None reported,Yes,"$27,380",carfax_rebrowser_sample_oneprice,2026-05-02,Hatchback,32.0
Honda,Civic EXL,2024,"34,694 mi.",Gasoline,4 Cyl,Automatic,Gray,Unknown,None reported,Yes,"$26,030",carfax_rebrowser_sample_oneprice,2026-05-02,Hatchback,33.0
Mazda,Mazda3 Carbon Edition,2024,"40,858 mi.",Gasoline,4 Cyl,Automatic,Gray,Red,None reported,Yes,"$23,430",carfax_rebrowser_sample_oneprice,2026-05-02,Hatchback,29.0
Mazda,Mazda3 Select Sport,2024,"10,474 mi.",Gasoline,4 Cyl,Automatic,Gray,Black,None reported,Yes,"$23,380",carfax_rebrowser_sample_oneprice,2026-05-02,Hatchback,30.0
Honda,Civic Sport,2024,"25,121 mi.",Gasoline,4 Cyl,Automatic,White,Black,None reported,Yes,"$25,240",carfax_rebrowser_sample_oneprice,2026-05-02,Hatchback,32.0
Toyota,Prius LE,2024,"14,039 mi.",Hybrid,4 Cyl,Automatic,Silver,Black,None reported,Yes,"$27,990",carfax_rebrowser_sample_oneprice,2026-05-02,Hatchback,57.0
Toyota,Prius Prime XSE,2024,"87,888 mi.",Hybrid,4 Cyl,Automatic,White,Black,None reported,Yes,"$27,320",carfax_rebrowser_sample_oneprice,2026-05-02,Hatchback,48.0
Mini,Cooper SE,2024,"8,169 mi.",Electric,Electric,Automatic,Green,Black,None reported,Yes,"$23,240",carfax_rebrowser_sample_oneprice,2026-05-02,Hatchback,
Toyota,Land Cruiser 1958,2025,"16,770 mi.",Hybrid,4 Cyl,Automatic,Silver,Black,None reported,Yes,"$58,180",carfax_rebrowser_sample_oneprice,2026-05-02,SUV,23.0
Audi,Q7 Premium Plus,2025,"27,972 mi.",Gasoline,6 Cyl,Automatic,Silver,Black,None reported,Yes,"$48,020",carfax_rebrowser_sample_oneprice,2026-05-02,SUV,20.0
Honda,Civic Sport,2026,"9,171 mi.",Hybrid,4 Cyl,Automatic,Gray,Black,None reported,Yes,"$28,960",carfax_rebrowser_sample_oneprice,2026-05-02,Hatchback,48.0
Honda,Civic Sport,2026,"1,500 mi.",Gasoline,4 Cyl,Automatic,Black,Black,None reported,Yes,"$29,160",carfax_rebrowser_sample_oneprice,2026-05-02,Hatchback,34.0
Honda,Civic Sport,2026,"5,418 mi.",Gasoline,4 Cyl,Automatic,Silver,Black,None reported,Yes,"$27,500",carfax_rebrowser_sample_oneprice,2026-05-02,Hatchback,34.0
Honda,Civic Sport,2026,"2,863 mi.",Gasoline,4 Cyl,Automatic,Black,Unknown,None reported,Yes,"$26,970",carfax_rebrowser_sample_oneprice,2026-05-02,Hatchback,34.0
Honda,Civic Sport,2026,937 mi.,Gasoline,4 Cyl,Automatic,White,Black,None reported,Yes,"$28,460",carfax_rebrowser_sample_oneprice,2026-05-02,Hatchback,34.0
Honda,Civic Sport,2026,758 mi.,Hybrid,4 Cyl,Automatic,Black,Unknown,None reported,Yes,"$29,790",carfax_rebrowser_sample_oneprice,2026-05-02,Hatchback,48.0
Toyota,Corolla SE,2026,256 mi.,Gasoline,4 Cyl,Automatic,Black,Black,None reported,Yes,"$18,830",carfax_rebrowser_sample_oneprice,2026-05-02,Hatchback,35.0
Toyota,Corolla SE,2026,902 mi.,Gasoline,4 Cyl,Automatic,Red,Black,None reported,Yes,"$27,370",carfax_rebrowser_sample_oneprice,2026-05-02,Hatchback,35.0
Honda,Civic Sport,2026,"4,232 mi.",Gasoline,4 Cyl,Automatic,Black,Black,None reported,Yes,"$27,380",carfax_rebrowser_sample_oneprice,2026-05-02,Hatchback,34.0
Honda,Civic Sport,2026,"5,318 mi.",Gasoline,4 Cyl,Automatic,Gray,Black,None reported,Yes,"$28,790",carfax_rebrowser_sample_oneprice,2026-05-02,Hatchback,34.0
Toyota,Prius XLE,2026,"2,100 mi.",Hybrid,4 Cyl,Automatic,Black,Black,None reported,Yes,"$30,080",carfax_rebrowser_sample_oneprice,2026-05-02,Hatchback,49.0
Honda,Civic Sport,2026,"4,331 mi.",Gasoline,4 Cyl,Automatic,Blue,Black,None reported,Yes,"$27,130",carfax_rebrowser_sample_oneprice,2026-05-02,Hatchback,34.0
Honda,Civic Sport,2026,"8,196 mi.",Hybrid,4 Cyl,Automatic,Beige,Black,None reported,Yes,"$29,840",carfax_rebrowser_sample_oneprice,2026-05-02,Hatchback,48.0
Honda,Civic Sport,2026,"1,158 mi.",Gasoline,4 Cyl,Automatic,Blue,Black,None reported,Yes,"$27,930",carfax_rebrowser_sample_oneprice,2026-05-02,Hatchback,34.0
Honda,Civic Sport,2026,"5,611 mi.",Gasoline,4 Cyl,Automatic,Gray,Black,None reported,Yes,"$28,090",carfax_rebrowser_sample_oneprice,2026-05-02,Hatchback,34.0
Honda,Civic Sport,2026,"2,273 mi.",Gasoline,4 Cyl,Automatic,Red,Black,None reported,Yes,"$28,860",carfax_rebrowser_sample_oneprice,2026-05-02,Hatchback,34.0
Toyota,Tundra Platinum,2024,"12,109 mi.",Hybrid,6 Cyl,Automatic,White,Unknown,None reported,Yes,"$58,060",carfax_rebrowser_sample_oneprice,2026-05-02,Pickup,19.0
Toyota,Highlander XLE,2024,"24,719 mi.",Gasoline,4 Cyl,Automatic,Gray,Gray,None reported,Yes,"$41,050",carfax_rebrowser_sample_oneprice,2026-05-03,SUV,24.0
Mazda,CX-90 Preferred,2024,"17,664 mi.",Hybrid,4 Cyl,Automatic,Blue,Gray,None reported,Yes,"$31,490",carfax_rebrowser_sample_oneprice,2026-05-03,SUV,25.0
Land Rover,Defender 130,2024,"12,607 mi.",Gasoline,6 Cyl,Automatic,Gray,Black,None reported,Yes,"$71,740",carfax_rebrowser_sample_oneprice,2026-05-03,SUV,17.0
Mitsubishi,Outlander ES,2025,"26,119 mi.",Gasoline,4 Cyl,Automatic,Black,Black,None reported,Yes,"$25,890",carfax_rebrowser_sample_oneprice,2026-05-03,SUV,26.0
Chevrolet,TrailBlazer LT,2025,"49,039 mi.",Gasoline,3 Cyl,Automatic,White,Black,None reported,Yes,"$22,960",carfax_rebrowser_sample_oneprice,2026-05-03,SUV,27.0
Ford,Escape Platinum,2025,"17,746 mi.",Gasoline,4 Cyl,Automatic,Black,Black,None reported,Yes,"$29,230",carfax_rebrowser_sample_oneprice,2026-05-03,SUV,26.0
Hyundai,Tucson SEL,2025,"16,328 mi.",Gasoline,4 Cyl,Automatic,White,Gray,None reported,Yes,"$26,630",carfax_rebrowser_sample_oneprice,2026-05-03,SUV,26.0
Chevrolet,Equinox EV LT,2025,"25,501 mi.",Electric,Electric,Automatic,Red,Black,None reported,Yes,"$24,240",carfax_rebrowser_sample_oneprice,2026-05-03,SUV,109.0
Chevrolet,Equinox LT,2025,"26,160 mi.",Gasoline,4 Cyl,Automatic,White,Black,None reported,Yes,"$27,920",carfax_rebrowser_sample_oneprice,2026-05-03,SUV,26.0
Nissan,Kicks,2025,"15,519 mi.",Gasoline,4 Cyl,Automatic,White,Black,None reported,Yes,"$22,310",carfax_rebrowser_sample_oneprice,2026-05-03,SUV,30.0
Hyundai,Tucson SEL,2025,"41,163 mi.",Gasoline,4 Cyl,Automatic,Red,Gray,None reported,Yes,"$24,250",carfax_rebrowser_sample_oneprice,2026-05-03,SUV,26.0
Chevrolet,Equinox LT,2025,"17,908 mi.",Gasoline,4 Cyl,Automatic,Gray,Black,None reported,Yes,"$27,100",carfax_rebrowser_sample_oneprice,2026-05-03,SUV,26.0
Chevrolet,Equinox LT,2025,"23,070 mi.",Gasoline,4 Cyl,Automatic,White,Black,None reported,Yes,"$26,670",carfax_rebrowser_sample_oneprice,2026-05-03,SUV,26.0
Chevrolet,Equinox LT,2025,"30,560 mi.",Gasoline,4 Cyl,Automatic,Black,Black,None reported,Yes,"$27,510",carfax_rebrowser_sample_oneprice,2026-05-03,SUV,26.0
Chevrolet,Equinox LT,2025,"30,921 mi.",Gasoline,4 Cyl,Automatic,White,Gray,None reported,Yes,"$28,300",carfax_rebrowser_sample_oneprice,2026-05-03,SUV,26.0
Chevrolet,Equinox LT,2025,"17,318 mi.",Gasoline,4 Cyl,Automatic,Gray,Black,None reported,Yes,"$29,190",carfax_rebrowser_sample_oneprice,2026-05-03,SUV,26.0
Mazda,CX-5 S,2025,"13,630 mi.",Gasoline,4 Cyl,Automatic,Black,Black,None reported,Yes,"$28,670",carfax_rebrowser_sample_oneprice,2026-05-03,SUV,
Hyundai,Santa Fe SEL,2025,"32,430 mi.",Gasoline,4 Cyl,Automatic,Gray,Gray,None reported,Yes,"$28,670",carfax_rebrowser_sample_oneprice,2026-05-03,SUV,23.0
Hyundai,Kona SEL,2025,"46,131 mi.",Gasoline,4 Cyl,Automatic,Red,Black,None reported,Yes,"$22,050",carfax_rebrowser_sample_oneprice,2026-05-03,SUV,27.0
Nissan,Rogue SV,2025,"24,747 mi.",Gasoline,3 Cyl,Automatic,Silver,Black,None reported,Yes,"$25,070",carfax_rebrowser_sample_oneprice,2026-05-03,SUV,31.0
Jeep,Compass Limited Edition,2025,"46,934 mi.",Gasoline,4 Cyl,Automatic,Blue,Black,None reported,Yes,"$23,680",carfax_rebrowser_sample_oneprice,2026-05-03,SUV,27.0
Nissan,Rogue SV,2025,"28,655 mi.",Gasoline,3 Cyl,Automatic,Blue,Black,None reported,Yes,"$24,800",carfax_rebrowser_sample_oneprice,2026-05-03,SUV,31.0
Jeep,Compass Limited Edition,2025,"30,594 mi.",Gasoline,4 Cyl,Automatic,White,Black,None reported,Yes,"$24,280",carfax_rebrowser_sample_oneprice,2026-05-03,SUV,27.0
Subaru,Crosstrek Premium,2025,"25,205 mi.",Gasoline,4 Cyl,Automatic,Red,Black,None reported,Yes,"$26,230",carfax_rebrowser_sample_oneprice,2026-05-03,SUV,29.0
Ford,Bronco Sport Big Bend,2025,"1,158 mi.",Gasoline,3 Cyl,Automatic,Gray,Tan,None reported,Yes,"$30,630",carfax_rebrowser_sample_oneprice,2026-05-03,SUV,27.0
Kia,Sportage LX,2025,"29,514 mi.",Gasoline,4 Cyl,Automatic,White,Black,None reported,Yes,"$25,100",carfax_rebrowser_sample_oneprice,2026-05-03,SUV,25.0
Ford,Escape Platinum,2025,"16,778 mi.",Gasoline,4 Cyl,Automatic,Gray,Unknown,None reported,Yes,"$29,590",carfax_rebrowser_sample_oneprice,2026-05-03,SUV,26.0
Mazda,CX-30 S,2025,"5,026 mi.",Gasoline,4 Cyl,Automatic,Gray,Black,None reported,Yes,"$28,080",carfax_rebrowser_sample_oneprice,2026-05-03,SUV,29.0
Honda,HR-V Sport,2025,"4,581 mi.",Gasoline,4 Cyl,Automatic,Red,Black,None reported,Yes,"$29,430",carfax_rebrowser_sample_oneprice,2026-05-03,SUV,27.0
Toyota,Corolla Cross LE,2025,"14,632 mi.",Gasoline,4 Cyl,Automatic,White,Gray,None reported,Yes,"$30,220",carfax_rebrowser_sample_oneprice,2026-05-03,SUV,30.0
Chevrolet,Trax ACTIV,2025,"5,265 mi.",Flexible-Fuel,3 Cyl,Automatic,Blue,Black,None reported,Yes,"$24,800",carfax_rebrowser_sample_oneprice,2026-05-03,SUV,29.0
Jeep,Compass Latitude,2025,"9,130 mi.",Gasoline,4 Cyl,Automatic,White,Black,None reported,Yes,"$26,130",carfax_rebrowser_sample_oneprice,2026-05-03,SUV,27.0
Mazda,CX-5 S,2025,"43,099 mi.",Gasoline,4 Cyl,Automatic,Gray,Black,None reported,Yes,"$27,100",carfax_rebrowser_sample_oneprice,2026-05-03,SUV,
Kia,Sportage X-Line,2025,"4,075 mi.",Gasoline,4 Cyl,Automatic,Red,Black,None reported,Yes,"$31,700",carfax_rebrowser_sample_oneprice,2026-05-03,SUV,25.0
Subaru,Crosstrek Premium,2025,"8,295 mi.",Gasoline,4 Cyl,Automatic,Blue,Gray,None reported,Yes,"$28,670",carfax_rebrowser_sample_oneprice,2026-05-03,SUV,29.0
Subaru,Forester,2025,"9,172 mi.",Gasoline,4 Cyl,Automatic,Blue,Gray,None reported,Yes,"$29,300",carfax_rebrowser_sample_oneprice,2026-05-03,SUV,29.0
Kia,Seltos,2025,"2,937 mi.",Gasoline,4 Cyl,Automatic,Orange,Black,None reported,Yes,"$26,710",carfax_rebrowser_sample_oneprice,2026-05-03,SUV,29.0
Nissan,Rogue S,2025,"24,727 mi.",Gasoline,3 Cyl,Automatic,Gray,Black,None reported,Yes,"$25,050",carfax_rebrowser_sample_oneprice,2026-05-03,SUV,33.0
Chevrolet,Trax LT,2025,"45,584 mi.",Flexible-Fuel,3 Cyl,Automatic,White,Black,None reported,Yes,"$19,620",carfax_rebrowser_sample_oneprice,2026-05-03,SUV,29.0
Nissan,Kicks SV,2025,"6,052 mi.",Gasoline,4 Cyl,Automatic,White,Black,None reported,Yes,"$24,390",carfax_rebrowser_sample_oneprice,2026-05-03,SUV,30.0
Jeep,Compass Limited Edition,2025,"38,979 mi.",Gasoline,4 Cyl,Automatic,White,Black,None reported,Yes,"$24,860",carfax_rebrowser_sample_oneprice,2026-05-03,SUV,27.0
Jeep,Compass Limited Edition,2025,"36,161 mi.",Gasoline,4 Cyl,Automatic,Silver,Black,None reported,Yes,"$24,860",carfax_rebrowser_sample_oneprice,2026-05-03,SUV,27.0
Jeep,Compass Latitude,2025,"13,485 mi.",Gasoline,4 Cyl,Automatic,White,Black,None reported,Yes,"$24,590",carfax_rebrowser_sample_oneprice,2026-05-03,SUV,27.0
Chevrolet,Equinox LT,2025,"14,173 mi.",Gasoline,4 Cyl,Automatic,Gray,Unknown,None reported,Yes,"$29,240",carfax_rebrowser_sample_oneprice,2026-05-03,SUV,26.0
Mazda,CX-50 S,2025,"28,115 mi.",Gasoline,4 Cyl,Automatic,Blue,Unknown,None reported,Yes,"$27,050",carfax_rebrowser_sample_oneprice,2026-05-03,SUV,28.0
Honda,HR-V LX,2025,"34,118 mi.",Gasoline,4 Cyl,Automatic,Unknown,Unknown,None reported,Yes,"$24,400",carfax_rebrowser_sample_oneprice,2026-05-03,SUV,27.0
Chevrolet,Trax RS,2025,"18,591 mi.",Flexible-Fuel,3 Cyl,Automatic,Blue,Black,None reported,Yes,"$24,570",carfax_rebrowser_sample_oneprice,2026-05-03,SUV,29.0
Chevrolet,Silverado 1500 LT,2024,"23,766 mi.",Gasoline,4 Cyl,Automatic,Blue,Black,None reported,Yes,"$38,940",carfax_rebrowser_sample_oneprice,2026-05-03,Pickup,
Ford,Bronco Sport Big Bend,2025,"28,203 mi.",Gasoline,3 Cyl,Automatic,Unknown,Unknown,None reported,Yes,"$28,760",carfax_rebrowser_sample_oneprice,2026-05-03,SUV,27.0
BMW,X5 xDrive40i,2024,"43,128 mi.",Gasoline,6 Cyl,Automatic,White,Black,None reported,Yes,"$50,440",carfax_rebrowser_sample_oneprice,2026-05-03,SUV,25.0
Toyota,Tacoma SR,2026,799 mi.,Gasoline,4 Cyl,Automatic,Unknown,Black,None reported,Yes,"$33,990",carfax_rebrowser_sample_oneprice,2026-05-04,Pickup,23.0
Honda,Ridgeline Black Edition,2026,"5,187 mi.",Gasoline,6 Cyl,Automatic,Black,Black,None reported,Yes,"$42,510",carfax_rebrowser_sample_oneprice,2026-05-04,Pickup,21.0
Nissan,Frontier PRO-4X,2026,"2,915 mi.",Gasoline,6 Cyl,Automatic,White,Gray,None reported,Yes,"$42,940",carfax_rebrowser_sample_oneprice,2026-05-04,Pickup,18.0
Nissan,Frontier PRO-4X,2026,"4,580 mi.",Gasoline,6 Cyl,Automatic,Black,Gray,None reported,Yes,"$41,770",carfax_rebrowser_sample_oneprice,2026-05-04,Pickup,18.0
Hyundai,Santa Cruz Limited,2026,6 mi.,Gasoline,4 Cyl,Automatic,Blue,Black,None reported,Yes,"$40,110",carfax_rebrowser_sample_oneprice,2026-05-04,Pickup,20.0
Ford,Maverick XLT,2026,"3,906 mi.",Gasoline,4 Cyl,Automatic,Black,Blue,None reported,Yes,"$32,290",carfax_rebrowser_sample_oneprice,2026-05-04,Pickup,25.0
Ford,Maverick XLT,2026,291 mi.,Gasoline,4 Cyl,Automatic,Blue,Blue,None reported,Yes,"$31,700",carfax_rebrowser_sample_oneprice,2026-05-04,Pickup,25.0
Toyota,Tacoma SR,2026,185 mi.,Gasoline,4 Cyl,Automatic,Silver,Black,None reported,Yes,"$36,140",carfax_rebrowser_sample_oneprice,2026-05-04,Pickup,21.0
Chevrolet,Silverado 1500 Work Truck,2026,730 mi.,Gasoline,4 Cyl,Automatic,Gray,Black,None reported,Yes,"$41,780",carfax_rebrowser_sample_oneprice,2026-05-04,Pickup,18.0
Chevrolet,Silverado 1500 LT,2026,12 mi.,Gasoline,4 Cyl,Automatic,White,Black,None reported,Yes,"$49,940",carfax_rebrowser_sample_oneprice,2026-05-04,Pickup,18.0
Chevrolet,Colorado LT,2026,219 mi.,Gasoline,4 Cyl,Automatic,Gray,Black,None reported,Yes,"$43,220",carfax_rebrowser_sample_oneprice,2026-05-04,Pickup,18.0
Ford,Maverick Lariat,2026,"2,991 mi.",Gasoline,4 Cyl,Automatic,Red,Tan,None reported,Yes,"$35,070",carfax_rebrowser_sample_oneprice,2026-05-04,Pickup,25.0
Chevrolet,Silverado 1500 LT,2026,"16,086 mi.",Gasoline,8 Cyl,Automatic,Black,Gray,None reported,Yes,"$42,310",carfax_rebrowser_sample_oneprice,2026-05-04,Pickup,17.0
Chevrolet,Silverado 1500 RST,2026,"4,842 mi.",Gasoline,4 Cyl,Automatic,Black,Black,None reported,Yes,"$44,660",carfax_rebrowser_sample_oneprice,2026-05-04,Pickup,20.0
Toyota,Tacoma SR5,2026,"2,946 mi.",Gasoline,4 Cyl,Automatic,White,Unknown,None reported,Yes,"$41,630",carfax_rebrowser_sample_oneprice,2026-05-04,Pickup,21.0
Ford,Maverick XLT,2026,"2,552 mi.",Gasoline,4 Cyl,Automatic,Red,Gray,None reported,Yes,"$32,230",carfax_rebrowser_sample_oneprice,2026-05-04,Pickup,25.0
Chevrolet,Colorado Trail Boss,2026,"4,346 mi.",Gasoline,4 Cyl,Automatic,Gray,Black,None reported,Yes,"$39,690",carfax_rebrowser_sample_oneprice,2026-05-04,Pickup,18.0
Honda,Ridgeline Black Edition,2026,179 mi.,Gasoline,6 Cyl,Automatic,White,Black,None reported,Yes,"$44,750",carfax_rebrowser_sample_oneprice,2026-05-04,Pickup,21.0
Chevrolet,Silverado 1500 Custom,2026,"3,727 mi.",Gasoline,4 Cyl,Automatic,White,Black,None reported,Yes,"$43,070",carfax_rebrowser_sample_oneprice,2026-05-04,Pickup,18.0
Ford,Maverick XLT,2026,"11,959 mi.",Hybrid,4 Cyl,Automatic,White,Blue,None reported,Yes,"$31,860",carfax_rebrowser_sample_oneprice,2026-05-04,Pickup,38.0
Ford,Maverick XLT,2026,"7,899 mi.",Hybrid,4 Cyl,Automatic,White,Blue,None reported,Yes,"$32,060",carfax_rebrowser_sample_oneprice,2026-05-04,Pickup,38.0
GMC,Sierra 1500 Pro,2026,"1,982 mi.",Gasoline,4 Cyl,Automatic,Silver,Black,None reported,Yes,"$42,550",carfax_rebrowser_sample_oneprice,2026-05-04,Pickup,18.0
Jeep,Gladiator Sport,2026,"3,828 mi.",Gasoline,6 Cyl,Automatic,White,Black,None reported,Yes,"$46,950",carfax_rebrowser_sample_oneprice,2026-05-04,Pickup,19.0
Chevrolet,Silverado 1500 Custom,2026,"5,781 mi.",Gasoline,4 Cyl,Automatic,Gray,Black,None reported,Yes,"$45,920",carfax_rebrowser_sample_oneprice,2026-05-04,Pickup,18.0
Toyota,Tacoma TRD Sport,2026,"3,611 mi.",Hybrid,4 Cyl,Automatic,White,Black,None reported,Yes,"$50,410",carfax_rebrowser_sample_oneprice,2026-05-04,Pickup,23.0
Chevrolet,Silverado 1500 RST,2026,348 mi.,Gasoline,4 Cyl,Automatic,White,Black,None reported,Yes,"$48,790",carfax_rebrowser_sample_oneprice,2026-05-04,Pickup,20.0
Ford,Ranger XLT,2026,16 mi.,Gasoline,4 Cyl,Automatic,Gray,Black,None reported,Yes,"$42,290",carfax_rebrowser_sample_oneprice,2026-05-04,Pickup,21.0
Chevrolet,Silverado 1500 Custom,2026,"3,118 mi.",Gasoline,4 Cyl,Automatic,White,Black,None reported,Yes,"$40,910",carfax_rebrowser_sample_oneprice,2026-05-04,Pickup,20.0
Ford,Ranger XLT,2026,"2,867 mi.",Gasoline,4 Cyl,Automatic,Beige,Black,None reported,Yes,"$42,980",carfax_rebrowser_sample_oneprice,2026-05-04,Pickup,21.0
Jeep,Gladiator Sport,2026,"2,109 mi.",Gasoline,6 Cyl,Automatic,Gray,Black,None reported,Yes,"$47,780",carfax_rebrowser_sample_oneprice,2026-05-04,Pickup,19.0
Chevrolet,Colorado Z71,2026,"1,820 mi.",Gasoline,4 Cyl,Automatic,White,Black,None reported,Yes,"$44,940",carfax_rebrowser_sample_oneprice,2026-05-04,Pickup,18.0
Chevrolet,Silverado 1500 RST,2026,"5,703 mi.",Gasoline,4 Cyl,Automatic,Black,Black,None reported,Yes,"$43,610",carfax_rebrowser_sample_oneprice,2026-05-04,Pickup,20.0
Ford,Maverick XLT,2026,"9,934 mi.",Gasoline,4 Cyl,Automatic,Black,Blue,None reported,Yes,"$30,900",carfax_rebrowser_sample_oneprice,2026-05-04,Pickup,25.0
Honda,Ridgeline RTL,2026,"4,886 mi.",Gasoline,6 Cyl,Automatic,Black,Black,None reported,Yes,"$40,300",carfax_rebrowser_sample_oneprice,2026-05-04,Pickup,21.0
Chevrolet,Colorado LT,2026,"6,298 mi.",Gasoline,4 Cyl,Automatic,Red,Black,None reported,Yes,"$34,130",carfax_rebrowser_sample_oneprice,2026-05-04,Pickup,21.0
Chevrolet,Silverado 1500 Custom,2026,"3,595 mi.",Gasoline,4 Cyl,Automatic,White,Black,None reported,Yes,"$45,020",carfax_rebrowser_sample_oneprice,2026-05-04,Pickup,18.0
Hyundai,Santa Cruz SEL,2026,"1,459 mi.",Gasoline,4 Cyl,Automatic,Blue,Black,None reported,Yes,"$31,680",carfax_rebrowser_sample_oneprice,2026-05-04,Pickup,24.0
Nissan,Frontier S,2026,"6,961 mi.",Gasoline,6 Cyl,Automatic,White,Black,None reported,Yes,"$32,960",carfax_rebrowser_sample_oneprice,2026-05-04,Pickup,19.0
Ford,Maverick XLT,2026,"2,329 mi.",Hybrid,4 Cyl,Automatic,Gray,Blue,None reported,Yes,"$33,540",carfax_rebrowser_sample_oneprice,2026-05-04,Pickup,38.0
Nissan,Frontier PRO-4X,2026,"4,590 mi.",Gasoline,6 Cyl,Automatic,Gray,Gray,None reported,Yes,"$44,370",carfax_rebrowser_sample_oneprice,2026-05-04,Pickup,18.0
Toyota,Tundra SR,2026,"2,187 mi.",Gasoline,6 Cyl,Automatic,Black,Black,None reported,Yes,"$42,890",carfax_rebrowser_sample_oneprice,2026-05-04,Pickup,20.0
Hyundai,Santa Cruz SEL,2026,"3,037 mi.",Gasoline,4 Cyl,Automatic,Unknown,Black,None reported,Yes,"$32,910",carfax_rebrowser_sample_oneprice,2026-05-04,Pickup,25.0
Nissan,Frontier SV,2026,"4,627 mi.",Gasoline,6 Cyl,Automatic,White,Black,None reported,Yes,"$40,100",carfax_rebrowser_sample_oneprice,2026-05-04,Pickup,19.0
GMC,Sierra 1500 Elevation,2026,"14,227 mi.",Gasoline,4 Cyl,Automatic,White,Black,None reported,Yes,"$48,320",carfax_rebrowser_sample_oneprice,2026-05-04,Pickup,18.0
Hyundai,Santa Cruz SEL,2026,"6,210 mi.",Gasoline,4 Cyl,Automatic,Blue,Gray,None reported,Yes,"$29,770",carfax_rebrowser_sample_oneprice,2026-05-04,Pickup,25.0
Chevrolet,Colorado Trail Boss,2026,"1,893 mi.",Gasoline,4 Cyl,Automatic,Red,Black,None reported,Yes,"$42,270",carfax_rebrowser_sample_oneprice,2026-05-04,Pickup,18.0
Ford,Maverick Lariat,2026,"7,085 mi.",Hybrid,4 Cyl,Automatic,White,Tan,None reported,Yes,"$34,680",carfax_rebrowser_sample_oneprice,2026-05-04,Pickup,36.0
Toyota,Tacoma SR5,2026,"5,905 mi.",Gasoline,4 Cyl,Automatic,White,Unknown,None reported,Yes,"$37,880",carfax_rebrowser_sample_oneprice,2026-05-04,Pickup,22.0
Ford,Maverick XLT,2026,"2,020 mi.",Gasoline,4 Cyl,Automatic,Gray,Blue,None reported,Yes,"$32,960",carfax_rebrowser_sample_oneprice,2026-05-04,Pickup,25.0
Chevrolet,Silverado 1500 Custom,2026,"3,044 mi.",Gasoline,4 Cyl,Automatic,Blue,Black,None reported,Yes,"$45,200",carfax_rebrowser_sample_oneprice,2026-05-04,Pickup,18.0
Ram,3500 Limited,2025,"5,483 mi.",Diesel,6 Cyl,Automatic,White,Red,None reported,Yes,"$84,240",carfax_rebrowser_sample_oneprice,2026-05-04,Pickup,
Honda,Ridgeline Black Edition,2026,"1,853 mi.",Gasoline,6 Cyl,Automatic,Black,Black,None reported,Yes,"$45,330",carfax_rebrowser_sample_oneprice,2026-05-04,Pickup,21.0
Chevrolet,Silverado 1500 LT,2026,"7,288 mi.",Gasoline,4 Cyl,Automatic,Green,Black,None reported,Yes,"$45,120",carfax_rebrowser_sample_oneprice,2026-05-04,Pickup,18.0
GMC,Canyon Elevation,2026,"2,869 mi.",Gasoline,4 Cyl,Automatic,White,Black,None reported,Yes,"$38,360",carfax_rebrowser_sample_oneprice,2026-05-04,Pickup,20.0
GMC,Sierra 1500 Pro,2026,648 mi.,Gasoline,4 Cyl,Automatic,White,Black,None reported,Yes,"$38,440",carfax_rebrowser_sample_oneprice,2026-05-04,Pickup,20.0
Honda,Ridgeline RTL,2026,"4,966 mi.",Gasoline,6 Cyl,Automatic,Black,Black,None reported,Yes,"$40,280",carfax_rebrowser_sample_oneprice,2026-05-04,Pickup,21.0
Nissan,Frontier S,2026,"1,671 mi.",Gasoline,6 Cyl,Automatic,White,Black,None reported,Yes,"$34,500",carfax_rebrowser_sample_oneprice,2026-05-04,Pickup,19.0
Honda,Ridgeline Black Edition,2026,"13,000 mi.",Gasoline,6 Cyl,Automatic,Black,Black,None reported,Yes,"$42,960",carfax_rebrowser_sample_oneprice,2026-05-04,Pickup,21.0
Chevrolet,Silverado 1500 Custom,2026,"1,264 mi.",Gasoline,4 Cyl,Automatic,Black,Black,None reported,Yes,"$40,600",carfax_rebrowser_sample_oneprice,2026-05-04,Pickup,20.0
Toyota,Tacoma TRD Sport,2026,"1,855 mi.",Gasoline,4 Cyl,Automatic,Black,Black,None reported,Yes,"$45,560",carfax_rebrowser_sample_oneprice,2026-05-04,Pickup,21.0
Chevrolet,Silverado 1500 Custom,2026,"22,053 mi.",Gasoline,4 Cyl,Automatic,Gray,Black,None reported,Yes,"$42,420",carfax_rebrowser_sample_oneprice,2026-05-04,Pickup,18.0
Nissan,Frontier PRO-4X,2026,"2,584 mi.",Gasoline,6 Cyl,Automatic,Green,Gray,None reported,Yes,"$45,810",carfax_rebrowser_sample_oneprice,2026-05-04,Pickup,18.0
Ford,F-150 XL,2026,"1,823 mi.",Gasoline,6 Cyl,Automatic,White,Black,None reported,Yes,"$41,290",carfax_rebrowser_sample_oneprice,2026-05-04,Pickup,21.0
Chevrolet,Colorado Z71,2026,"6,410 mi.",Gasoline,4 Cyl,Automatic,Black,Red,None reported,Yes,"$44,640",carfax_rebrowser_sample_oneprice,2026-05-04,Pickup,18.0
Toyota,Tacoma TRD Off Road,2026,18 mi.,Gasoline,4 Cyl,Automatic,Bronze,Unknown,None reported,Yes,"$48,780",carfax_rebrowser_sample_oneprice,2026-05-04,Pickup,21.0
Chevrolet,Silverado 1500 RST,2026,"9,852 mi.",Gasoline,4 Cyl,Automatic,Gray,Black,None reported,Yes,"$45,990",carfax_rebrowser_sample_oneprice,2026-05-04,Pickup,18.0
Chevrolet,Colorado Work Truck,2026,"1,628 mi.",Gasoline,4 Cyl,Automatic,White,Black,None reported,Yes,"$37,980",carfax_rebrowser_sample_oneprice,2026-05-04,Pickup,18.0
Chevrolet,Silverado 1500 Custom,2026,"8,472 mi.",Gasoline,4 Cyl,Automatic,Gray,Black,None reported,Yes,"$40,390",carfax_rebrowser_sample_oneprice,2026-05-04,Pickup,18.0
Nissan,Frontier SV,2026,"1,826 mi.",Gasoline,6 Cyl,Automatic,Black,Black,None reported,Yes,"$34,390",carfax_rebrowser_sample_oneprice,2026-05-04,Pickup,21.0
Honda,Ridgeline RTL,2026,"4,743 mi.",Gasoline,6 Cyl,Automatic,Unknown,Unknown,None reported,Yes,"$41,410",carfax_rebrowser_sample_oneprice,2026-05-04,Pickup,21.0
Chevrolet,Colorado LT,2026,85 mi.,Gasoline,4 Cyl,Automatic,Gray,Black,None reported,Yes,"$35,960",carfax_rebrowser_sample_oneprice,2026-05-04,Pickup,21.0
Toyota,Tacoma TRD Sport,2026,"2,235 mi.",Gasoline,4 Cyl,Automatic,Black,Black,None reported,Yes,"$46,480",carfax_rebrowser_sample_oneprice,2026-05-04,Pickup,21.0
Nissan,Frontier PRO-4X,2026,"3,850 mi.",Gasoline,6 Cyl,Automatic,Black,Black,None reported,Yes,"$45,150",carfax_rebrowser_sample_oneprice,2026-05-04,Pickup,18.0
Hyundai,Santa Cruz SEL,2026,"16,985 mi.",Gasoline,4 Cyl,Automatic,Gray,Gray,None reported,Yes,"$32,310",carfax_rebrowser_sample_oneprice,2026-05-04,Pickup,24.0
Chevrolet,Colorado Trail Boss,2026,"5,120 mi.",Gasoline,4 Cyl,Automatic,White,Unknown,None reported,Yes,"$41,470",carfax_rebrowser_sample_oneprice,2026-05-04,Pickup,18.0
Land Rover,Defender 110,2025,"5,064 mi.",Gasoline,6 Cyl,Automatic,Silver,Gray,None reported,Yes,"$85,120",carfax_rebrowser_sample_oneprice,2026-05-04,SUV,19.0
Dodge,Durango GT,2026,"10,476 mi.",Gasoline,6 Cyl,Automatic,White,Black,None reported,Yes,"$42,960",carfax_rebrowser_sample_oneprice,2026-05-04,SUV,20.0
BMW,X2 xDrive28i,2026,"15,424 mi.",Gasoline,4 Cyl,Automatic,Black,Unknown,None reported,Yes,"$41,310",carfax_rebrowser_sample_oneprice,2026-05-04,SUV,28.0
Ford,F-150 Lariat,2025,"1,483 mi.",Hybrid,6 Cyl,Automatic,White,Gray,None reported,Yes,"$61,330",carfax_rebrowser_sample_oneprice,2026-05-04,Pickup,23.0
Chevrolet,Silverado 2500HD LTZ,2024,"18,758 mi.",Diesel,8 Cyl,Automatic,Black,Black,None reported,Yes,"$68,690",carfax_rebrowser_sample_oneprice,2026-05-04,Pickup,
Chevrolet,Suburban LT,2024,"24,268 mi.",Gasoline,8 Cyl,Automatic,Black,Black,None reported,Yes,"$57,880",carfax_rebrowser_sample_oneprice,2026-05-04,SUV,17.0
Mercedes-Benz,GLA 250,2025,"3,278 mi.",Gasoline,4 Cyl,Automatic,White,Black,None reported,Yes,"$40,390",carfax_rebrowser_sample_oneprice,2026-05-04,SUV,29.0
GMC,Terrain SLE,2024,"14,058 mi.",Gasoline,4 Cyl,Automatic,Red,Black,None reported,Yes,"$24,360",carfax_rebrowser_sample_oneprice,2026-05-04,SUV,26.0
Nissan,Armada PRO-4X,2025,"5,145 mi.",Gasoline,6 Cyl,Automatic,Black,Black,None reported,Yes,"$64,610",carfax_rebrowser_sample_oneprice,2026-05-04,SUV,16.0
BMW,X1 M35i,2025,"7,224 mi.",Gasoline,4 Cyl,Automatic,White,Tan,None reported,Yes,"$48,560",carfax_rebrowser_sample_oneprice,2026-05-04,SUV,26.0
BMW,X3 xDrive30,2025,"19,096 mi.",Gasoline,4 Cyl,Automatic,Black,Brown,None reported,Yes,"$44,330",carfax_rebrowser_sample_oneprice,2026-05-04,SUV,29.0
Mercedes-Benz,S-Class S 580,2025,"3,775 mi.",Gasoline,8 Cyl,Automatic,Gray,Tan,None reported,Yes,"$117,730",carfax_rebrowser_sample_oneprice,2026-05-04,Sedan,20.0
Lotus,Emira First Edition,2024,401 mi.,Gasoline,6 Cyl,Unknown,Red,Tan,None reported,Yes,"$97,100",carfax_rebrowser_sample_oneprice,2026-05-05,Coupe,21.0
Lotus,Emira First Edition,2024,458 mi.,Gasoline,4 Cyl,Automatic,Gray,Tan,None reported,Yes,"$95,850",carfax_rebrowser_sample_oneprice,2026-05-05,Coupe,
Honda,CR-V LX,2025,"18,793 mi.",Gasoline,4 Cyl,Automatic,Silver,Black,None reported,Yes,"$29,190",carfax_rebrowser_sample_oneprice,2026-05-05,SUV,28.0
Chevrolet,Corvette,2026,30 mi.,Gasoline,8 Cyl,Automatic,Orange,Black,None reported,Yes,"$71,460",carfax_rebrowser_sample_oneprice,2026-05-05,Coupe,19.0
Toyota,GR Supra MkV Final Edition,2026,459 mi.,Gasoline,6 Cyl,Manual,Unknown,Black,None reported,Yes,"$70,560",carfax_rebrowser_sample_oneprice,2026-05-05,Coupe,21.0
Mercedes-Benz,CLE 300,2026,898 mi.,Gasoline,4 Cyl,Automatic,White,Brown,None reported,Yes,"$61,030",carfax_rebrowser_sample_oneprice,2026-05-05,Coupe,27.0
Chevrolet,Corvette,2026,"2,767 mi.",Gasoline,8 Cyl,Automatic,White,Gray,None reported,Yes,"$64,350",carfax_rebrowser_sample_oneprice,2026-05-05,Coupe,19.0
Chevrolet,Corvette,2026,"1,432 mi.",Gasoline,8 Cyl,Automatic,Red,Black,None reported,Yes,"$64,390",carfax_rebrowser_sample_oneprice,2026-05-05,Coupe,19.0
Chevrolet,Corvette,2026,"5,823 mi.",Gasoline,8 Cyl,Automatic,Silver,Red,None reported,Yes,"$59,620",carfax_rebrowser_sample_oneprice,2026-05-05,Coupe,19.0
Mercedes-Benz,CLE 300,2026,"4,064 mi.",Gasoline,4 Cyl,Automatic,Gray,Black,None reported,Yes,"$61,420",carfax_rebrowser_sample_oneprice,2026-05-05,Coupe,27.0
BMW,M2,2026,"1,443 mi.",Gasoline,6 Cyl,Automatic,Gray,Black,None reported,Yes,"$73,710",carfax_rebrowser_sample_oneprice,2026-05-05,Coupe,19.0
Mercedes-Benz,CLE 300,2026,5 mi.,Gasoline,4 Cyl,Automatic,Black,Tan,None reported,Yes,"$57,520",carfax_rebrowser_sample_oneprice,2026-05-05,Coupe,27.0
BMW,M2,2026,"4,730 mi.",Gasoline,6 Cyl,Automatic,Gray,Black,None reported,Yes,"$71,050",carfax_rebrowser_sample_oneprice,2026-05-05,Coupe,19.0
BMW,M2,2026,"5,255 mi.",Gasoline,6 Cyl,Automatic,Gray,Black,None reported,Yes,"$71,420",carfax_rebrowser_sample_oneprice,2026-05-05,Coupe,19.0
Toyota,GR Supra Premium,2026,"1,148 mi.",Gasoline,6 Cyl,Automatic,White,Black,None reported,Yes,"$66,240",carfax_rebrowser_sample_oneprice,2026-05-05,Coupe,25.0
Chevrolet,Corvette,2026,435 mi.,Gasoline,8 Cyl,Automatic,Silver,Red,None reported,Yes,"$64,260",carfax_rebrowser_sample_oneprice,2026-05-05,Coupe,19.0
Toyota,GR Supra Premium,2026,88 mi.,Gasoline,6 Cyl,Manual,Red,Black,None reported,Yes,"$73,610",carfax_rebrowser_sample_oneprice,2026-05-05,Coupe,21.0
Ford,Mustang,2024,"16,459 mi.",Gasoline,4 Cyl,Automatic,White,Red,None reported,Yes,"$35,170",carfax_rebrowser_sample_oneprice,2026-05-05,Coupe,26.0
Ford,Mustang GT,2024,"52,982 mi.",Gasoline,8 Cyl,Manual,Red,Black,None reported,Yes,"$40,310",carfax_rebrowser_sample_oneprice,2026-05-05,Coupe,17.0
Ford,Mustang GT,2024,"35,738 mi.",Gasoline,8 Cyl,Automatic,Red,Black,None reported,Yes,"$60,640",carfax_rebrowser_sample_oneprice,2026-05-05,Coupe,18.0
Ford,Mustang GT,2024,"9,620 mi.",Gasoline,8 Cyl,Manual,Red,Black,None reported,Yes,"$45,980",carfax_rebrowser_sample_oneprice,2026-05-05,Coupe,18.0
Subaru,BRZ Series.Yellow,2026,987 mi.,Gasoline,4 Cyl,Manual,Yellow,Black,None reported,Yes,"$38,740",carfax_rebrowser_sample_oneprice,2026-05-05,Coupe,22.0
Chevrolet,Silverado 1500 RST,2024,"31,740 mi.",Gasoline,8 Cyl,Automatic,White,Black,None reported,Yes,"$46,690",carfax_rebrowser_sample_oneprice,2026-05-05,Pickup,16.0
BMW,4 Series 430i xDrive,2026,"21,870 mi.",Gasoline,4 Cyl,Automatic,Gray,Brown,None reported,Yes,"$43,530",carfax_rebrowser_sample_oneprice,2026-05-05,Coupe,30.0
Ford,Mustang,2026,"3,552 mi.",Gasoline,4 Cyl,Automatic,White,Black,None reported,Yes,"$31,630",carfax_rebrowser_sample_oneprice,2026-05-05,Coupe,26.0
Ford,Mustang,2026,"5,204 mi.",Gasoline,4 Cyl,Automatic,Black,Black,None reported,Yes,"$29,290",carfax_rebrowser_sample_oneprice,2026-05-05,Coupe,26.0
Toyota,GR86 Premium,2026,16 mi.,Gasoline,4 Cyl,Automatic,Black,Black,None reported,Yes,"$40,070",carfax_rebrowser_sample_oneprice,2026-05-05,Coupe,
BMW,2 Series 230i xDrive,2026,"1,607 mi.",Gasoline,4 Cyl,Automatic,Black,Brown,None reported,Yes,"$47,590",carfax_rebrowser_sample_oneprice,2026-05-05,Coupe,28.0
Ford,Mustang,2026,"5,768 mi.",Gasoline,4 Cyl,Automatic,Blue,Black,None reported,Yes,"$31,790",carfax_rebrowser_sample_oneprice,2026-05-05,Coupe,26.0
Ford,Mustang,2026,"8,322 mi.",Gasoline,4 Cyl,Automatic,White,Black,None reported,Yes,"$34,920",carfax_rebrowser_sample_oneprice,2026-05-05,Coupe,26.0
Toyota,GR86 Premium,2026,781 mi.,Gasoline,4 Cyl,Automatic,Blue,Black,None reported,Yes,"$41,110",carfax_rebrowser_sample_oneprice,2026-05-05,Coupe,
Toyota,GR86 Premium,2025,"23,259 mi.",Gasoline,4 Cyl,Manual,Gray,Black,None reported,Yes,"$34,370",carfax_rebrowser_sample_oneprice,2026-05-05,Coupe,
Chevrolet,Colorado LT,2025,"5,056 mi.",Gasoline,4 Cyl,Automatic,White,Black,None reported,Yes,"$37,790",carfax_rebrowser_sample_oneprice,2026-05-05,Pickup,18.0
Ford,Mustang,2026,"7,176 mi.",Gasoline,4 Cyl,Automatic,Red,Black,None reported,Yes,"$34,460",carfax_rebrowser_sample_oneprice,2026-05-05,Coupe,26.0
Chevrolet,Colorado Trail Boss,2025,"3,976 mi.",Gasoline,4 Cyl,Automatic,Black,Black,None reported,Yes,"$40,700",carfax_rebrowser_sample_oneprice,2026-05-05,Pickup,18.0
Ford,Maverick Lobo,2025,972 mi.,Gasoline,4 Cyl,Automatic,Blue,Black,None reported,Yes,"$35,590",carfax_rebrowser_sample_oneprice,2026-05-05,Pickup,24.0
Ram,1500 SLT,2024,"48,787 mi.",Gasoline,6 Cyl,Automatic,Black,Black,None reported,Yes,"$29,720",carfax_rebrowser_sample_oneprice,2026-05-06,Pickup,19.0
Porsche,Cayenne Turbo,2026,"2,600 mi.",Hybrid,8 Cyl,Automatic,White,Black,None reported,Yes,"$189,070",carfax_rebrowser_sample_oneprice,2026-05-06,SUV,
Porsche,Cayenne S,2026,"11,989 mi.",Gasoline,8 Cyl,Automatic,Blue,Black,None reported,Yes,"$130,220",carfax_rebrowser_sample_oneprice,2026-05-06,SUV,18.0
Porsche,Cayenne S,2026,"13,902 mi.",Gasoline,8 Cyl,Automatic,Black,Black,None reported,Yes,"$130,070",carfax_rebrowser_sample_oneprice,2026-05-06,SUV,18.0
Cadillac,Escalade,2026,"4,500 mi.",Gasoline,8 Cyl,Automatic,Gray,Black,None reported,Yes,"$185,260",carfax_rebrowser_sample_oneprice,2026-05-06,SUV,13.0
Cadillac,Escalade,2026,"1,369 mi.",Gasoline,8 Cyl,Automatic,Silver,Gray,None reported,Yes,"$133,410",carfax_rebrowser_sample_oneprice,2026-05-06,SUV,16.0
Tesla,Model X Plaid,2026,"3,959 mi.",Electric,Electric,Automatic,Blue,Unknown,None reported,Yes,"$99,960",carfax_rebrowser_sample_oneprice,2026-05-06,SUV,100.0
Porsche,Cayenne GTS,2026,"5,438 mi.",Gasoline,8 Cyl,Automatic,White,Black,None reported,Yes,"$145,480",carfax_rebrowser_sample_oneprice,2026-05-06,SUV,18.0
Porsche,Cayenne S,2026,"5,734 mi.",Hybrid,6 Cyl,Automatic,Black,Black,None reported,Yes,"$126,310",carfax_rebrowser_sample_oneprice,2026-05-06,SUV,
Cadillac,Escalade ESV,2026,"3,712 mi.",Gasoline,8 Cyl,Automatic,Black,Gray,None reported,Yes,"$131,410",carfax_rebrowser_sample_oneprice,2026-05-06,SUV,16.0
Cadillac,Escalade IQL Premium Sport,2026,"11,558 mi.",Electric,Electric,Automatic,White,Unknown,None reported,Yes,"$136,240",carfax_rebrowser_sample_oneprice,2026-05-06,SUV,
Cadillac,Escalade ESV,2026,"2,325 mi.",Gasoline,8 Cyl,Automatic,White,Tan,None reported,Yes,"$135,360",carfax_rebrowser_sample_oneprice,2026-05-06,SUV,16.0
BMW,XM Label,2026,"5,145 mi.",Hybrid,8 Cyl,Automatic,Gray,Gray,None reported,Yes,"$129,710",carfax_rebrowser_sample_oneprice,2026-05-06,SUV,14.0
Porsche,Cayenne S,2026,"5,980 mi.",Hybrid,6 Cyl,Automatic,Blue,Black,None reported,Yes,"$126,420",carfax_rebrowser_sample_oneprice,2026-05-06,SUV,
BMW,X6 M Competition,2026,"2,691 mi.",Gasoline,8 Cyl,Automatic,Blue,Black,None reported,Yes,"$135,530",carfax_rebrowser_sample_oneprice,2026-05-06,SUV,15.0
Mercedes-Benz,GLS 580,2026,"3,527 mi.",Gasoline,8 Cyl,Automatic,Gray,Tan,None reported,Yes,"$115,030",carfax_rebrowser_sample_oneprice,2026-05-06,SUV,
Cadillac,Escalade,2026,72 mi.,Gasoline,8 Cyl,Automatic,White,Tan,None reported,Yes,"$144,490",carfax_rebrowser_sample_oneprice,2026-05-06,SUV,16.0
Cadillac,Escalade ESV,2026,"1,717 mi.",Gasoline,8 Cyl,Automatic,Black,Black,None reported,Yes,"$184,370",carfax_rebrowser_sample_oneprice,2026-05-06,SUV,13.0
Mercedes-Benz,GLS 63 AMG,2026,"9,246 mi.",Gasoline,8 Cyl,Automatic,Black,Red,None reported,Yes,"$151,610",carfax_rebrowser_sample_oneprice,2026-05-06,SUV,17.0
Mercedes-Benz,G-Class AMG G 63,2026,26 mi.,Gasoline,8 Cyl,Automatic,Blue,Black,None reported,Yes,"$256,150",carfax_rebrowser_sample_oneprice,2026-05-06,SUV,15.0
Mercedes-Benz,G-Class AMG G 63,2026,"3,018 mi.",Gasoline,8 Cyl,Automatic,Gray,Red,None reported,Yes,"$242,980",carfax_rebrowser_sample_oneprice,2026-05-06,SUV,15.0
Cadillac,Escalade IQL Premium Sport,2026,"8,140 mi.",Electric,Electric,Automatic,Black,Blue,None reported,Yes,"$134,860",carfax_rebrowser_sample_oneprice,2026-05-06,SUV,
BMW,XM Label,2026,"6,486 mi.",Hybrid,8 Cyl,Automatic,Gray,Gray,None reported,Yes,"$127,380",carfax_rebrowser_sample_oneprice,2026-05-06,SUV,14.0
Mercedes-Benz,G-Class AMG G 63,2026,15 mi.,Gasoline,8 Cyl,Automatic,White,Black,None reported,Yes,"$257,250",carfax_rebrowser_sample_oneprice,2026-05-06,SUV,15.0
Mercedes-Benz,G-Class AMG G 63,2026,918 mi.,Gasoline,8 Cyl,Automatic,Black,Tan,None reported,Yes,"$242,370",carfax_rebrowser_sample_oneprice,2026-05-06,SUV,15.0
Mercedes-Benz,G-Class AMG G 63,2026,26 mi.,Gasoline,8 Cyl,Automatic,White,Black,None reported,Yes,"$252,650",carfax_rebrowser_sample_oneprice,2026-05-06,SUV,15.0
Cadillac,Escalade,2026,"6,357 mi.",Gasoline,8 Cyl,Automatic,Black,Black,None reported,Yes,"$189,280",carfax_rebrowser_sample_oneprice,2026-05-06,SUV,13.0
Cadillac,Escalade,2026,"7,762 mi.",Gasoline,8 Cyl,Automatic,Black,Gray,None reported,Yes,"$191,240",carfax_rebrowser_sample_oneprice,2026-05-06,SUV,13.0
Mercedes-Benz,G-Class AMG G 63,2026,9 mi.,Gasoline,8 Cyl,Automatic,Gray,Unknown,None reported,Yes,"$250,160",carfax_rebrowser_sample_oneprice,2026-05-06,SUV,15.0
Land Rover,Range Rover SE,2026,29 mi.,Gasoline,6 Cyl,Automatic,Unknown,Unknown,None reported,Yes,"$151,120",carfax_rebrowser_sample_oneprice,2026-05-06,SUV,21.0
Cadillac,Escalade,2026,"2,811 mi.",Gasoline,8 Cyl,Automatic,Blue,Black,None reported,Yes,"$130,630",carfax_rebrowser_sample_oneprice,2026-05-06,SUV,16.0
Mercedes-Benz,G-Class AMG G 63,2026,250 mi.,Gasoline,8 Cyl,Automatic,Silver,Tan,None reported,Yes,"$250,160",carfax_rebrowser_sample_oneprice,2026-05-06,SUV,15.0
Cadillac,Escalade,2026,"8,691 mi.",Gasoline,8 Cyl,Automatic,Black,Black,None reported,Yes,"$126,110",carfax_rebrowser_sample_oneprice,2026-05-06,SUV,16.0
Mercedes-Benz,G-Class AMG G 63,2026,"5,734 mi.",Gasoline,8 Cyl,Automatic,Gray,Black,None reported,Yes,"$241,220",carfax_rebrowser_sample_oneprice,2026-05-06,SUV,15.0
Cadillac,Escalade,2026,65 mi.,Gasoline,8 Cyl,Automatic,Red,Black,None reported,Yes,"$204,610",carfax_rebrowser_sample_oneprice,2026-05-06,SUV,13.0
Mercedes-Benz,G-Class AMG G 63,2026,"1,205 mi.",Gasoline,8 Cyl,Automatic,Gray,Black,None reported,Yes,"$252,110",carfax_rebrowser_sample_oneprice,2026-05-06,SUV,15.0
Cadillac,Escalade ESV,2026,"5,413 mi.",Gasoline,8 Cyl,Automatic,Silver,Gray,None reported,Yes,"$178,590",carfax_rebrowser_sample_oneprice,2026-05-06,SUV,13.0
Mercedes-Benz,GLS 63 AMG,2026,"1,835 mi.",Gasoline,8 Cyl,Automatic,Gray,Black,None reported,Yes,"$150,050",carfax_rebrowser_sample_oneprice,2026-05-06,SUV,17.0
Mercedes-Benz,GLS Maybach GLS 600,2026,742 mi.,Gasoline,8 Cyl,Automatic,Black,White,None reported,Yes,"$185,680",carfax_rebrowser_sample_oneprice,2026-05-06,SUV,
Cadillac,Escalade,2026,15 mi.,Gasoline,8 Cyl,Automatic,White,Black,None reported,Yes,"$140,800",carfax_rebrowser_sample_oneprice,2026-05-06,SUV,16.0
Audi,RS Q8 performance,2026,"1,178 mi.",Gasoline,8 Cyl,Automatic,Black,Black,None reported,Yes,"$146,610",carfax_rebrowser_sample_oneprice,2026-05-06,SUV,16.0
Cadillac,Escalade,2026,87 mi.,Gasoline,8 Cyl,Automatic,White,Black,None reported,Yes,"$199,870",carfax_rebrowser_sample_oneprice,2026-05-06,SUV,13.0
Mercedes-Benz,G-Class AMG G 63,2026,19 mi.,Gasoline,8 Cyl,Automatic,Gray,Unknown,None reported,Yes,"$254,320",carfax_rebrowser_sample_oneprice,2026-05-06,SUV,15.0
BMW,XM Label,2026,"2,022 mi.",Hybrid,8 Cyl,Automatic,Black,Black,None reported,Yes,"$138,490",carfax_rebrowser_sample_oneprice,2026-05-06,SUV,14.0
Cadillac,Escalade,2026,116 mi.,Gasoline,8 Cyl,Automatic,Green,Black,None reported,Yes,"$194,450",carfax_rebrowser_sample_oneprice,2026-05-06,SUV,13.0
Mercedes-Benz,G-Class AMG G 63,2026,10 mi.,Gasoline,8 Cyl,Automatic,White,Red,None reported,Yes,"$259,830",carfax_rebrowser_sample_oneprice,2026-05-06,SUV,15.0
Mercedes-Benz,GLS Maybach GLS 600,2026,49 mi.,Gasoline,8 Cyl,Automatic,White,Black,None reported,Yes,"$197,170",carfax_rebrowser_sample_oneprice,2026-05-06,SUV,
Mercedes-Benz,GLS Maybach GLS 600,2026,47 mi.,Gasoline,8 Cyl,Automatic,White,Tan,None reported,Yes,"$197,910",carfax_rebrowser_sample_oneprice,2026-05-06,SUV,
Mercedes-Benz,G-Class AMG G 63,2026,"1,405 mi.",Gasoline,8 Cyl,Automatic,Black,Black,None reported,Yes,"$242,250",carfax_rebrowser_sample_oneprice,2026-05-06,SUV,15.0
Mercedes-Benz,GLS 63 AMG,2026,"1,650 mi.",Gasoline,8 Cyl,Automatic,Black,Black,None reported,Yes,"$151,010",carfax_rebrowser_sample_oneprice,2026-05-06,SUV,17.0
Land Rover,Range Rover SV,2026,712 mi.,Gasoline,8 Cyl,Automatic,Green,Unknown,None reported,Yes,"$253,970",carfax_rebrowser_sample_oneprice,2026-05-06,SUV,18.0
Porsche,Cayenne Turbo GT,2026,"2,121 mi.",Gasoline,8 Cyl,Automatic,Gray,Black,None reported,Yes,"$223,570",carfax_rebrowser_sample_oneprice,2026-05-06,SUV,17.0
Land Rover,Defender 110,2026,"1,556 mi.",Gasoline,8 Cyl,Automatic,Gray,Black,None reported,Yes,"$114,450",carfax_rebrowser_sample_oneprice,2026-05-06,SUV,16.0
Mercedes-Benz,GLS Maybach GLS 600,2026,929 mi.,Gasoline,8 Cyl,Automatic,White,Red,None reported,Yes,"$192,810",carfax_rebrowser_sample_oneprice,2026-05-06,SUV,
Cadillac,Escalade,2026,"5,525 mi.",Gasoline,8 Cyl,Automatic,Black,Gray,None reported,Yes,"$189,680",carfax_rebrowser_sample_oneprice,2026-05-06,SUV,13.0
Mercedes-Benz,G-Class AMG G 63,2026,903 mi.,Gasoline,8 Cyl,Automatic,White,Black,None reported,Yes,"$245,940",carfax_rebrowser_sample_oneprice,2026-05-06,SUV,15.0
Audi,RS Q8 performance,2026,"1,537 mi.",Gasoline,8 Cyl,Automatic,Black,Black,None reported,Yes,"$147,840",carfax_rebrowser_sample_oneprice,2026-05-06,SUV,16.0
Cadillac,Escalade,2026,"1,472 mi.",Gasoline,8 Cyl,Automatic,Black,Black,None reported,Yes,"$198,960",carfax_rebrowser_sample_oneprice,2026-05-06,SUV,13.0
Land Rover,Defender 110,2026,"1,876 mi.",Gasoline,8 Cyl,Automatic,Gray,Brown,None reported,Yes,"$172,740",carfax_rebrowser_sample_oneprice,2026-05-06,SUV,17.0
Mercedes-Benz,G-Class AMG G 63,2026,"2,170 mi.",Gasoline,8 Cyl,Automatic,Black,Brown,None reported,Yes,"$246,790",carfax_rebrowser_sample_oneprice,2026-05-06,SUV,15.0
Porsche,Cayenne Turbo GT,2024,"26,514 mi.",Gasoline,8 Cyl,Automatic,Black,Black,None reported,Yes,"$161,060",carfax_rebrowser_sample_oneprice,2026-05-06,SUV,
Honda,Civic Sport,2024,"23,348 mi.",Gasoline,4 Cyl,Automatic,White,Black,None reported,Yes,"$26,610",carfax_rebrowser_sample_oneprice,2026-05-06,Hatchback,32.0
Mercedes-Benz,G-Class G 580,2025,"5,946 mi.",Electric,Electric,Automatic,Black,White,None reported,Yes,"$151,560",carfax_rebrowser_sample_oneprice,2026-05-06,SUV,
Cadillac,Escalade,2025,"8,811 mi.",Gasoline,8 Cyl,Automatic,White,Tan,None reported,Yes,"$123,350",carfax_rebrowser_sample_oneprice,2026-05-06,SUV,16.0
Land Rover,Range Rover Autobiography,2025,"27,198 mi.",Gasoline,8 Cyl,Automatic,White,Black,None reported,Yes,"$149,320",carfax_rebrowser_sample_oneprice,2026-05-06,SUV,18.0
Porsche,Cayenne Turbo GT,2025,"9,506 mi.",Gasoline,8 Cyl,Automatic,White,Black,None reported,Yes,"$188,500",carfax_rebrowser_sample_oneprice,2026-05-06,SUV,17.0
Land Rover,Range Rover SE,2025,"7,596 mi.",Gasoline,8 Cyl,Automatic,White,Black,None reported,Yes,"$127,370",carfax_rebrowser_sample_oneprice,2026-05-06,SUV,19.0
Mercedes-Benz,G-Class AMG G 63,2025,"3,070 mi.",Gasoline,8 Cyl,Automatic,Gray,Tan,None reported,Yes,"$225,880",carfax_rebrowser_sample_oneprice,2026-05-06,SUV,15.0
Cadillac,Escalade ESV,2025,"7,818 mi.",Gasoline,8 Cyl,Automatic,Black,Black,None reported,Yes,"$170,200",carfax_rebrowser_sample_oneprice,2026-05-06,SUV,13.0
Porsche,Cayenne Turbo GT,2025,"6,363 mi.",Gasoline,8 Cyl,Automatic,Black,Black,None reported,Yes,"$195,850",carfax_rebrowser_sample_oneprice,2026-05-06,SUV,17.0
Honda,Civic EXL,2024,"29,047 mi.",Gasoline,4 Cyl,Automatic,Black,Black,None reported,Yes,"$25,680",carfax_rebrowser_sample_oneprice,2026-05-06,Hatchback,33.0
Cadillac,Escalade ESV,2025,"11,500 mi.",Gasoline,8 Cyl,Automatic,White,Gray,None reported,Yes,"$118,260",carfax_rebrowser_sample_oneprice,2026-05-06,SUV,16.0
Land Rover,Range Rover Autobiography,2025,"28,419 mi.",Gasoline,8 Cyl,Automatic,Black,Black,None reported,Yes,"$140,560",carfax_rebrowser_sample_oneprice,2026-05-06,SUV,19.0
BMW,XM,2025,"3,099 mi.",Hybrid,8 Cyl,Automatic,Black,Gray,None reported,Yes,"$131,330",carfax_rebrowser_sample_oneprice,2026-05-06,SUV,14.0
BMW,X6 M Competition,2025,"28,090 mi.",Gasoline,8 Cyl,Automatic,Gray,White,None reported,Yes,"$107,210",carfax_rebrowser_sample_oneprice,2026-05-06,SUV,15.0
Porsche,Cayenne GTS,2025,"3,280 mi.",Gasoline,8 Cyl,Automatic,Black,Black,None reported,Yes,"$144,860",carfax_rebrowser_sample_oneprice,2026-05-06,SUV,18.0
Cadillac,Escalade,2025,"9,044 mi.",Gasoline,8 Cyl,Automatic,Silver,Black,None reported,Yes,"$116,940",carfax_rebrowser_sample_oneprice,2026-05-06,SUV,16.0
Mercedes-Benz,G-Class G 550,2025,"11,117 mi.",Gasoline,6 Cyl,Automatic,Gray,Black,None reported,Yes,"$156,510",carfax_rebrowser_sample_oneprice,2026-05-06,SUV,18.0
GMC,Yukon Denali Ultimate,2025,"29,241 mi.",Gasoline,8 Cyl,Automatic,Black,Brown,None reported,Yes,"$94,640",carfax_rebrowser_sample_oneprice,2026-05-06,SUV,16.0
Land Rover,Range Rover SE,2025,"2,929 mi.",Gasoline,8 Cyl,Automatic,White,Unknown,None reported,Yes,"$136,610",carfax_rebrowser_sample_oneprice,2026-05-06,SUV,19.0
Cadillac,Escalade,2025,"8,202 mi.",Gasoline,8 Cyl,Automatic,White,Gray,None reported,Yes,"$120,610",carfax_rebrowser_sample_oneprice,2026-05-06,SUV,16.0
Porsche,Cayenne Turbo GT,2025,"4,155 mi.",Gasoline,8 Cyl,Automatic,Gray,Unknown,None reported,Yes,"$191,870",carfax_rebrowser_sample_oneprice,2026-05-06,SUV,17.0
Cadillac,Escalade,2025,"1,771 mi.",Gasoline,8 Cyl,Automatic,White,Tan,None reported,Yes,"$119,680",carfax_rebrowser_sample_oneprice,2026-05-06,SUV,16.0
Lexus,LX 700h,2025,"18,718 mi.",Hybrid,6 Cyl,Automatic,White,Gray,None reported,Yes,"$100,850",carfax_rebrowser_sample_oneprice,2026-05-06,SUV,20.0
Cadillac,Escalade,2025,"2,585 mi.",Gasoline,8 Cyl,Automatic,Black,Black,None reported,Yes,"$171,110",carfax_rebrowser_sample_oneprice,2026-05-06,SUV,13.0
Mercedes-Benz,EQS 450,2025,"7,423 mi.",Electric,Electric,Automatic,White,Tan,None reported,Yes,"$79,350",carfax_rebrowser_sample_oneprice,2026-05-06,SUV,79.0
Land Rover,Range Rover SE,2025,"4,636 mi.",Gasoline,6 Cyl,Automatic,Black,Unknown,None reported,Yes,"$114,730",carfax_rebrowser_sample_oneprice,2026-05-06,SUV,21.0
Cadillac,Escalade,2025,"20,061 mi.",Gasoline,8 Cyl,Automatic,Black,Black,None reported,Yes,"$102,260",carfax_rebrowser_sample_oneprice,2026-05-06,SUV,16.0
Cadillac,Escalade IQ Luxury 1,2025,"4,521 mi.",Electric,Electric,Automatic,Black,Black,None reported,Yes,"$97,400",carfax_rebrowser_sample_oneprice,2026-05-06,SUV,
Land Rover,Range Rover SE,2025,"7,175 mi.",Hybrid,6 Cyl,Automatic,Gray,Unknown,None reported,Yes,"$118,270",carfax_rebrowser_sample_oneprice,2026-05-06,SUV,21.0
Porsche,Cayenne S,2025,"7,896 mi.",Gasoline,8 Cyl,Automatic,Black,Black,None reported,Yes,"$122,810",carfax_rebrowser_sample_oneprice,2026-05-06,SUV,18.0
Cadillac,Escalade ESV,2025,"10,320 mi.",Gasoline,8 Cyl,Automatic,White,Black,None reported,Yes,"$121,850",carfax_rebrowser_sample_oneprice,2026-05-06,SUV,16.0
Land Rover,Range Rover SE,2025,"8,654 mi.",Gasoline,6 Cyl,Automatic,Gray,Unknown,None reported,Yes,"$116,390",carfax_rebrowser_sample_oneprice,2026-05-06,SUV,21.0
Mercedes-Benz,GLS 580,2025,"3,357 mi.",Gasoline,8 Cyl,Automatic,Black,Black,None reported,Yes,"$102,930",carfax_rebrowser_sample_oneprice,2026-05-06,SUV,
Mercedes-Benz,G-Class G 550,2025,"7,682 mi.",Gasoline,6 Cyl,Automatic,White,Red,None reported,Yes,"$146,460",carfax_rebrowser_sample_oneprice,2026-05-06,SUV,18.0
BMW,XM,2025,"10,731 mi.",Hybrid,8 Cyl,Automatic,Black,Black,None reported,Yes,"$118,320",carfax_rebrowser_sample_oneprice,2026-05-06,SUV,14.0
Mercedes-Benz,GLS Maybach GLS 600,2025,"6,794 mi.",Gasoline,8 Cyl,Automatic,Black,White,None reported,Yes,"$166,660",carfax_rebrowser_sample_oneprice,2026-05-06,SUV,
Cadillac,Escalade ESV,2025,"15,143 mi.",Gasoline,8 Cyl,Automatic,Black,Black,None reported,Yes,"$107,530",carfax_rebrowser_sample_oneprice,2026-05-06,SUV,16.0
Land Rover,Range Rover SE,2025,"2,988 mi.",Gasoline,8 Cyl,Automatic,Black,Black,None reported,Yes,"$139,850",carfax_rebrowser_sample_oneprice,2026-05-06,SUV,19.0
Land Rover,Range Rover SE,2025,"13,624 mi.",Gasoline,8 Cyl,Automatic,Gray,Red,None reported,Yes,"$113,610",carfax_rebrowser_sample_oneprice,2026-05-06,SUV,19.0
Cadillac,Escalade,2025,"4,073 mi.",Gasoline,8 Cyl,Automatic,Red,Tan,None reported,Yes,"$100,490",carfax_rebrowser_sample_oneprice,2026-05-06,SUV,16.0
Land Rover,Range Rover Sport SE Dynamic,2025,"6,776 mi.",Gasoline,8 Cyl,Automatic,Black,Black,None reported,Yes,"$104,380",carfax_rebrowser_sample_oneprice,2026-05-06,SUV,19.0
Lexus,LX 700h,2025,"10,304 mi.",Hybrid,6 Cyl,Automatic,Silver,Red,None reported,Yes,"$109,900",carfax_rebrowser_sample_oneprice,2026-05-06,SUV,20.0
Land Rover,Range Rover SE,2025,"5,374 mi.",Gasoline,6 Cyl,Automatic,White,Gray,None reported,Yes,"$117,400",carfax_rebrowser_sample_oneprice,2026-05-06,SUV,21.0
Cadillac,Escalade IQ Luxury 2,2025,"10,482 mi.",Electric,Electric,Automatic,Blue,Blue,None reported,Yes,"$119,590",carfax_rebrowser_sample_oneprice,2026-05-06,SUV,
Cadillac,Escalade ESV,2025,"7,084 mi.",Gasoline,8 Cyl,Automatic,White,Red,None reported,Yes,"$107,440",carfax_rebrowser_sample_oneprice,2026-05-06,SUV,16.0
Land Rover,Range Rover SE,2025,"7,231 mi.",Gasoline,6 Cyl,Automatic,Black,Unknown,None reported,Yes,"$117,190",carfax_rebrowser_sample_oneprice,2026-05-06,SUV,21.0
Lexus,LX 700h,2025,"4,521 mi.",Hybrid,6 Cyl,Automatic,Black,Red,None reported,Yes,"$105,180",carfax_rebrowser_sample_oneprice,2026-05-06,SUV,20.0
Lexus,LX 600,2025,"2,564 mi.",Gasoline,6 Cyl,Automatic,White,Black,None reported,Yes,"$108,680",carfax_rebrowser_sample_oneprice,2026-05-06,SUV,19.0
Cadillac,Escalade,2025,"23,000 mi.",Gasoline,8 Cyl,Automatic,White,Black,None reported,Yes,"$105,630",carfax_rebrowser_sample_oneprice,2026-05-06,SUV,16.0
Lexus,LX 700h,2025,"22,398 mi.",Hybrid,6 Cyl,Automatic,Gray,Brown,None reported,Yes,"$108,220",carfax_rebrowser_sample_oneprice,2026-05-06,SUV,20.0
Lexus,LX 700h,2025,"9,125 mi.",Hybrid,6 Cyl,Automatic,Black,Gray,None reported,Yes,"$105,340",carfax_rebrowser_sample_oneprice,2026-05-06,SUV,20.0
BMW,XM,2025,"12,501 mi.",Hybrid,8 Cyl,Automatic,Black,Black,None reported,Yes,"$122,130",carfax_rebrowser_sample_oneprice,2026-05-06,SUV,14.0
Land Rover,Range Rover SE,2025,"10,313 mi.",Gasoline,6 Cyl,Automatic,Black,Black,None reported,Yes,"$110,460",carfax_rebrowser_sample_oneprice,2026-05-06,SUV,21.0
Mercedes-Benz,GLE 53 AMG,2025,"4,198 mi.",Gasoline,6 Cyl,Automatic,Black,Red,None reported,Yes,"$88,210",carfax_rebrowser_sample_oneprice,2026-05-06,SUV,20.0
BMW,X6 M Competition,2025,"10,267 mi.",Gasoline,8 Cyl,Automatic,White,Brown,None reported,Yes,"$116,470",carfax_rebrowser_sample_oneprice,2026-05-06,SUV,15.0
Land Rover,Range Rover SE,2025,"2,592 mi.",Gasoline,6 Cyl,Automatic,Black,Black,None reported,Yes,"$112,600",carfax_rebrowser_sample_oneprice,2026-05-06,SUV,21.0
Lexus,LX 600,2025,"9,701 mi.",Gasoline,6 Cyl,Automatic,Gray,Brown,None reported,Yes,"$104,900",carfax_rebrowser_sample_oneprice,2026-05-06,SUV,19.0
Mercedes-Benz,G-Class G 550,2025,"15,652 mi.",Gasoline,6 Cyl,Automatic,Silver,Gray,None reported,Yes,"$151,300",carfax_rebrowser_sample_oneprice,2026-05-06,SUV,18.0
Mercedes-Benz,GLE 63 AMG,2025,"14,712 mi.",Gasoline,8 Cyl,Automatic,Gray,Red,None reported,Yes,"$111,280",carfax_rebrowser_sample_oneprice,2026-05-06,SUV,
Cadillac,Escalade,2025,"7,156 mi.",Gasoline,8 Cyl,Automatic,Brown,Tan,None reported,Yes,"$123,380",carfax_rebrowser_sample_oneprice,2026-05-06,SUV,16.0
Cadillac,Escalade,2025,"11,750 mi.",Gasoline,8 Cyl,Automatic,White,Black,None reported,Yes,"$105,740",carfax_rebrowser_sample_oneprice,2026-05-06,SUV,16.0
Ford,Bronco Raptor,2025,"3,587 mi.",Gasoline,6 Cyl,Automatic,Beige,Black,None reported,Yes,"$83,970",carfax_rebrowser_sample_oneprice,2026-05-06,SUV,15.0
Audi,Q5 Premium,2025,"6,906 mi.",Gasoline,4 Cyl,Automatic,Black,Black,None reported,Yes,"$46,750",carfax_rebrowser_sample_oneprice,2026-05-06,SUV,25.0
Land Rover,Defender 110,2025,38 mi.,Gasoline,8 Cyl,Automatic,Black,Black,None reported,Yes,"$86,280",carfax_rebrowser_sample_oneprice,2026-05-06,SUV,16.0
Porsche,Cayenne,2025,"7,226 mi.",Gasoline,6 Cyl,Automatic,Gray,Black,None reported,Yes,"$88,250",carfax_rebrowser_sample_oneprice,2026-05-06,SUV,19.0
GMC,Yukon Denali Ultimate,2025,"23,517 mi.",Gasoline,8 Cyl,Automatic,White,Brown,None reported,Yes,"$88,570",carfax_rebrowser_sample_oneprice,2026-05-06,SUV,16.0
Land Rover,Range Rover SE,2025,"36,614 mi.",Gasoline,6 Cyl,Automatic,Black,Black,None reported,Yes,"$103,680",carfax_rebrowser_sample_oneprice,2026-05-06,SUV,21.0
Lincoln,Navigator Black Label,2025,"10,891 mi.",Gasoline,6 Cyl,Automatic,Black,Black,None reported,Yes,"$101,200",carfax_rebrowser_sample_oneprice,2026-05-06,SUV,17.0
Land Rover,Range Rover Sport SE Dynamic,2025,"7,845 mi.",Gasoline,8 Cyl,Automatic,White,Black,None reported,Yes,"$103,970",carfax_rebrowser_sample_oneprice,2026-05-06,SUV,19.0
Land Rover,Range Rover Sport SE Dynamic,2025,"24,685 mi.",Gasoline,8 Cyl,Automatic,Gray,Black,None reported,Yes,"$97,110",carfax_rebrowser_sample_oneprice,2026-05-06,SUV,19.0
Cadillac,Escalade IQ Luxury 1,2025,"17,240 mi.",Electric,Electric,Automatic,Silver,Black,None reported,Yes,"$101,110",carfax_rebrowser_sample_oneprice,2026-05-06,SUV,
Porsche,Cayenne,2025,"8,822 mi.",Gasoline,6 Cyl,Automatic,White,Black,None reported,Yes,"$87,540",carfax_rebrowser_sample_oneprice,2026-05-06,SUV,19.0
Lexus,GX 550,2025,"17,026 mi.",Gasoline,6 Cyl,Automatic,White,Tan,None reported,Yes,"$89,310",carfax_rebrowser_sample_oneprice,2026-05-06,SUV,17.0
Porsche,Cayenne,2025,"5,168 mi.",Gasoline,6 Cyl,Automatic,Black,Black,None reported,Yes,"$88,910",carfax_rebrowser_sample_oneprice,2026-05-06,SUV,19.0
Lincoln,Navigator Reserve,2025,"5,714 mi.",Gasoline,6 Cyl,Automatic,Black,Gray,None reported,Yes,"$91,110",carfax_rebrowser_sample_oneprice,2026-05-06,SUV,17.0
Porsche,Cayenne,2025,"10,218 mi.",Gasoline,6 Cyl,Automatic,Black,Black,None reported,Yes,"$87,010",carfax_rebrowser_sample_oneprice,2026-05-06,SUV,19.0
Porsche,Cayenne,2025,"5,975 mi.",Gasoline,6 Cyl,Automatic,Blue,Black,None reported,Yes,"$90,510",carfax_rebrowser_sample_oneprice,2026-05-06,SUV,19.0
Porsche,Cayenne,2025,"5,732 mi.",Gasoline,6 Cyl,Automatic,White,Black,None reported,Yes,"$91,000",carfax_rebrowser_sample_oneprice,2026-05-06,SUV,19.0
Porsche,Cayenne,2025,"5,587 mi.",Gasoline,6 Cyl,Automatic,White,Black,None reported,Yes,"$92,970",carfax_rebrowser_sample_oneprice,2026-05-06,SUV,19.0
Cadillac,Escalade,2025,"16,535 mi.",Gasoline,8 Cyl,Automatic,Black,Brown,None reported,Yes,"$97,930",carfax_rebrowser_sample_oneprice,2026-05-06,SUV,17.0
Land Rover,Range Rover Sport SE Dynamic,2025,"5,918 mi.",Hybrid,6 Cyl,Automatic,White,Black,None reported,Yes,"$90,770",carfax_rebrowser_sample_oneprice,2026-05-06,SUV,21.0
Porsche,Cayenne,2025,"8,672 mi.",Gasoline,6 Cyl,Automatic,White,Black,None reported,Yes,"$91,010",carfax_rebrowser_sample_oneprice,2026-05-06,SUV,19.0
Cadillac,Escalade,2025,"5,569 mi.",Gasoline,8 Cyl,Automatic,Black,Black,None reported,Yes,"$103,820",carfax_rebrowser_sample_oneprice,2026-05-06,SUV,16.0
Lexus,GX 550,2025,"8,157 mi.",Gasoline,6 Cyl,Automatic,Gray,Black,None reported,Yes,"$83,900",carfax_rebrowser_sample_oneprice,2026-05-06,SUV,17.0
Porsche,Cayenne,2025,"5,633 mi.",Gasoline,6 Cyl,Automatic,Black,Black,None reported,Yes,"$88,690",carfax_rebrowser_sample_oneprice,2026-05-06,SUV,19.0
BMW,X7 xDrive40i,2025,"15,017 mi.",Gasoline,6 Cyl,Automatic,Unknown,Unknown,None reported,Yes,"$76,860",carfax_rebrowser_sample_oneprice,2026-05-06,SUV,22.0
Lexus,GX 550,2025,"8,243 mi.",Gasoline,6 Cyl,Automatic,Blue,Gray,None reported,Yes,"$85,190",carfax_rebrowser_sample_oneprice,2026-05-06,SUV,17.0
Porsche,Cayenne,2025,"3,301 mi.",Gasoline,6 Cyl,Automatic,White,Black,None reported,Yes,"$89,200",carfax_rebrowser_sample_oneprice,2026-05-06,SUV,19.0
Cadillac,Escalade ESV,2025,"19,776 mi.",Gasoline,8 Cyl,Automatic,Black,Brown,None reported,Yes,"$101,560",carfax_rebrowser_sample_oneprice,2026-05-06,SUV,16.0
BMW,XM,2025,"29,274 mi.",Hybrid,8 Cyl,Automatic,Black,Tan,None reported,Yes,"$108,130",carfax_rebrowser_sample_oneprice,2026-05-06,SUV,14.0
Mercedes-Benz,GLS 580,2025,"24,595 mi.",Gasoline,8 Cyl,Automatic,Blue,Brown,None reported,Yes,"$90,520",carfax_rebrowser_sample_oneprice,2026-05-06,SUV,
Porsche,Cayenne,2025,"3,995 mi.",Gasoline,6 Cyl,Automatic,Gray,Black,None reported,Yes,"$89,530",carfax_rebrowser_sample_oneprice,2026-05-06,SUV,19.0
BMW,X7 M60i,2025,"9,547 mi.",Gasoline,8 Cyl,Automatic,White,White,None reported,Yes,"$97,270",carfax_rebrowser_sample_oneprice,2026-05-06,SUV,18.0
Land Rover,Range Rover Sport SE Dynamic,2025,443 mi.,Gasoline,6 Cyl,Automatic,Black,Black,None reported,Yes,"$88,290",carfax_rebrowser_sample_oneprice,2026-05-06,SUV,
Porsche,Cayenne,2025,"8,717 mi.",Gasoline,6 Cyl,Automatic,Black,Black,None reported,Yes,"$87,840",carfax_rebrowser_sample_oneprice,2026-05-06,SUV,19.0
Cadillac,Escalade,2025,"13,903 mi.",Gasoline,8 Cyl,Automatic,Black,Black,None reported,Yes,"$104,170",carfax_rebrowser_sample_oneprice,2026-05-06,SUV,16.0
Porsche,Cayenne,2025,"9,227 mi.",Gasoline,6 Cyl,Automatic,Gray,Black,None reported,Yes,"$87,020",carfax_rebrowser_sample_oneprice,2026-05-06,SUV,19.0
Land Rover,Defender 110,2025,"9,389 mi.",Gasoline,8 Cyl,Automatic,White,Black,None reported,Yes,"$87,260",carfax_rebrowser_sample_oneprice,2026-05-06,SUV,16.0
Cadillac,Escalade,2025,"24,832 mi.",Gasoline,8 Cyl,Automatic,Gray,Black,None reported,Yes,"$99,960",carfax_rebrowser_sample_oneprice,2026-05-06,SUV,16.0
Porsche,Cayenne,2025,"9,320 mi.",Gasoline,6 Cyl,Automatic,White,Black,None reported,Yes,"$89,790",carfax_rebrowser_sample_oneprice,2026-05-06,SUV,19.0
Cadillac,Escalade ESV,2025,"7,429 mi.",Gasoline,8 Cyl,Automatic,Black,Black,None reported,Yes,"$93,220",carfax_rebrowser_sample_oneprice,2026-05-06,SUV,17.0
Porsche,Cayenne,2025,"7,434 mi.",Gasoline,6 Cyl,Automatic,Black,Black,None reported,Yes,"$88,060",carfax_rebrowser_sample_oneprice,2026-05-06,SUV,19.0
Porsche,Cayenne,2025,"5,465 mi.",Gasoline,6 Cyl,Automatic,Black,Black,None reported,Yes,"$88,800",carfax_rebrowser_sample_oneprice,2026-05-06,SUV,19.0
Porsche,Cayenne,2025,"13,541 mi.",Gasoline,6 Cyl,Automatic,Beige,Black,None reported,Yes,"$91,530",carfax_rebrowser_sample_oneprice,2026-05-06,SUV,19.0
Porsche,Cayenne,2025,"7,114 mi.",Gasoline,6 Cyl,Automatic,Blue,Black,None reported,Yes,"$94,310",carfax_rebrowser_sample_oneprice,2026-05-06,SUV,19.0
Lincoln,Navigator Reserve,2025,"1,903 mi.",Gasoline,6 Cyl,Automatic,White,Brown,None reported,Yes,"$97,530",carfax_rebrowser_sample_oneprice,2026-05-06,SUV,17.0
BMW,X6 M60i,2025,"11,160 mi.",Gasoline,8 Cyl,Automatic,Green,Black,None reported,Yes,"$92,070",carfax_rebrowser_sample_oneprice,2026-05-06,SUV,19.0
Land Rover,Range Rover Sport SE Dynamic,2025,"7,077 mi.",Gasoline,6 Cyl,Automatic,Gray,Red,None reported,Yes,"$93,320",carfax_rebrowser_sample_oneprice,2026-05-06,SUV,
BMW,X7 M60i,2025,"6,012 mi.",Gasoline,8 Cyl,Automatic,Black,Tan,None reported,Yes,"$102,270",carfax_rebrowser_sample_oneprice,2026-05-06,SUV,18.0
GMC,Yukon Denali Ultimate,2025,"3,822 mi.",Gasoline,8 Cyl,Automatic,White,Brown,None reported,Yes,"$99,970",carfax_rebrowser_sample_oneprice,2026-05-06,SUV,16.0
Land Rover,Range Rover SE,2025,"16,415 mi.",Hybrid,6 Cyl,Automatic,Gray,White,None reported,Yes,"$98,720",carfax_rebrowser_sample_oneprice,2026-05-06,SUV,21.0
Lexus,GX 550,2025,"18,054 mi.",Gasoline,6 Cyl,Automatic,White,Tan,None reported,Yes,"$90,790",carfax_rebrowser_sample_oneprice,2026-05-06,SUV,17.0
Lexus,GX 550,2025,"22,049 mi.",Gasoline,6 Cyl,Automatic,White,Tan,None reported,Yes,"$88,770",carfax_rebrowser_sample_oneprice,2026-05-06,SUV,17.0
GMC,Yukon Denali Ultimate,2025,"9,443 mi.",Gasoline,8 Cyl,Automatic,Black,Brown,None reported,Yes,"$97,160",carfax_rebrowser_sample_oneprice,2026-05-06,SUV,16.0
Land Rover,Defender 130,2025,"14,181 mi.",Gasoline,6 Cyl,Automatic,Beige,Black,None reported,Yes,"$87,310",carfax_rebrowser_sample_oneprice,2026-05-06,SUV,18.0
BMW,X7 M60i,2025,"9,097 mi.",Gasoline,8 Cyl,Automatic,Gray,Black,None reported,Yes,"$101,540",carfax_rebrowser_sample_oneprice,2026-05-06,SUV,18.0
Chevrolet,Suburban High Country,2025,"14,636 mi.",Diesel,6 Cyl,Automatic,Gray,Black,None reported,Yes,"$78,950",carfax_rebrowser_sample_oneprice,2026-05-06,SUV,22.0
Porsche,Cayenne,2025,"8,779 mi.",Gasoline,6 Cyl,Automatic,Black,Black,None reported,Yes,"$87,860",carfax_rebrowser_sample_oneprice,2026-05-06,SUV,19.0
Cadillac,Escalade ESV,2025,"37,911 mi.",Gasoline,8 Cyl,Automatic,Black,Tan,None reported,Yes,"$98,600",carfax_rebrowser_sample_oneprice,2026-05-06,SUV,16.0
Lincoln,Navigator Black Label,2025,"3,112 mi.",Gasoline,6 Cyl,Automatic,White,Black,None reported,Yes,"$101,010",carfax_rebrowser_sample_oneprice,2026-05-06,SUV,17.0
GMC,Yukon Denali Ultimate,2025,"27,836 mi.",Gasoline,8 Cyl,Automatic,Black,Brown,None reported,Yes,"$92,760",carfax_rebrowser_sample_oneprice,2026-05-06,SUV,16.0
Cadillac,Escalade ESV,2025,"30,843 mi.",Gasoline,8 Cyl,Automatic,Black,Brown,None reported,Yes,"$97,070",carfax_rebrowser_sample_oneprice,2026-05-06,SUV,16.0
GMC,Yukon XL Denali Ultimate,2025,"4,247 mi.",Diesel,6 Cyl,Automatic,White,Brown,None reported,Yes,"$101,060",carfax_rebrowser_sample_oneprice,2026-05-06,SUV,22.0
Porsche,Macan Turbo,2025,561 mi.,Electric,Electric,Automatic,Green,Unknown,None reported,Yes,"$105,710",carfax_rebrowser_sample_oneprice,2026-05-06,SUV,91.0
GMC,Yukon Denali Ultimate,2025,"31,507 mi.",Gasoline,8 Cyl,Automatic,White,Brown,None reported,Yes,"$94,670",carfax_rebrowser_sample_oneprice,2026-05-06,SUV,16.0
Rivian,R1S Ascend,2025,"19,870 mi.",Electric,Electric,Automatic,Blue,Unknown,None reported,Yes,"$87,580",carfax_rebrowser_sample_oneprice,2026-05-06,SUV,
Rivian,R1S Ascend,2025,"12,643 mi.",Electric,Electric,Automatic,Black,Black,None reported,Yes,"$89,400",carfax_rebrowser_sample_oneprice,2026-05-06,SUV,
Cadillac,Escalade,2025,"28,567 mi.",Gasoline,8 Cyl,Automatic,Black,Black,None reported,Yes,"$101,280",carfax_rebrowser_sample_oneprice,2026-05-06,SUV,16.0
GMC,Yukon XL Denali Ultimate,2025,"18,258 mi.",Gasoline,8 Cyl,Automatic,Silver,Brown,None reported,Yes,"$98,470",carfax_rebrowser_sample_oneprice,2026-05-06,SUV,16.0
Cadillac,Escalade,2025,"8,087 mi.",Gasoline,8 Cyl,Automatic,Gray,Black,None reported,Yes,"$102,680",carfax_rebrowser_sample_oneprice,2026-05-06,SUV,16.0
GMC,Yukon Denali Ultimate,2025,"12,539 mi.",Gasoline,8 Cyl,Automatic,Black,Brown,None reported,Yes,"$97,240",carfax_rebrowser_sample_oneprice,2026-05-06,SUV,16.0
Cadillac,Escalade,2025,"21,683 mi.",Gasoline,8 Cyl,Automatic,Blue,Brown,None reported,Yes,"$98,150",carfax_rebrowser_sample_oneprice,2026-05-06,SUV,16.0
GMC,Yukon XL Denali Ultimate,2025,"8,832 mi.",Gasoline,8 Cyl,Automatic,White,Brown,None reported,Yes,"$101,570",carfax_rebrowser_sample_oneprice,2026-05-06,SUV,16.0
Cadillac,Escalade,2025,"9,269 mi.",Gasoline,8 Cyl,Automatic,White,Unknown,None reported,Yes,"$94,200",carfax_rebrowser_sample_oneprice,2026-05-06,SUV,16.0
GMC,Yukon XL Denali Ultimate,2025,"13,956 mi.",Gasoline,8 Cyl,Automatic,Black,Brown,None reported,Yes,"$97,600",carfax_rebrowser_sample_oneprice,2026-05-06,SUV,16.0
BMW,X7 M60i,2025,"13,794 mi.",Gasoline,8 Cyl,Automatic,White,Tan,None reported,Yes,"$93,330",carfax_rebrowser_sample_oneprice,2026-05-06,SUV,18.0
Land Rover,Defender 110,2025,"7,730 mi.",Gasoline,8 Cyl,Automatic,Gray,Gray,None reported,Yes,"$98,320",carfax_rebrowser_sample_oneprice,2026-05-06,SUV,16.0
Mercedes-Benz,GLE 53 AMG,2025,"11,066 mi.",Gasoline,6 Cyl,Automatic,Black,Red,None reported,Yes,"$86,210",carfax_rebrowser_sample_oneprice,2026-05-06,SUV,20.0
Porsche,Macan 4S,2025,"3,388 mi.",Electric,Electric,Automatic,Gray,Black,None reported,Yes,"$84,580",carfax_rebrowser_sample_oneprice,2026-05-06,SUV,91.0
Land Rover,Range Rover Sport SE Dynamic,2025,"14,189 mi.",Gasoline,8 Cyl,Automatic,Green,Black,None reported,Yes,"$103,280",carfax_rebrowser_sample_oneprice,2026-05-06,SUV,19.0
Mercedes-Benz,GLS 580,2025,"8,010 mi.",Gasoline,8 Cyl,Automatic,Black,Black,None reported,Yes,"$96,170",carfax_rebrowser_sample_oneprice,2026-05-06,SUV,
BMW,X7 M60i,2025,"4,346 mi.",Gasoline,8 Cyl,Automatic,Gray,Black,None reported,Yes,"$97,050",carfax_rebrowser_sample_oneprice,2026-05-06,SUV,18.0
BMW,X5 M60i,2025,"5,476 mi.",Gasoline,8 Cyl,Automatic,Blue,Black,None reported,Yes,"$80,580",carfax_rebrowser_sample_oneprice,2026-05-06,SUV,19.0
Cadillac,Escalade,2025,"7,344 mi.",Gasoline,8 Cyl,Automatic,Black,Black,None reported,Yes,"$101,390",carfax_rebrowser_sample_oneprice,2026-05-06,SUV,16.0
Porsche,Macan Turbo,2025,"4,212 mi.",Electric,Electric,Automatic,Black,Black,None reported,Yes,"$105,960",carfax_rebrowser_sample_oneprice,2026-05-06,SUV,91.0
GMC,Yukon Denali Ultimate,2025,"13,350 mi.",Gasoline,8 Cyl,Automatic,Black,Brown,None reported,Yes,"$97,120",carfax_rebrowser_sample_oneprice,2026-05-06,SUV,16.0
GMC,Yukon XL AT4 Ultimate,2025,"14,998 mi.",Gasoline,8 Cyl,Automatic,White,Unknown,None reported,Yes,"$89,930",carfax_rebrowser_sample_oneprice,2026-05-06,SUV,16.0
Land Rover,Defender 130,2025,"6,019 mi.",Gasoline,6 Cyl,Automatic,Unknown,Black,None reported,Yes,"$83,430",carfax_rebrowser_sample_oneprice,2026-05-06,SUV,18.0
BMW,X7 M60i,2025,"26,346 mi.",Gasoline,8 Cyl,Automatic,Black,White,None reported,Yes,"$86,440",carfax_rebrowser_sample_oneprice,2026-05-06,SUV,18.0
Land Rover,Defender 110,2025,"7,879 mi.",Gasoline,8 Cyl,Automatic,Silver,Black,None reported,Yes,"$86,340",carfax_rebrowser_sample_oneprice,2026-05-06,SUV,16.0
Land Rover,Defender 110,2025,"8,626 mi.",Gasoline,8 Cyl,Automatic,Gray,Unknown,None reported,Yes,"$97,630",carfax_rebrowser_sample_oneprice,2026-05-06,SUV,16.0
Mercedes-Benz,GLS 580,2025,"13,058 mi.",Gasoline,8 Cyl,Automatic,Black,Black,None reported,Yes,"$98,690",carfax_rebrowser_sample_oneprice,2026-05-06,SUV,
BMW,iX xDrive50,2025,"3,827 mi.",Electric,Electric,Automatic,Gray,Unknown,None reported,Yes,"$74,000",carfax_rebrowser_sample_oneprice,2026-05-06,SUV,81.0
Land Rover,Range Rover Sport SE Dynamic,2025,"20,128 mi.",Hybrid,6 Cyl,Automatic,Blue,Black,None reported,Yes,"$89,150",carfax_rebrowser_sample_oneprice,2026-05-06,SUV,21.0
Audi,SQ7 Prestige,2025,"9,177 mi.",Gasoline,8 Cyl,Automatic,Black,Black,None reported,Yes,"$83,000",carfax_rebrowser_sample_oneprice,2026-05-06,SUV,17.0
GMC,Yukon Denali Ultimate,2025,"21,744 mi.",Gasoline,8 Cyl,Automatic,Blue,Brown,None reported,Yes,"$96,290",carfax_rebrowser_sample_oneprice,2026-05-06,SUV,16.0
Cadillac,Escalade,2025,"42,330 mi.",Gasoline,8 Cyl,Automatic,Gray,Black,None reported,Yes,"$88,250",carfax_rebrowser_sample_oneprice,2026-05-06,SUV,16.0
BMW,X6 M60i,2025,"13,139 mi.",Gasoline,8 Cyl,Automatic,Unknown,Brown,None reported,Yes,"$90,310",carfax_rebrowser_sample_oneprice,2026-05-06,SUV,19.0
Land Rover,Defender 130,2025,"15,483 mi.",Gasoline,8 Cyl,Automatic,Gray,Gray,None reported,Yes,"$100,120",carfax_rebrowser_sample_oneprice,2026-05-06,SUV,16.0
Porsche,Macan GTS,2025,"5,314 mi.",Gasoline,6 Cyl,Automatic,Black,Unknown,None reported,Yes,"$99,570",carfax_rebrowser_sample_oneprice,2026-05-06,SUV,19.0
Porsche,Cayenne,2025,"7,797 mi.",Gasoline,6 Cyl,Automatic,Blue,Black,None reported,Yes,"$88,080",carfax_rebrowser_sample_oneprice,2026-05-06,SUV,19.0
Land Rover,Range Rover Sport SE,2025,"3,445 mi.",Gasoline,6 Cyl,Automatic,Gray,Unknown,None reported,Yes,"$80,930",carfax_rebrowser_sample_oneprice,2026-05-06,SUV,
Chevrolet,Suburban High Country,2025,409 mi.,Gasoline,8 Cyl,Automatic,Blue,Brown,None reported,Yes,"$86,130",carfax_rebrowser_sample_oneprice,2026-05-06,SUV,16.0
Porsche,Cayenne,2025,"6,733 mi.",Gasoline,6 Cyl,Automatic,White,Black,None reported,Yes,"$91,140",carfax_rebrowser_sample_oneprice,2026-05-06,SUV,19.0
Land Rover,Range Rover SE,2025,"18,294 mi.",Gasoline,6 Cyl,Automatic,White,Unknown,None reported,Yes,"$103,030",carfax_rebrowser_sample_oneprice,2026-05-06,SUV,21.0
Chevrolet,Suburban High Country,2025,483 mi.,Gasoline,8 Cyl,Automatic,Black,Black,None reported,Yes,"$86,860",carfax_rebrowser_sample_oneprice,2026-05-06,SUV,16.0
Land Rover,Defender 110,2025,"8,878 mi.",Gasoline,8 Cyl,Automatic,Gray,Black,None reported,Yes,"$105,760",carfax_rebrowser_sample_oneprice,2026-05-06,SUV,16.0
Lincoln,Navigator L Reserve,2025,"2,792 mi.",Gasoline,6 Cyl,Automatic,Unknown,Black,None reported,Yes,"$96,920",carfax_rebrowser_sample_oneprice,2026-05-06,SUV,
BMW,X7 M60i,2025,"17,287 mi.",Gasoline,8 Cyl,Automatic,Black,Black,None reported,Yes,"$90,660",carfax_rebrowser_sample_oneprice,2026-05-06,SUV,18.0
GMC,Yukon Denali Ultimate,2025,"7,655 mi.",Gasoline,8 Cyl,Automatic,White,Brown,None reported,Yes,"$99,720",carfax_rebrowser_sample_oneprice,2026-05-06,SUV,16.0
Cadillac,Escalade IQ Luxury 1,2025,"13,460 mi.",Electric,Electric,Automatic,White,Black,None reported,Yes,"$94,150",carfax_rebrowser_sample_oneprice,2026-05-06,SUV,
BMW,X7 M60i,2025,"25,047 mi.",Gasoline,8 Cyl,Automatic,Black,Black,None reported,Yes,"$90,460",carfax_rebrowser_sample_oneprice,2026-05-06,SUV,18.0
Cadillac,Escalade,2025,"16,350 mi.",Gasoline,8 Cyl,Automatic,Black,Black,None reported,Yes,"$102,100",carfax_rebrowser_sample_oneprice,2026-05-06,SUV,16.0
Mercedes-Benz,GLS 450,2025,"6,054 mi.",Gasoline,6 Cyl,Automatic,Gray,Brown,None reported,Yes,"$84,100",carfax_rebrowser_sample_oneprice,2026-05-06,SUV,21.0
Porsche,Cayenne,2025,"5,927 mi.",Gasoline,6 Cyl,Automatic,Black,Black,None reported,Yes,"$92,600",carfax_rebrowser_sample_oneprice,2026-05-06,SUV,19.0
Porsche,Cayenne,2025,"7,803 mi.",Gasoline,6 Cyl,Automatic,Gray,Black,None reported,Yes,"$86,820",carfax_rebrowser_sample_oneprice,2026-05-06,SUV,19.0
BMW,X5 M60i,2025,"10,676 mi.",Gasoline,8 Cyl,Automatic,Gray,Black,None reported,Yes,"$86,600",carfax_rebrowser_sample_oneprice,2026-05-06,SUV,19.0
Porsche,Macan 4,2025,"5,727 mi.",Electric,Electric,Automatic,Black,Black,None reported,Yes,"$84,960",carfax_rebrowser_sample_oneprice,2026-05-06,SUV,98.0
Land Rover,Range Rover Sport SE Dynamic,2025,"4,968 mi.",Gasoline,6 Cyl,Automatic,Red,Gray,None reported,Yes,"$90,550",carfax_rebrowser_sample_oneprice,2026-05-06,SUV,
GMC,Yukon XL Denali Ultimate,2025,"13,198 mi.",Gasoline,8 Cyl,Automatic,Silver,Brown,None reported,Yes,"$98,760",carfax_rebrowser_sample_oneprice,2026-05-06,SUV,16.0
GMC,Hummer EV 2X,2025,"2,221 mi.",Electric,Electric,Automatic,Black,Tan,None reported,Yes,"$76,200",carfax_rebrowser_sample_oneprice,2026-05-06,SUV,
Ford,Bronco Raptor,2025,"4,989 mi.",Gasoline,6 Cyl,Automatic,Black,Black,None reported,Yes,"$79,180",carfax_rebrowser_sample_oneprice,2026-05-06,SUV,15.0
Land Rover,Defender 110,2025,"9,959 mi.",Gasoline,8 Cyl,Automatic,Beige,Unknown,None reported,Yes,"$90,030",carfax_rebrowser_sample_oneprice,2026-05-06,SUV,16.0
Porsche,Macan 4S,2025,"1,634 mi.",Electric,Electric,Automatic,Blue,Black,None reported,Yes,"$90,020",carfax_rebrowser_sample_oneprice,2026-05-06,SUV,91.0
Porsche,Macan 4,2025,907 mi.,Electric,Electric,Automatic,Black,Black,None reported,Yes,"$83,800",carfax_rebrowser_sample_oneprice,2026-05-06,SUV,98.0
Land Rover,Defender 110,2025,"6,107 mi.",Gasoline,6 Cyl,Automatic,Beige,Tan,None reported,Yes,"$73,440",carfax_rebrowser_sample_oneprice,2026-05-06,SUV,19.0
Infiniti,QX80 Autograph,2025,"11,200 mi.",Gasoline,6 Cyl,Automatic,Black,Black,None reported,Yes,"$89,950",carfax_rebrowser_sample_oneprice,2026-05-06,SUV,17.0
BMW,iX M60,2025,"11,409 mi.",Electric,Electric,Automatic,Gray,Black,None reported,Yes,"$89,090",carfax_rebrowser_sample_oneprice,2026-05-06,SUV,
GMC,Yukon XL AT4 Ultimate,2025,"20,794 mi.",Gasoline,8 Cyl,Automatic,Black,Black,None reported,Yes,"$89,490",carfax_rebrowser_sample_oneprice,2026-05-06,SUV,16.0
GMC,Yukon XL Denali Ultimate,2025,"15,108 mi.",Gasoline,8 Cyl,Automatic,Black,Brown,None reported,Yes,"$95,970",carfax_rebrowser_sample_oneprice,2026-05-06,SUV,16.0
Land Rover,Defender 110,2025,"8,889 mi.",Gasoline,8 Cyl,Automatic,White,Black,None reported,Yes,"$85,100",carfax_rebrowser_sample_oneprice,2026-05-06,SUV,16.0
Porsche,Cayenne,2025,"4,665 mi.",Gasoline,6 Cyl,Automatic,Gray,Black,None reported,Yes,"$96,640",carfax_rebrowser_sample_oneprice,2026-05-06,SUV,19.0
Porsche,Macan GTS,2025,"10,579 mi.",Gasoline,6 Cyl,Automatic,Gray,Black,None reported,Yes,"$92,750",carfax_rebrowser_sample_oneprice,2026-05-06,SUV,19.0
BMW,X7 M60i,2025,"14,884 mi.",Gasoline,8 Cyl,Automatic,Gray,White,None reported,Yes,"$93,200",carfax_rebrowser_sample_oneprice,2026-05-06,SUV,18.0
Toyota,Sequoia TRD Pro,2025,"5,969 mi.",Hybrid,6 Cyl,Automatic,White,Black,None reported,Yes,"$78,280",carfax_rebrowser_sample_oneprice,2026-05-06,SUV,
Land Rover,Range Rover Sport SE Dynamic,2025,"4,855 mi.",Gasoline,6 Cyl,Automatic,White,Black,None reported,Yes,"$88,760",carfax_rebrowser_sample_oneprice,2026-05-06,SUV,
Porsche,Cayenne,2025,"2,918 mi.",Gasoline,6 Cyl,Automatic,Gray,Black,None reported,Yes,"$89,570",carfax_rebrowser_sample_oneprice,2026-05-06,SUV,19.0
Mercedes-Benz,GLE 63 AMG,2025,"27,377 mi.",Gasoline,8 Cyl,Automatic,Black,Black,None reported,Yes,"$104,640",carfax_rebrowser_sample_oneprice,2026-05-06,SUV,
Land Rover,Range Rover Sport SE Dynamic,2025,"10,568 mi.",Gasoline,8 Cyl,Automatic,Black,Red,None reported,Yes,"$102,080",carfax_rebrowser_sample_oneprice,2026-05-06,SUV,19.0
Land Rover,Range Rover Sport SE Dynamic,2025,"7,158 mi.",Gasoline,8 Cyl,Automatic,Blue,Gray,None reported,Yes,"$102,850",carfax_rebrowser_sample_oneprice,2026-05-06,SUV,19.0
BMW,X7 M60i,2025,"13,888 mi.",Gasoline,8 Cyl,Automatic,Gray,White,None reported,Yes,"$92,410",carfax_rebrowser_sample_oneprice,2026-05-06,SUV,18.0
Lexus,GX 550,2025,"8,436 mi.",Gasoline,6 Cyl,Automatic,Silver,Black,None reported,Yes,"$92,550",carfax_rebrowser_sample_oneprice,2026-05-06,SUV,17.0
Land Rover,Range Rover Sport SE Dynamic,2025,"9,335 mi.",Gasoline,6 Cyl,Automatic,Blue,Black,None reported,Yes,"$89,570",carfax_rebrowser_sample_oneprice,2026-05-06,SUV,
Lincoln,Navigator Black Label,2025,"3,748 mi.",Gasoline,6 Cyl,Automatic,Red,Gray,None reported,Yes,"$101,800",carfax_rebrowser_sample_oneprice,2026-05-06,SUV,17.0
Lincoln,Navigator L Reserve,2025,"3,923 mi.",Gasoline,6 Cyl,Automatic,White,Gray,None reported,Yes,"$97,490",carfax_rebrowser_sample_oneprice,2026-05-06,SUV,
Audi,SQ8 Prestige,2025,"10,064 mi.",Gasoline,8 Cyl,Automatic,Blue,Gray,None reported,Yes,"$97,340",carfax_rebrowser_sample_oneprice,2026-05-06,SUV,17.0
GMC,Yukon XL Denali Ultimate,2025,"18,299 mi.",Gasoline,8 Cyl,Automatic,White,Brown,None reported,Yes,"$96,800",carfax_rebrowser_sample_oneprice,2026-05-06,SUV,16.0
GMC,Yukon XL Denali Ultimate,2025,"9,459 mi.",Gasoline,8 Cyl,Automatic,White,Brown,None reported,Yes,"$102,330",carfax_rebrowser_sample_oneprice,2026-05-06,SUV,16.0
Land Rover,Range Rover Sport SE Dynamic,2025,"11,875 mi.",Gasoline,6 Cyl,Automatic,Gray,Unknown,None reported,Yes,"$89,470",carfax_rebrowser_sample_oneprice,2026-05-06,SUV,
INEOS,Grenadier,2025,97 mi.,Gasoline,6 Cyl,Automatic,Silver,Unknown,None reported,Yes,"$70,320",carfax_rebrowser_sample_oneprice,2026-05-06,SUV,15.0
BMW,X7 M60i,2025,"12,514 mi.",Gasoline,8 Cyl,Automatic,Black,Black,None reported,Yes,"$95,700",carfax_rebrowser_sample_oneprice,2026-05-06,SUV,18.0
Mercedes-Benz,GLE 63 AMG,2025,"15,298 mi.",Gasoline,8 Cyl,Automatic,White,Red,None reported,Yes,"$109,990",carfax_rebrowser_sample_oneprice,2026-05-06,SUV,16.0
Land Rover,Range Rover Sport SE Dynamic,2025,"8,201 mi.",Hybrid,6 Cyl,Automatic,Gray,Gray,None reported,Yes,"$88,810",carfax_rebrowser_sample_oneprice,2026-05-06,SUV,21.0
Lincoln,Navigator L Reserve,2025,"25,087 mi.",Gasoline,6 Cyl,Automatic,Black,Black,None reported,Yes,"$88,630",carfax_rebrowser_sample_oneprice,2026-05-06,SUV,
Porsche,Cayenne,2025,"6,551 mi.",Gasoline,6 Cyl,Automatic,White,Black,None reported,Yes,"$95,690",carfax_rebrowser_sample_oneprice,2026-05-06,SUV,19.0
Mercedes-Benz,GLS 580,2025,"16,845 mi.",Gasoline,8 Cyl,Automatic,Gray,Black,None reported,Yes,"$85,130",carfax_rebrowser_sample_oneprice,2026-05-06,SUV,
Lincoln,Navigator Reserve,2025,466 mi.,Gasoline,6 Cyl,Automatic,Black,Black,None reported,Yes,"$86,270",carfax_rebrowser_sample_oneprice,2026-05-06,SUV,17.0
Land Rover,Defender 110,2025,"4,688 mi.",Gasoline,8 Cyl,Automatic,Black,Black,None reported,Yes,"$84,950",carfax_rebrowser_sample_oneprice,2026-05-06,SUV,16.0
Cadillac,Escalade,2025,"8,643 mi.",Gasoline,8 Cyl,Automatic,Blue,White,None reported,Yes,"$96,120",carfax_rebrowser_sample_oneprice,2026-05-06,SUV,16.0
Land Rover,Range Rover SE,2025,"7,116 mi.",Gasoline,6 Cyl,Automatic,Blue,Unknown,None reported,Yes,"$108,510",carfax_rebrowser_sample_oneprice,2026-05-06,SUV,21.0
Porsche,Cayenne,2025,"6,353 mi.",Gasoline,6 Cyl,Automatic,White,Black,None reported,Yes,"$96,200",carfax_rebrowser_sample_oneprice,2026-05-06,SUV,19.0
Cadillac,Escalade,2025,"19,425 mi.",Gasoline,8 Cyl,Automatic,Silver,Red,None reported,Yes,"$99,700",carfax_rebrowser_sample_oneprice,2026-05-06,SUV,16.0
GMC,Yukon XL Denali Ultimate,2025,"4,667 mi.",Diesel,6 Cyl,Automatic,Black,Brown,None reported,Yes,"$96,350",carfax_rebrowser_sample_oneprice,2026-05-06,SUV,22.0
BMW,X6 M60i,2025,"19,847 mi.",Gasoline,8 Cyl,Automatic,Green,Red,None reported,Yes,"$84,870",carfax_rebrowser_sample_oneprice,2026-05-06,SUV,19.0
Land Rover,Range Rover SE,2025,"25,262 mi.",Hybrid,6 Cyl,Automatic,Black,Black,None reported,Yes,"$94,060",carfax_rebrowser_sample_oneprice,2026-05-06,SUV,21.0
Land Rover,Defender 110,2025,"6,128 mi.",Gasoline,8 Cyl,Automatic,Gray,Black,None reported,Yes,"$92,230",carfax_rebrowser_sample_oneprice,2026-05-06,SUV,16.0
Porsche,Cayenne,2025,"5,002 mi.",Gasoline,6 Cyl,Automatic,White,Black,None reported,Yes,"$96,180",carfax_rebrowser_sample_oneprice,2026-05-06,SUV,19.0
Tesla,Model X Plaid,2025,"29,493 mi.",Electric,Electric,Automatic,Silver,Black,None reported,Yes,"$87,180",carfax_rebrowser_sample_oneprice,2026-05-06,SUV,94.0
Lincoln,Navigator L Reserve,2025,"16,343 mi.",Gasoline,6 Cyl,Automatic,Black,Brown,None reported,Yes,"$89,690",carfax_rebrowser_sample_oneprice,2026-05-06,SUV,
BMW,X7 M60i,2025,"3,533 mi.",Gasoline,8 Cyl,Automatic,Black,Tan,None reported,Yes,"$101,800",carfax_rebrowser_sample_oneprice,2026-05-06,SUV,18.0
Porsche,Cayenne,2025,"3,850 mi.",Gasoline,6 Cyl,Automatic,Gray,Black,None reported,Yes,"$91,810",carfax_rebrowser_sample_oneprice,2026-05-06,SUV,19.0
Land Rover,Range Rover Sport SE Dynamic,2025,"18,510 mi.",Gasoline,8 Cyl,Automatic,Black,Black,None reported,Yes,"$97,220",carfax_rebrowser_sample_oneprice,2026-05-06,SUV,19.0
Cadillac,Escalade,2025,"16,778 mi.",Gasoline,8 Cyl,Automatic,Black,Black,None reported,Yes,"$99,160",carfax_rebrowser_sample_oneprice,2026-05-06,SUV,16.0
Porsche,Cayenne,2025,682 mi.,Gasoline,6 Cyl,Automatic,Blue,Black,None reported,Yes,"$93,560",carfax_rebrowser_sample_oneprice,2026-05-06,SUV,19.0
Cadillac,Escalade,2025,"7,221 mi.",Gasoline,8 Cyl,Automatic,Gray,Black,None reported,Yes,"$92,380",carfax_rebrowser_sample_oneprice,2026-05-06,SUV,16.0
Cadillac,Escalade ESV,2025,"41,347 mi.",Gasoline,8 Cyl,Automatic,White,Black,None reported,Yes,"$104,510",carfax_rebrowser_sample_oneprice,2026-05-06,SUV,16.0
Porsche,Cayenne,2025,"3,977 mi.",Gasoline,6 Cyl,Automatic,Silver,Black,None reported,Yes,"$97,140",carfax_rebrowser_sample_oneprice,2026-05-06,SUV,19.0
Lincoln,Navigator Reserve,2025,"21,545 mi.",Gasoline,6 Cyl,Automatic,Black,Black,None reported,Yes,"$83,410",carfax_rebrowser_sample_oneprice,2026-05-06,SUV,17.0
BMW,X7 M60i,2025,"9,938 mi.",Gasoline,8 Cyl,Automatic,Black,Tan,None reported,Yes,"$98,890",carfax_rebrowser_sample_oneprice,2026-05-06,SUV,18.0
Lexus,GX 550,2025,"8,697 mi.",Gasoline,6 Cyl,Automatic,White,Black,None reported,Yes,"$94,050",carfax_rebrowser_sample_oneprice,2026-05-06,SUV,17.0
Lincoln,Navigator Black Label,2025,"9,084 mi.",Gasoline,6 Cyl,Automatic,White,Black,None reported,Yes,"$103,350",carfax_rebrowser_sample_oneprice,2026-05-06,SUV,17.0
Lincoln,Navigator Reserve,2025,"3,043 mi.",Gasoline,6 Cyl,Automatic,White,Unknown,None reported,Yes,"$94,660",carfax_rebrowser_sample_oneprice,2026-05-06,SUV,17.0
Land Rover,Defender 110,2025,"6,510 mi.",Gasoline,8 Cyl,Automatic,Gray,Black,None reported,Yes,"$106,040",carfax_rebrowser_sample_oneprice,2026-05-06,SUV,16.0
Chevrolet,Tahoe High Country,2025,"13,074 mi.",Gasoline,8 Cyl,Automatic,Gray,Black,None reported,Yes,"$76,810",carfax_rebrowser_sample_oneprice,2026-05-06,SUV,16.0
Land Rover,Defender 110,2025,"34,911 mi.",Gasoline,8 Cyl,Automatic,Gray,Black,None reported,Yes,"$97,580",carfax_rebrowser_sample_oneprice,2026-05-06,SUV,16.0
Cadillac,Escalade,2025,"21,841 mi.",Gasoline,8 Cyl,Automatic,White,Brown,None reported,Yes,"$98,400",carfax_rebrowser_sample_oneprice,2026-05-06,SUV,16.0
GMC,Yukon XL Denali,2025,"20,877 mi.",Gasoline,8 Cyl,Automatic,Black,Black,None reported,Yes,"$75,520",carfax_rebrowser_sample_oneprice,2026-05-06,SUV,16.0
Chevrolet,Tahoe RST,2025,"2,842 mi.",Diesel,6 Cyl,Automatic,Gray,Black,None reported,Yes,"$76,950",carfax_rebrowser_sample_oneprice,2026-05-06,SUV,22.0
Chevrolet,Tahoe Z71,2025,"13,464 mi.",Gasoline,8 Cyl,Automatic,Gray,Black,None reported,Yes,"$75,360",carfax_rebrowser_sample_oneprice,2026-05-06,SUV,16.0
GMC,Yukon XL Denali,2025,"20,859 mi.",Gasoline,8 Cyl,Automatic,Black,Black,None reported,Yes,"$79,230",carfax_rebrowser_sample_oneprice,2026-05-06,SUV,16.0
GMC,Yukon XL Denali,2025,"12,930 mi.",Diesel,6 Cyl,Automatic,White,Black,None reported,Yes,"$78,480",carfax_rebrowser_sample_oneprice,2026-05-06,SUV,22.0
Chevrolet,Suburban High Country,2025,"13,718 mi.",Diesel,6 Cyl,Automatic,Red,Black,None reported,Yes,"$85,120",carfax_rebrowser_sample_oneprice,2026-05-06,SUV,22.0
GMC,Yukon XL AT4,2025,"10,778 mi.",Gasoline,8 Cyl,Automatic,Black,Unknown,None reported,Yes,"$75,640",carfax_rebrowser_sample_oneprice,2026-05-06,SUV,16.0
GMC,Yukon XL Denali,2025,"16,033 mi.",Gasoline,8 Cyl,Automatic,White,Black,None reported,Yes,"$74,520",carfax_rebrowser_sample_oneprice,2026-05-06,SUV,16.0
BMW,X5 M60i,2025,"25,320 mi.",Gasoline,8 Cyl,Automatic,White,Black,None reported,Yes,"$81,070",carfax_rebrowser_sample_oneprice,2026-05-06,SUV,19.0
GMC,Yukon Elevation,2025,"5,591 mi.",Gasoline,8 Cyl,Automatic,Black,Black,None reported,Yes,"$68,700",carfax_rebrowser_sample_oneprice,2026-05-06,SUV,17.0
BMW,X7 M60i,2025,"28,197 mi.",Gasoline,8 Cyl,Automatic,Blue,Black,None reported,Yes,"$98,150",carfax_rebrowser_sample_oneprice,2026-05-06,SUV,18.0
GMC,Yukon XL Denali,2025,"12,532 mi.",Gasoline,8 Cyl,Automatic,Silver,Black,None reported,Yes,"$74,460",carfax_rebrowser_sample_oneprice,2026-05-06,SUV,16.0
Chevrolet,Suburban High Country,2025,"9,939 mi.",Gasoline,8 Cyl,Automatic,Black,Black,None reported,Yes,"$81,140",carfax_rebrowser_sample_oneprice,2026-05-06,SUV,16.0
GMC,Hummer EV 3X,2025,"6,386 mi.",Electric,Electric,Automatic,Blue,Tan,None reported,Yes,"$74,910",carfax_rebrowser_sample_oneprice,2026-05-06,SUV,
Mercedes-Benz,GLS 450,2025,"10,053 mi.",Gasoline,6 Cyl,Automatic,Black,Black,None reported,Yes,"$81,730",carfax_rebrowser_sample_oneprice,2026-05-06,SUV,21.0
Land Rover,Range Rover Sport SE,2025,"17,820 mi.",Gasoline,6 Cyl,Automatic,White,Black,None reported,Yes,"$81,020",carfax_rebrowser_sample_oneprice,2026-05-06,SUV,
Mercedes-Benz,GLS 450,2025,"7,934 mi.",Gasoline,6 Cyl,Automatic,Black,Brown,None reported,Yes,"$83,840",carfax_rebrowser_sample_oneprice,2026-05-06,SUV,21.0
Porsche,Cayenne,2025,"10,440 mi.",Gasoline,6 Cyl,Automatic,Black,Black,None reported,Yes,"$89,380",carfax_rebrowser_sample_oneprice,2026-05-06,SUV,19.0
Chevrolet,Suburban High Country,2025,"15,092 mi.",Gasoline,8 Cyl,Automatic,Black,Black,None reported,Yes,"$81,200",carfax_rebrowser_sample_oneprice,2026-05-06,SUV,16.0
Ford,Expedition Platinum,2025,"16,764 mi.",Gasoline,6 Cyl,Automatic,Black,Black,None reported,Yes,"$73,230",carfax_rebrowser_sample_oneprice,2026-05-06,SUV,18.0
Lincoln,Navigator Reserve,2025,"16,933 mi.",Gasoline,6 Cyl,Automatic,Black,Unknown,None reported,Yes,"$83,360",carfax_rebrowser_sample_oneprice,2026-05-06,SUV,17.0
Lexus,GX 550,2025,"16,465 mi.",Gasoline,6 Cyl,Automatic,Silver,Black,None reported,Yes,"$90,520",carfax_rebrowser_sample_oneprice,2026-05-06,SUV,17.0
Ford,Expedition Platinum,2025,"5,566 mi.",Gasoline,6 Cyl,Automatic,White,Gray,None reported,Yes,"$77,800",carfax_rebrowser_sample_oneprice,2026-05-06,SUV,18.0
Ford,Expedition Platinum,2025,"15,672 mi.",Gasoline,6 Cyl,Automatic,Black,Gray,None reported,Yes,"$75,070",carfax_rebrowser_sample_oneprice,2026-05-06,SUV,18.0
Mercedes-Benz,GLS 450,2025,"11,861 mi.",Gasoline,6 Cyl,Automatic,Unknown,Black,None reported,Yes,"$78,030",carfax_rebrowser_sample_oneprice,2026-05-06,SUV,21.0
Mercedes-Benz,GLE 53 AMG,2025,"3,830 mi.",Gasoline,6 Cyl,Automatic,Gray,Red,None reported,Yes,"$91,110",carfax_rebrowser_sample_oneprice,2026-05-06,SUV,20.0
Toyota,Sequoia 1794 Edition,2025,"16,167 mi.",Hybrid,6 Cyl,Automatic,Gray,Unknown,None reported,Yes,"$74,820",carfax_rebrowser_sample_oneprice,2026-05-06,SUV,
BMW,X7 xDrive40i,2025,"30,251 mi.",Gasoline,6 Cyl,Automatic,Gray,Black,None reported,Yes,"$71,170",carfax_rebrowser_sample_oneprice,2026-05-06,SUV,22.0
BMW,X6 M60i,2025,"26,483 mi.",Gasoline,8 Cyl,Automatic,Black,Tan,None reported,Yes,"$86,130",carfax_rebrowser_sample_oneprice,2026-05-06,SUV,19.0
Ford,Expedition Platinum,2025,"3,536 mi.",Gasoline,6 Cyl,Automatic,Silver,Black,None reported,Yes,"$78,910",carfax_rebrowser_sample_oneprice,2026-05-06,SUV,18.0
BMW,X7 xDrive40i,2025,"17,327 mi.",Gasoline,6 Cyl,Automatic,White,White,None reported,Yes,"$76,750",carfax_rebrowser_sample_oneprice,2026-05-06,SUV,22.0
GMC,Yukon XL Denali,2025,"8,957 mi.",Gasoline,8 Cyl,Automatic,Black,Black,None reported,Yes,"$80,810",carfax_rebrowser_sample_oneprice,2026-05-06,SUV,16.0
Chevrolet,Suburban High Country,2025,"22,051 mi.",Gasoline,8 Cyl,Automatic,White,Black,None reported,Yes,"$75,250",carfax_rebrowser_sample_oneprice,2026-05-06,SUV,16.0
Infiniti,QX80 Sensory,2025,"15,004 mi.",Gasoline,6 Cyl,Automatic,White,Black,None reported,Yes,"$76,110",carfax_rebrowser_sample_oneprice,2026-05-06,SUV,17.0
Porsche,Cayenne,2025,"4,107 mi.",Gasoline,6 Cyl,Automatic,Black,Black,None reported,Yes,"$89,780",carfax_rebrowser_sample_oneprice,2026-05-06,SUV,19.0
Infiniti,QX80 Sensory,2025,"14,505 mi.",Gasoline,6 Cyl,Automatic,Black,Black,None reported,Yes,"$78,270",carfax_rebrowser_sample_oneprice,2026-05-06,SUV,17.0
BMW,X7 xDrive40i,2025,"11,589 mi.",Gasoline,6 Cyl,Automatic,White,Black,None reported,Yes,"$76,680",carfax_rebrowser_sample_oneprice,2026-05-06,SUV,22.0
Toyota,Sequoia TRD Pro,2025,"28,915 mi.",Hybrid,6 Cyl,Automatic,Brown,Black,None reported,Yes,"$73,500",carfax_rebrowser_sample_oneprice,2026-05-06,SUV,
Chevrolet,Tahoe High Country,2025,"27,827 mi.",Gasoline,8 Cyl,Automatic,White,Black,None reported,Yes,"$75,480",carfax_rebrowser_sample_oneprice,2026-05-06,SUV,16.0
Lexus,GX 550,2025,"9,491 mi.",Gasoline,6 Cyl,Automatic,Gray,Tan,None reported,Yes,"$85,000",carfax_rebrowser_sample_oneprice,2026-05-06,SUV,17.0
GMC,Yukon Elevation,2025,"7,664 mi.",Gasoline,8 Cyl,Automatic,Black,Black,None reported,Yes,"$70,980",carfax_rebrowser_sample_oneprice,2026-05-06,SUV,17.0
GMC,Yukon XL Denali,2025,"39,241 mi.",Gasoline,8 Cyl,Automatic,White,Brown,None reported,Yes,"$74,950",carfax_rebrowser_sample_oneprice,2026-05-06,SUV,16.0
Chevrolet,Tahoe Premier,2025,"27,470 mi.",Gasoline,8 Cyl,Automatic,Black,Black,None reported,Yes,"$71,260",carfax_rebrowser_sample_oneprice,2026-05-06,SUV,16.0
Infiniti,QX80 Sensory,2025,"9,036 mi.",Gasoline,6 Cyl,Automatic,Red,Brown,None reported,Yes,"$78,820",carfax_rebrowser_sample_oneprice,2026-05-06,SUV,17.0
Land Rover,Range Rover Sport SE Dynamic,2025,"44,737 mi.",Hybrid,6 Cyl,Automatic,Black,Unknown,None reported,Yes,"$83,290",carfax_rebrowser_sample_oneprice,2026-05-06,SUV,21.0
BMW,X5 M60i,2025,"2,436 mi.",Gasoline,8 Cyl,Automatic,Gray,Tan,None reported,Yes,"$89,070",carfax_rebrowser_sample_oneprice,2026-05-06,SUV,19.0
BMW,X5 M60i,2025,"25,713 mi.",Gasoline,8 Cyl,Automatic,Gray,White,None reported,Yes,"$83,910",carfax_rebrowser_sample_oneprice,2026-05-06,SUV,19.0
Mercedes-Benz,GLS 450,2025,"4,226 mi.",Gasoline,6 Cyl,Automatic,White,Tan,None reported,Yes,"$86,550",carfax_rebrowser_sample_oneprice,2026-05-06,SUV,21.0
GMC,Yukon Denali Ultimate,2025,"14,234 mi.",Gasoline,8 Cyl,Automatic,Black,Black,None reported,Yes,"$81,520",carfax_rebrowser_sample_oneprice,2026-05-06,SUV,16.0
GMC,Yukon Denali,2025,"21,516 mi.",Gasoline,8 Cyl,Automatic,White,Black,None reported,Yes,"$72,980",carfax_rebrowser_sample_oneprice,2026-05-06,SUV,16.0
Ford,Expedition MAX Platinum,2025,"22,871 mi.",Gasoline,6 Cyl,Automatic,Gray,Gray,None reported,Yes,"$77,030",carfax_rebrowser_sample_oneprice,2026-05-06,SUV,
Lexus,GX 550,2025,"7,156 mi.",Gasoline,6 Cyl,Automatic,Silver,Black,None reported,Yes,"$84,330",carfax_rebrowser_sample_oneprice,2026-05-06,SUV,17.0
Lincoln,Navigator Reserve,2025,"17,101 mi.",Gasoline,6 Cyl,Automatic,Blue,Gray,None reported,Yes,"$91,210",carfax_rebrowser_sample_oneprice,2026-05-06,SUV,17.0
Infiniti,QX80 Autograph,2025,"14,399 mi.",Gasoline,6 Cyl,Automatic,White,Black,None reported,Yes,"$87,250",carfax_rebrowser_sample_oneprice,2026-05-06,SUV,17.0
Ford,Bronco Raptor,2025,"7,626 mi.",Gasoline,6 Cyl,Automatic,Beige,Black,None reported,Yes,"$76,080",carfax_rebrowser_sample_oneprice,2026-05-06,SUV,15.0
Infiniti,QX80 Sensory,2025,"22,769 mi.",Gasoline,6 Cyl,Automatic,Blue,Brown,None reported,Yes,"$76,260",carfax_rebrowser_sample_oneprice,2026-05-06,SUV,17.0
Porsche,Cayenne,2025,"5,811 mi.",Gasoline,6 Cyl,Automatic,Red,Black,None reported,Yes,"$89,370",carfax_rebrowser_sample_oneprice,2026-05-06,SUV,19.0
BMW,X7 xDrive40i,2025,"16,714 mi.",Gasoline,6 Cyl,Automatic,Gray,Black,None reported,Yes,"$74,500",carfax_rebrowser_sample_oneprice,2026-05-06,SUV,22.0
BMW,X7 xDrive40i,2025,"10,780 mi.",Gasoline,6 Cyl,Automatic,Black,Black,None reported,Yes,"$77,640",carfax_rebrowser_sample_oneprice,2026-05-06,SUV,22.0
Jeep,Grand Wagoneer Series III,2025,"40,733 mi.",Gasoline,6 Cyl,Automatic,Blue,Tan,None reported,Yes,"$78,280",carfax_rebrowser_sample_oneprice,2026-05-06,SUV,17.0
Porsche,Cayenne,2025,"6,112 mi.",Gasoline,6 Cyl,Automatic,Blue,Black,None reported,Yes,"$90,160",carfax_rebrowser_sample_oneprice,2026-05-06,SUV,19.0
Rivian,R1S Adventure,2025,"23,319 mi.",Electric,Electric,Automatic,Unknown,Unknown,None reported,Yes,"$68,420",carfax_rebrowser_sample_oneprice,2026-05-06,SUV,
BMW,X7 M60i,2025,"26,040 mi.",Gasoline,8 Cyl,Automatic,Gray,Tan,None reported,Yes,"$88,360",carfax_rebrowser_sample_oneprice,2026-05-06,SUV,18.0
Land Rover,Defender 110,2025,"2,878 mi.",Gasoline,6 Cyl,Automatic,Black,Black,None reported,Yes,"$75,770",carfax_rebrowser_sample_oneprice,2026-05-06,SUV,19.0
Chevrolet,Suburban RST,2025,"6,405 mi.",Gasoline,8 Cyl,Automatic,Black,Red,None reported,Yes,"$78,860",carfax_rebrowser_sample_oneprice,2026-05-06,SUV,16.0
Land Rover,Range Rover Sport SE Dynamic,2025,"22,992 mi.",Gasoline,6 Cyl,Automatic,Gray,Black,None reported,Yes,"$86,530",carfax_rebrowser_sample_oneprice,2026-05-06,SUV,
Chevrolet,Suburban Premier,2025,"6,330 mi.",Gasoline,8 Cyl,Automatic,Gray,Black,None reported,Yes,"$79,060",carfax_rebrowser_sample_oneprice,2026-05-06,SUV,16.0
Ford,Expedition Tremor,2025,"16,761 mi.",Gasoline,6 Cyl,Automatic,Green,Black,None reported,Yes,"$69,690",carfax_rebrowser_sample_oneprice,2026-05-06,SUV,18.0
Porsche,Macan 4,2025,"8,901 mi.",Electric,Electric,Automatic,Black,Black,None reported,Yes,"$78,260",carfax_rebrowser_sample_oneprice,2026-05-06,SUV,98.0
Ford,Expedition Platinum,2025,"4,667 mi.",Gasoline,6 Cyl,Automatic,Silver,Black,None reported,Yes,"$74,840",carfax_rebrowser_sample_oneprice,2026-05-06,SUV,18.0
Chevrolet,Suburban High Country,2025,"12,280 mi.",Gasoline,8 Cyl,Automatic,Black,Black,None reported,Yes,"$80,860",carfax_rebrowser_sample_oneprice,2026-05-06,SUV,16.0
Toyota,Sequoia,2025,"11,000 mi.",Hybrid,6 Cyl,Automatic,Unknown,Unknown,None reported,Yes,"$74,700",carfax_rebrowser_sample_oneprice,2026-05-06,SUV,
GMC,Yukon AT4,2025,"8,830 mi.",Gasoline,8 Cyl,Automatic,White,Unknown,None reported,Yes,"$76,290",carfax_rebrowser_sample_oneprice,2026-05-06,SUV,17.0
Jeep,Grand Wagoneer Series III,2025,"28,767 mi.",Gasoline,6 Cyl,Automatic,Blue,Tan,None reported,Yes,"$79,520",carfax_rebrowser_sample_oneprice,2026-05-06,SUV,17.0
GMC,Yukon XL Denali,2025,"19,746 mi.",Gasoline,8 Cyl,Automatic,Silver,Black,None reported,Yes,"$75,540",carfax_rebrowser_sample_oneprice,2026-05-06,SUV,16.0
Chevrolet,Tahoe High Country,2025,"17,286 mi.",Gasoline,8 Cyl,Automatic,Blue,Unknown,None reported,Yes,"$76,940",carfax_rebrowser_sample_oneprice,2026-05-06,SUV,16.0
Porsche,Macan 4S,2025,"9,438 mi.",Electric,Electric,Automatic,Black,Black,None reported,Yes,"$85,310",carfax_rebrowser_sample_oneprice,2026-05-06,SUV,91.0
Jeep,Grand Wagoneer Series III,2025,"26,946 mi.",Gasoline,6 Cyl,Automatic,White,Black,None reported,Yes,"$79,380",carfax_rebrowser_sample_oneprice,2026-05-06,SUV,17.0
Chevrolet,Tahoe High Country,2025,"13,110 mi.",Gasoline,8 Cyl,Automatic,Unknown,Black,None reported,Yes,"$77,400",carfax_rebrowser_sample_oneprice,2026-05-06,SUV,16.0
Lincoln,Navigator Reserve,2025,"9,978 mi.",Gasoline,6 Cyl,Automatic,Black,Black,None reported,Yes,"$86,800",carfax_rebrowser_sample_oneprice,2026-05-06,SUV,17.0
Lexus,TX 500h,2025,"7,073 mi.",Hybrid,4 Cyl,Automatic,Gray,Black,None reported,Yes,"$74,370",carfax_rebrowser_sample_oneprice,2026-05-06,SUV,27.0
BMW,X7 xDrive40i,2025,"5,717 mi.",Gasoline,6 Cyl,Automatic,Black,Black,None reported,Yes,"$77,460",carfax_rebrowser_sample_oneprice,2026-05-06,SUV,22.0
Porsche,Macan 4,2025,"7,147 mi.",Electric,Electric,Automatic,Gray,Black,None reported,Yes,"$80,390",carfax_rebrowser_sample_oneprice,2026-05-06,SUV,98.0
BMW,X6 xDrive40i,2025,"15,501 mi.",Gasoline,6 Cyl,Automatic,Gray,Brown,None reported,Yes,"$69,530",carfax_rebrowser_sample_oneprice,2026-05-06,SUV,24.0
Toyota,4Runner TRD Pro,2025,"7,420 mi.",Hybrid,4 Cyl,Automatic,Black,Black,None reported,Yes,"$75,020",carfax_rebrowser_sample_oneprice,2026-05-06,SUV,23.0
Infiniti,QX80 Autograph,2025,"2,809 mi.",Gasoline,6 Cyl,Automatic,Black,Black,None reported,Yes,"$92,980",carfax_rebrowser_sample_oneprice,2026-05-06,SUV,17.0
GMC,Yukon Denali,2025,"17,636 mi.",Gasoline,8 Cyl,Automatic,White,Black,None reported,Yes,"$78,390",carfax_rebrowser_sample_oneprice,2026-05-06,SUV,16.0
Land Rover,Range Rover Sport SE,2025,"7,281 mi.",Gasoline,6 Cyl,Automatic,Black,Unknown,None reported,Yes,"$83,840",carfax_rebrowser_sample_oneprice,2026-05-06,SUV,
Mercedes-Benz,GLE 53 AMG,2025,"3,822 mi.",Gasoline,6 Cyl,Automatic,Black,Unknown,None reported,Yes,"$81,370",carfax_rebrowser_sample_oneprice,2026-05-06,SUV,20.0
Mercedes-Benz,GLS 450,2025,"2,515 mi.",Gasoline,6 Cyl,Automatic,Black,Black,None reported,Yes,"$86,270",carfax_rebrowser_sample_oneprice,2026-05-06,SUV,21.0
Land Rover,Range Rover Sport SE Dynamic,2025,"22,320 mi.",Hybrid,6 Cyl,Automatic,Black,Black,None reported,Yes,"$86,810",carfax_rebrowser_sample_oneprice,2026-05-06,SUV,21.0
GMC,Yukon Denali,2025,"10,672 mi.",Gasoline,8 Cyl,Automatic,Silver,Black,None reported,Yes,"$76,240",carfax_rebrowser_sample_oneprice,2026-05-06,SUV,16.0
BMW,X5 M60i,2025,"6,371 mi.",Gasoline,8 Cyl,Automatic,Gray,Tan,None reported,Yes,"$90,560",carfax_rebrowser_sample_oneprice,2026-05-06,SUV,19.0
Mercedes-Benz,GLE 53 AMG,2024,"28,818 mi.",Gasoline,6 Cyl,Automatic,Silver,Black,None reported,Yes,"$68,790",carfax_rebrowser_sample_oneprice,2026-05-06,SUV,20.0
Porsche,Cayenne,2024,"14,673 mi.",Gasoline,6 Cyl,Automatic,Black,Black,None reported,Yes,"$78,330",carfax_rebrowser_sample_oneprice,2026-05-06,SUV,19.0
Lexus,GX 550,2024,"14,615 mi.",Gasoline,6 Cyl,Automatic,Black,Gray,None reported,Yes,"$86,350",carfax_rebrowser_sample_oneprice,2026-05-06,SUV,17.0
Mercedes-Benz,GLE 53 AMG,2024,"19,342 mi.",Gasoline,6 Cyl,Automatic,Gray,Brown,None reported,Yes,"$79,380",carfax_rebrowser_sample_oneprice,2026-05-06,SUV,20.0
Chevrolet,Tahoe High Country,2024,"9,910 mi.",Gasoline,8 Cyl,Automatic,Black,Black,None reported,Yes,"$69,530",carfax_rebrowser_sample_oneprice,2026-05-06,SUV,16.0
Land Rover,Range Rover Sport SE Dynamic,2024,"6,032 mi.",Gasoline,6 Cyl,Automatic,White,Gray,None reported,Yes,"$83,380",carfax_rebrowser_sample_oneprice,2026-05-06,SUV,
Porsche,Cayenne,2024,"22,377 mi.",Gasoline,6 Cyl,Automatic,Unknown,Unknown,None reported,Yes,"$76,220",carfax_rebrowser_sample_oneprice,2026-05-06,SUV,19.0
Land Rover,Range Rover Sport SE,2024,"17,257 mi.",Gasoline,6 Cyl,Automatic,Gray,Gray,None reported,Yes,"$75,880",carfax_rebrowser_sample_oneprice,2026-05-06,SUV,
Jeep,Grand Wagoneer,2024,"12,950 mi.",Gasoline,6 Cyl,Automatic,Blue,Black,None reported,Yes,"$62,950",carfax_rebrowser_sample_oneprice,2026-05-06,SUV,17.0
Lincoln,Navigator L Black Label,2024,"30,334 mi.",Gasoline,6 Cyl,Automatic,Black,White,None reported,Yes,"$78,100",carfax_rebrowser_sample_oneprice,2026-05-06,SUV,
GMC,Hummer EV 3X,2024,"9,510 mi.",Electric,Electric,Automatic,Blue,Tan,None reported,Yes,"$76,780",carfax_rebrowser_sample_oneprice,2026-05-06,SUV,
Mercedes-Benz,GLE 53 AMG,2024,"25,300 mi.",Gasoline,6 Cyl,Automatic,Black,Black,None reported,Yes,"$79,120",carfax_rebrowser_sample_oneprice,2026-05-06,SUV,20.0
Lexus,GX 550,2024,"12,048 mi.",Gasoline,6 Cyl,Automatic,Gray,Black,None reported,Yes,"$80,600",carfax_rebrowser_sample_oneprice,2026-05-06,SUV,17.0
Lexus,GX 550,2024,"21,835 mi.",Gasoline,6 Cyl,Automatic,Black,Gray,None reported,Yes,"$84,170",carfax_rebrowser_sample_oneprice,2026-05-06,SUV,17.0
GMC,Yukon XL Denali Ultimate,2024,"27,534 mi.",Gasoline,8 Cyl,Automatic,Black,Tan,None reported,Yes,"$79,110",carfax_rebrowser_sample_oneprice,2026-05-06,SUV,16.0
Lexus,GX 550,2024,"8,637 mi.",Gasoline,6 Cyl,Automatic,Black,Black,None reported,Yes,"$87,690",carfax_rebrowser_sample_oneprice,2026-05-06,SUV,17.0
Land Rover,Range Rover Sport SE,2024,"24,318 mi.",Gasoline,6 Cyl,Automatic,White,Unknown,None reported,Yes,"$73,040",carfax_rebrowser_sample_oneprice,2026-05-06,SUV,
Toyota,Sequoia Platinum,2024,"34,005 mi.",Hybrid,6 Cyl,Automatic,Unknown,Black,None reported,Yes,"$69,000",carfax_rebrowser_sample_oneprice,2026-05-06,SUV,
Mercedes-Benz,GLS 450,2024,"19,132 mi.",Gasoline,6 Cyl,Automatic,Blue,Tan,None reported,Yes,"$75,250",carfax_rebrowser_sample_oneprice,2026-05-06,SUV,21.0
Mercedes-Benz,GLE 53 AMG,2024,"48,677 mi.",Gasoline,6 Cyl,Automatic,Gray,Black,None reported,Yes,"$73,680",carfax_rebrowser_sample_oneprice,2026-05-06,SUV,20.0
Mercedes-Benz,GLS 580,2024,"29,903 mi.",Gasoline,8 Cyl,Automatic,Gray,Black,None reported,Yes,"$84,200",carfax_rebrowser_sample_oneprice,2026-05-06,SUV,
Lincoln,Navigator L Reserve,2024,"23,075 mi.",Gasoline,6 Cyl,Automatic,White,Tan,None reported,Yes,"$79,100",carfax_rebrowser_sample_oneprice,2026-05-06,SUV,
Mercedes-Benz,GLE 53 AMG,2024,"17,191 mi.",Gasoline,6 Cyl,Automatic,White,Black,None reported,Yes,"$79,450",carfax_rebrowser_sample_oneprice,2026-05-06,SUV,20.0
Cadillac,Escalade,2024,"34,357 mi.",Gasoline,8 Cyl,Automatic,White,Brown,None reported,Yes,"$90,280",carfax_rebrowser_sample_oneprice,2026-05-06,SUV,16.0
GMC,Yukon Denali,2024,"24,755 mi.",Gasoline,8 Cyl,Automatic,Black,Black,None reported,Yes,"$74,540",carfax_rebrowser_sample_oneprice,2026-05-06,SUV,16.0
Mercedes-Benz,GLS 450,2024,"24,920 mi.",Gasoline,6 Cyl,Automatic,Black,Tan,None reported,Yes,"$72,280",carfax_rebrowser_sample_oneprice,2026-05-06,SUV,21.0
Cadillac,Escalade ESV,2024,"27,700 mi.",Gasoline,8 Cyl,Automatic,Blue,Black,None reported,Yes,"$81,790",carfax_rebrowser_sample_oneprice,2026-05-06,SUV,16.0
Mercedes-Benz,GLE 53 AMG,2024,"20,035 mi.",Gasoline,6 Cyl,Automatic,Black,Black,None reported,Yes,"$81,350",carfax_rebrowser_sample_oneprice,2026-05-06,SUV,20.0
GMC,Yukon Denali,2024,"13,679 mi.",Gasoline,8 Cyl,Automatic,Red,Tan,None reported,Yes,"$72,700",carfax_rebrowser_sample_oneprice,2026-05-06,SUV,16.0
Land Rover,Range Rover Sport SE Dynamic,2024,"15,542 mi.",Gasoline,6 Cyl,Automatic,White,Black,None reported,Yes,"$77,170",carfax_rebrowser_sample_oneprice,2026-05-06,SUV,
Land Rover,Range Rover Sport SE Dynamic,2024,"9,108 mi.",Gasoline,6 Cyl,Automatic,Black,Black,None reported,Yes,"$81,370",carfax_rebrowser_sample_oneprice,2026-05-06,SUV,
Ford,Bronco Raptor,2024,293 mi.,Gasoline,6 Cyl,Automatic,Blue,Black,None reported,Yes,"$73,880",carfax_rebrowser_sample_oneprice,2026-05-06,SUV,15.0
Mercedes-Benz,GLE 53 AMG,2024,"29,924 mi.",Gasoline,6 Cyl,Automatic,Black,Black,None reported,Yes,"$75,380",carfax_rebrowser_sample_oneprice,2026-05-06,SUV,20.0
Land Rover,Defender 110,2024,"29,480 mi.",Gasoline,8 Cyl,Automatic,Gray,Black,None reported,Yes,"$85,950",carfax_rebrowser_sample_oneprice,2026-05-06,SUV,16.0
Toyota,Sequoia TRD Pro,2024,"24,894 mi.",Hybrid,6 Cyl,Automatic,Brown,Black,None reported,Yes,"$71,270",carfax_rebrowser_sample_oneprice,2026-05-06,SUV,
Land Rover,Range Rover Sport SE Dynamic,2024,"23,772 mi.",Gasoline,6 Cyl,Automatic,White,Black,None reported,Yes,"$81,700",carfax_rebrowser_sample_oneprice,2026-05-06,SUV,
Land Rover,Defender 110,2024,"5,522 mi.",Gasoline,8 Cyl,Automatic,White,Tan,None reported,Yes,"$79,500",carfax_rebrowser_sample_oneprice,2026-05-06,SUV,16.0
Land Rover,Range Rover Sport SE Dynamic,2024,"16,923 mi.",Gasoline,6 Cyl,Automatic,Gray,Black,None reported,Yes,"$80,680",carfax_rebrowser_sample_oneprice,2026-05-06,SUV,
Cadillac,Escalade,2024,"20,000 mi.",Gasoline,8 Cyl,Automatic,White,Black,None reported,Yes,"$88,800",carfax_rebrowser_sample_oneprice,2026-05-06,SUV,16.0
Mercedes-Benz,GLE 53 AMG,2024,"18,059 mi.",Gasoline,6 Cyl,Automatic,White,Brown,None reported,Yes,"$77,780",carfax_rebrowser_sample_oneprice,2026-05-06,SUV,20.0
Land Rover,Range Rover Sport SE,2024,"29,386 mi.",Gasoline,6 Cyl,Automatic,White,Black,None reported,Yes,"$74,640",carfax_rebrowser_sample_oneprice,2026-05-06,SUV,
Jeep,Wrangler Rubicon,2024,"4,900 mi.",Gasoline,8 Cyl,Automatic,Pink,Black,None reported,Yes,"$77,680",carfax_rebrowser_sample_oneprice,2026-05-06,SUV,14.0
Cadillac,Escalade ESV,2024,"27,353 mi.",Gasoline,8 Cyl,Automatic,Black,Black,None reported,Yes,"$83,230",carfax_rebrowser_sample_oneprice,2026-05-06,SUV,16.0
Cadillac,Escalade ESV,2024,"22,587 mi.",Gasoline,8 Cyl,Automatic,Black,Black,None reported,Yes,"$82,580",carfax_rebrowser_sample_oneprice,2026-05-06,SUV,16.0
Toyota,Sequoia Capstone,2024,"20,147 mi.",Hybrid,6 Cyl,Automatic,Gray,Black,None reported,Yes,"$71,420",carfax_rebrowser_sample_oneprice,2026-05-06,SUV,
Cadillac,Escalade,2024,"15,168 mi.",Gasoline,8 Cyl,Automatic,Black,Black,None reported,Yes,"$89,920",carfax_rebrowser_sample_oneprice,2026-05-06,SUV,16.0
Lexus,GX 550,2024,"8,671 mi.",Gasoline,6 Cyl,Automatic,White,Tan,None reported,Yes,"$88,020",carfax_rebrowser_sample_oneprice,2026-05-06,SUV,17.0
Lincoln,Navigator L Black Label,2024,"31,511 mi.",Gasoline,6 Cyl,Automatic,Black,Unknown,None reported,Yes,"$75,220",carfax_rebrowser_sample_oneprice,2026-05-06,SUV,
Dodge,Durango SRT,2024,"9,789 mi.",Gasoline,8 Cyl,Automatic,Black,Black,None reported,Yes,"$82,100",carfax_rebrowser_sample_oneprice,2026-05-06,SUV,13.0
Cadillac,Escalade,2024,"25,435 mi.",Gasoline,8 Cyl,Automatic,Black,Black,None reported,Yes,"$78,490",carfax_rebrowser_sample_oneprice,2026-05-06,SUV,16.0
Cadillac,Escalade,2024,"44,584 mi.",Gasoline,8 Cyl,Automatic,White,Tan,None reported,Yes,"$84,140",carfax_rebrowser_sample_oneprice,2026-05-06,SUV,16.0
GMC,Yukon Denali,2024,"17,347 mi.",Gasoline,8 Cyl,Automatic,White,Brown,None reported,Yes,"$73,780",carfax_rebrowser_sample_oneprice,2026-05-06,SUV,16.0
Lexus,GX 550,2024,"34,743 mi.",Gasoline,6 Cyl,Automatic,Black,Gray,None reported,Yes,"$81,500",carfax_rebrowser_sample_oneprice,2026-05-06,SUV,17.0
GMC,Yukon Denali,2024,"27,682 mi.",Diesel,6 Cyl,Automatic,Red,Black,None reported,Yes,"$73,190",carfax_rebrowser_sample_oneprice,2026-05-06,SUV,22.0
Rivian,R1S Adventure,2024,"23,467 mi.",Electric,Electric,Automatic,Unknown,Unknown,None reported,Yes,"$67,600",carfax_rebrowser_sample_oneprice,2026-05-06,SUV,
Jeep,Grand Wagoneer Series III,2024,"26,817 mi.",Gasoline,6 Cyl,Automatic,Black,Black,None reported,Yes,"$72,880",carfax_rebrowser_sample_oneprice,2026-05-06,SUV,17.0
Cadillac,Escalade ESV,2024,"32,067 mi.",Gasoline,8 Cyl,Automatic,White,Unknown,None reported,Yes,"$89,930",carfax_rebrowser_sample_oneprice,2026-05-06,SUV,16.0
Chevrolet,Suburban High Country,2024,"19,554 mi.",Gasoline,8 Cyl,Automatic,Blue,Black,None reported,Yes,"$74,040",carfax_rebrowser_sample_oneprice,2026-05-06,SUV,16.0
Lexus,GX 550,2024,"20,275 mi.",Gasoline,6 Cyl,Automatic,Black,Black,None reported,Yes,"$77,600",carfax_rebrowser_sample_oneprice,2026-05-06,SUV,17.0
Lexus,GX 550,2024,"27,802 mi.",Gasoline,6 Cyl,Automatic,Silver,Black,None reported,Yes,"$83,010",carfax_rebrowser_sample_oneprice,2026-05-06,SUV,17.0
Lexus,GX 550,2024,"12,271 mi.",Gasoline,6 Cyl,Automatic,Black,Gray,None reported,Yes,"$79,690",carfax_rebrowser_sample_oneprice,2026-05-06,SUV,17.0
Audi,SQ8 Premium Plus,2024,"27,758 mi.",Gasoline,8 Cyl,Automatic,Black,Black,None reported,Yes,"$77,930",carfax_rebrowser_sample_oneprice,2026-05-06,SUV,17.0
Jeep,Wrangler Rubicon,2024,"2,500 mi.",Gasoline,8 Cyl,Automatic,White,Red,None reported,Yes,"$74,530",carfax_rebrowser_sample_oneprice,2026-05-06,SUV,14.0
Land Rover,Range Rover Sport SE,2024,"11,039 mi.",Gasoline,6 Cyl,Automatic,White,Gray,None reported,Yes,"$68,200",carfax_rebrowser_sample_oneprice,2026-05-06,SUV,
Chevrolet,Suburban High Country,2024,"26,287 mi.",Gasoline,8 Cyl,Automatic,Unknown,Black,None reported,Yes,"$74,340",carfax_rebrowser_sample_oneprice,2026-05-06,SUV,16.0
Jeep,Grand Wagoneer Series III,2024,"15,156 mi.",Gasoline,6 Cyl,Automatic,Blue,Tan,None reported,Yes,"$80,410",carfax_rebrowser_sample_oneprice,2026-05-06,SUV,17.0
Cadillac,Escalade ESV,2024,"15,564 mi.",Gasoline,8 Cyl,Automatic,White,Black,None reported,Yes,"$85,540",carfax_rebrowser_sample_oneprice,2026-05-06,SUV,16.0
BMW,X7 M60i,2024,"21,559 mi.",Gasoline,8 Cyl,Automatic,Gray,White,None reported,Yes,"$84,440",carfax_rebrowser_sample_oneprice,2026-05-06,SUV,18.0
Mercedes-Benz,GLE 53 AMG,2024,"30,501 mi.",Gasoline,6 Cyl,Automatic,Black,Black,None reported,Yes,"$79,780",carfax_rebrowser_sample_oneprice,2026-05-06,SUV,20.0
Land Rover,Range Rover Sport SE,2024,"20,215 mi.",Gasoline,6 Cyl,Automatic,Gray,Gray,None reported,Yes,"$75,320",carfax_rebrowser_sample_oneprice,2026-05-06,SUV,
GMC,Yukon Denali Ultimate,2024,"42,906 mi.",Gasoline,8 Cyl,Automatic,White,White,None reported,Yes,"$77,140",carfax_rebrowser_sample_oneprice,2026-05-06,SUV,16.0
GMC,Hummer EV 3X,2024,"17,224 mi.",Electric,Electric,Automatic,Green,Tan,None reported,Yes,"$66,820",carfax_rebrowser_sample_oneprice,2026-05-06,SUV,
Cadillac,Escalade,2024,"28,576 mi.",Gasoline,8 Cyl,Automatic,White,Black,None reported,Yes,"$84,740",carfax_rebrowser_sample_oneprice,2026-05-06,SUV,16.0
Cadillac,Escalade,2024,"24,557 mi.",Gasoline,8 Cyl,Automatic,Green,Black,None reported,Yes,"$75,920",carfax_rebrowser_sample_oneprice,2026-05-06,SUV,16.0
Mercedes-Benz,GLE 53 AMG,2024,"19,529 mi.",Gasoline,6 Cyl,Automatic,Blue,Black,None reported,Yes,"$79,670",carfax_rebrowser_sample_oneprice,2026-05-06,SUV,20.0
Mercedes-Benz,GLE 53 AMG,2024,"27,336 mi.",Gasoline,6 Cyl,Automatic,White,Brown,None reported,Yes,"$78,330",carfax_rebrowser_sample_oneprice,2026-05-06,SUV,20.0
Mercedes-Benz,GLE 53 AMG,2024,"3,105 mi.",Gasoline,6 Cyl,Automatic,Gray,Black,None reported,Yes,"$85,490",carfax_rebrowser_sample_oneprice,2026-05-06,SUV,20.0
Lincoln,Navigator Black Label,2024,"5,297 mi.",Gasoline,6 Cyl,Automatic,Gray,Black,None reported,Yes,"$87,780",carfax_rebrowser_sample_oneprice,2026-05-06,SUV,18.0
Ford,Bronco Raptor,2024,679 mi.,Gasoline,6 Cyl,Automatic,White,Black,None reported,Yes,"$73,400",carfax_rebrowser_sample_oneprice,2026-05-06,SUV,15.0
Lexus,LX 600,2024,"35,571 mi.",Gasoline,6 Cyl,Automatic,White,Brown,None reported,Yes,"$87,460",carfax_rebrowser_sample_oneprice,2026-05-06,SUV,19.0
Mercedes-Benz,GLE 53 AMG,2024,"2,078 mi.",Gasoline,6 Cyl,Automatic,Gray,Tan,None reported,Yes,"$76,230",carfax_rebrowser_sample_oneprice,2026-05-06,SUV,20.0
Mercedes-Benz,GLS 580,2024,"19,841 mi.",Gasoline,8 Cyl,Automatic,White,Black,None reported,Yes,"$86,930",carfax_rebrowser_sample_oneprice,2026-05-06,SUV,
Cadillac,Escalade,2024,"19,453 mi.",Gasoline,8 Cyl,Automatic,White,Tan,None reported,Yes,"$90,970",carfax_rebrowser_sample_oneprice,2026-05-06,SUV,16.0
Toyota,Sequoia TRD Pro,2024,"24,772 mi.",Hybrid,6 Cyl,Automatic,Black,Black,None reported,Yes,"$74,090",carfax_rebrowser_sample_oneprice,2026-05-06,SUV,
Tesla,Model X,2024,"10,369 mi.",Electric,Electric,Automatic,White,Black,None reported,Yes,"$71,460",carfax_rebrowser_sample_oneprice,2026-05-06,SUV,100.0
GMC,Yukon Denali,2024,"21,347 mi.",Gasoline,8 Cyl,Automatic,White,Black,None reported,Yes,"$74,730",carfax_rebrowser_sample_oneprice,2026-05-06,SUV,16.0
Lexus,GX 550,2024,"16,387 mi.",Gasoline,6 Cyl,Automatic,Blue,Black,None reported,Yes,"$87,210",carfax_rebrowser_sample_oneprice,2026-05-06,SUV,17.0
BMW,X4 M,2024,"19,135 mi.",Gasoline,6 Cyl,Automatic,Black,Black,None reported,Yes,"$66,340",carfax_rebrowser_sample_oneprice,2026-05-06,SUV,17.0
Land Rover,Range Rover Sport SE,2024,"7,902 mi.",Gasoline,6 Cyl,Automatic,Blue,Unknown,None reported,Yes,"$78,440",carfax_rebrowser_sample_oneprice,2026-05-06,SUV,
Toyota,Sequoia Capstone,2024,"14,680 mi.",Hybrid,6 Cyl,Automatic,Silver,Black,None reported,Yes,"$75,920",carfax_rebrowser_sample_oneprice,2026-05-06,SUV,
Land Rover,Range Rover Sport SE Dynamic,2024,"24,866 mi.",Gasoline,6 Cyl,Automatic,White,Black,None reported,Yes,"$79,750",carfax_rebrowser_sample_oneprice,2026-05-06,SUV,
Mercedes-Benz,GLS 580,2024,"24,540 mi.",Gasoline,8 Cyl,Automatic,Blue,Tan,None reported,Yes,"$87,040",carfax_rebrowser_sample_oneprice,2026-05-06,SUV,
Porsche,Cayenne,2024,"7,978 mi.",Gasoline,6 Cyl,Automatic,White,Black,None reported,Yes,"$83,250",carfax_rebrowser_sample_oneprice,2026-05-06,SUV,19.0
Cadillac,Escalade ESV,2024,"5,149 mi.",Gasoline,8 Cyl,Automatic,White,Black,None reported,Yes,"$82,310",carfax_rebrowser_sample_oneprice,2026-05-06,SUV,16.0
Toyota,Sequoia Capstone,2024,"16,851 mi.",Hybrid,6 Cyl,Automatic,Red,Black,None reported,Yes,"$73,530",carfax_rebrowser_sample_oneprice,2026-05-06,SUV,
Porsche,Cayenne,2024,"32,932 mi.",Gasoline,6 Cyl,Automatic,Blue,Black,None reported,Yes,"$74,660",carfax_rebrowser_sample_oneprice,2026-05-06,SUV,19.0
Cadillac,Escalade,2024,"22,100 mi.",Gasoline,8 Cyl,Automatic,Green,Black,None reported,Yes,"$79,500",carfax_rebrowser_sample_oneprice,2026-05-06,SUV,16.0
Cadillac,Escalade,2024,"56,684 mi.",Diesel,6 Cyl,Automatic,Black,Brown,None reported,Yes,"$82,960",carfax_rebrowser_sample_oneprice,2026-05-06,SUV,22.0
Porsche,Cayenne,2024,"21,265 mi.",Gasoline,6 Cyl,Automatic,Unknown,Black,None reported,Yes,"$73,940",carfax_rebrowser_sample_oneprice,2026-05-06,SUV,19.0
GMC,Yukon Denali Ultimate,2024,"32,030 mi.",Gasoline,8 Cyl,Automatic,Silver,White,None reported,Yes,"$78,280",carfax_rebrowser_sample_oneprice,2026-05-06,SUV,16.0
Land Rover,Range Rover Sport SE,2024,"4,791 mi.",Gasoline,6 Cyl,Automatic,Black,Unknown,None reported,Yes,"$79,640",carfax_rebrowser_sample_oneprice,2026-05-06,SUV,
Land Rover,Defender 110,2024,"15,325 mi.",Gasoline,8 Cyl,Automatic,Gray,Black,None reported,Yes,"$73,050",carfax_rebrowser_sample_oneprice,2026-05-06,SUV,16.0
Lexus,GX 550,2024,"18,020 mi.",Gasoline,6 Cyl,Automatic,Black,Black,None reported,Yes,"$82,900",carfax_rebrowser_sample_oneprice,2026-05-06,SUV,17.0
Mercedes-Benz,GLE 53 AMG,2024,"25,679 mi.",Gasoline,6 Cyl,Automatic,Gray,Black,None reported,Yes,"$75,290",carfax_rebrowser_sample_oneprice,2026-05-06,SUV,20.0
Rivian,R1S Adventure,2024,"18,717 mi.",Electric,Electric,Automatic,White,Unknown,None reported,Yes,"$70,730",carfax_rebrowser_sample_oneprice,2026-05-06,SUV,
Lincoln,Navigator L Black Label,2024,"31,724 mi.",Gasoline,6 Cyl,Automatic,Green,Green,None reported,Yes,"$78,460",carfax_rebrowser_sample_oneprice,2026-05-06,SUV,
GMC,Yukon XL Denali,2024,"27,196 mi.",Gasoline,8 Cyl,Automatic,Blue,Brown,None reported,Yes,"$75,510",carfax_rebrowser_sample_oneprice,2026-05-06,SUV,16.0
Tesla,Model X,2024,"22,384 mi.",Electric,Electric,Automatic,Gray,Black,None reported,Yes,"$69,880",carfax_rebrowser_sample_oneprice,2026-05-06,SUV,100.0
Tesla,Model X,2024,"22,407 mi.",Electric,Electric,Automatic,Black,Black,None reported,Yes,"$70,100",carfax_rebrowser_sample_oneprice,2026-05-06,SUV,100.0
Cadillac,Escalade ESV,2024,"31,004 mi.",Gasoline,8 Cyl,Automatic,Black,Black,None reported,Yes,"$79,680",carfax_rebrowser_sample_oneprice,2026-05-06,SUV,16.0
Chevrolet,Tahoe High Country,2024,"3,397 mi.",Gasoline,8 Cyl,Automatic,Black,Black,None reported,Yes,"$69,590",carfax_rebrowser_sample_oneprice,2026-05-06,SUV,16.0
Lexus,GX 550,2024,"20,321 mi.",Gasoline,6 Cyl,Automatic,Blue,Tan,None reported,Yes,"$79,950",carfax_rebrowser_sample_oneprice,2026-05-06,SUV,17.0
Mercedes-Benz,GLS 580,2024,"49,464 mi.",Gasoline,8 Cyl,Automatic,Gray,Black,None reported,Yes,"$71,950",carfax_rebrowser_sample_oneprice,2026-05-06,SUV,
Dodge,Durango SRT,2024,"12,297 mi.",Gasoline,8 Cyl,Automatic,Black,Black,None reported,Yes,"$77,640",carfax_rebrowser_sample_oneprice,2026-05-06,SUV,13.0
Cadillac,Escalade,2024,"16,479 mi.",Gasoline,8 Cyl,Automatic,Black,Black,None reported,Yes,"$80,540",carfax_rebrowser_sample_oneprice,2026-05-06,SUV,16.0
Audi,SQ8 Premium Plus,2024,"35,185 mi.",Gasoline,8 Cyl,Automatic,Red,Black,None reported,Yes,"$74,580",carfax_rebrowser_sample_oneprice,2026-05-06,SUV,17.0
Cadillac,Escalade ESV,2024,"44,652 mi.",Gasoline,8 Cyl,Automatic,White,Tan,None reported,Yes,"$84,380",carfax_rebrowser_sample_oneprice,2026-05-06,SUV,16.0
Cadillac,Escalade,2024,"8,410 mi.",Gasoline,8 Cyl,Automatic,White,Brown,None reported,Yes,"$90,600",carfax_rebrowser_sample_oneprice,2026-05-06,SUV,16.0
Mercedes-Benz,GLE 53 AMG,2024,"19,993 mi.",Gasoline,6 Cyl,Automatic,Gray,Black,None reported,Yes,"$79,200",carfax_rebrowser_sample_oneprice,2026-05-06,SUV,20.0
GMC,Yukon Denali,2024,"7,511 mi.",Gasoline,8 Cyl,Automatic,Red,Brown,None reported,Yes,"$74,590",carfax_rebrowser_sample_oneprice,2026-05-06,SUV,16.0
Cadillac,Escalade,2024,"43,421 mi.",Gasoline,8 Cyl,Automatic,Green,Brown,None reported,Yes,"$80,640",carfax_rebrowser_sample_oneprice,2026-05-06,SUV,16.0
Mercedes-Benz,GLE 53 AMG,2024,"36,856 mi.",Gasoline,6 Cyl,Automatic,Gray,Black,None reported,Yes,"$75,700",carfax_rebrowser_sample_oneprice,2026-05-06,SUV,20.0
BMW,X6 M60i,2024,"16,876 mi.",Gasoline,8 Cyl,Automatic,Black,Red,None reported,Yes,"$84,470",carfax_rebrowser_sample_oneprice,2026-05-06,SUV,19.0
GMC,Yukon Denali Ultimate,2024,"53,524 mi.",Gasoline,8 Cyl,Automatic,Black,White,None reported,Yes,"$74,310",carfax_rebrowser_sample_oneprice,2026-05-06,SUV,16.0
BMW,X7 M60i,2024,"29,787 mi.",Gasoline,8 Cyl,Automatic,Black,White,None reported,Yes,"$81,670",carfax_rebrowser_sample_oneprice,2026-05-06,SUV,18.0
Lexus,GX 550,2024,"34,308 mi.",Gasoline,6 Cyl,Automatic,Brown,Black,None reported,Yes,"$79,890",carfax_rebrowser_sample_oneprice,2026-05-06,SUV,17.0
BMW,X7 M60i,2024,"28,632 mi.",Gasoline,8 Cyl,Automatic,Black,Black,None reported,Yes,"$82,520",carfax_rebrowser_sample_oneprice,2026-05-06,SUV,18.0
GMC,Yukon Denali,2024,"19,790 mi.",Diesel,6 Cyl,Automatic,Black,Black,None reported,Yes,"$74,550",carfax_rebrowser_sample_oneprice,2026-05-06,SUV,22.0
BMW,iX xDrive60,2026,"5,947 mi.",Electric,Electric,Automatic,White,Tan,None reported,Yes,"$84,630",carfax_rebrowser_sample_oneprice,2026-05-06,SUV,91.0
BMW,iX xDrive60,2026,"6,706 mi.",Electric,Electric,Automatic,Black,Black,None reported,Yes,"$84,590",carfax_rebrowser_sample_oneprice,2026-05-06,SUV,88.0
BMW,X5 xDrive50e,2026,5 mi.,Hybrid,6 Cyl,Automatic,Gray,Gray,None reported,Yes,"$79,340",carfax_rebrowser_sample_oneprice,2026-05-06,SUV,22.0
BMW,X7 xDrive40i,2026,"5,640 mi.",Gasoline,6 Cyl,Automatic,Bronze,Black,None reported,Yes,"$86,320",carfax_rebrowser_sample_oneprice,2026-05-06,SUV,23.0
BMW,X7 xDrive40i,2026,"4,197 mi.",Gasoline,6 Cyl,Automatic,White,Brown,None reported,Yes,"$86,620",carfax_rebrowser_sample_oneprice,2026-05-06,SUV,23.0
BMW,X7 xDrive40i,2026,"4,153 mi.",Gasoline,6 Cyl,Automatic,Blue,Gray,None reported,Yes,"$87,560",carfax_rebrowser_sample_oneprice,2026-05-06,SUV,23.0
Genesis,GV80 3.5T,2026,"3,680 mi.",Gasoline,6 Cyl,Automatic,White,Black,None reported,Yes,"$76,240",carfax_rebrowser_sample_oneprice,2026-05-06,SUV,19.0
Infiniti,QX80 Pure,2026,"3,032 mi.",Gasoline,6 Cyl,Automatic,White,Black,None reported,Yes,"$76,670",carfax_rebrowser_sample_oneprice,2026-05-06,SUV,17.0
Mercedes-Benz,GLS 450,2026,"3,860 mi.",Gasoline,6 Cyl,Automatic,White,Black,None reported,Yes,"$92,300",carfax_rebrowser_sample_oneprice,2026-05-06,SUV,21.0
BMW,X6 xDrive40i,2026,"9,028 mi.",Gasoline,6 Cyl,Automatic,Black,Red,None reported,Yes,"$77,620",carfax_rebrowser_sample_oneprice,2026-05-06,SUV,23.0
Porsche,Macan,2026,554 mi.,Gasoline,4 Cyl,Automatic,Black,Black,None reported,Yes,"$70,790",carfax_rebrowser_sample_oneprice,2026-05-06,SUV,21.0
Nissan,Altima SV,2024,"84,367 mi.",Gasoline,4 Cyl,Automatic,Gray,Black,None reported,Yes,"$18,300",carfax_rebrowser_sample_oneprice,2026-05-06,Sedan,31.0
Cadillac,Lyriq-V Premium,2026,"2,705 mi.",Electric,Electric,Automatic,Black,Black,None reported,Yes,"$65,350",carfax_rebrowser_sample_oneprice,2026-05-06,SUV,
Toyota,Land Cruiser,2026,10 mi.,Hybrid,4 Cyl,Automatic,Unknown,Black,None reported,Yes,"$75,200",carfax_rebrowser_sample_oneprice,2026-05-06,SUV,23.0
BMW,X5 M60i,2026,"5,217 mi.",Gasoline,8 Cyl,Automatic,Gray,Tan,None reported,Yes,"$86,640",carfax_rebrowser_sample_oneprice,2026-05-06,SUV,19.0
BMW,X7 xDrive40i,2026,"1,992 mi.",Gasoline,6 Cyl,Automatic,Blue,Brown,None reported,Yes,"$87,190",carfax_rebrowser_sample_oneprice,2026-05-06,SUV,23.0
BMW,X7 xDrive40i,2026,"16,488 mi.",Gasoline,6 Cyl,Automatic,Black,Brown,None reported,Yes,"$72,770",carfax_rebrowser_sample_oneprice,2026-05-06,SUV,23.0
Chevrolet,Tahoe High Country,2026,609 mi.,Gasoline,8 Cyl,Automatic,Red,Black,None reported,Yes,"$84,810",carfax_rebrowser_sample_oneprice,2026-05-06,SUV,16.0
Infiniti,QX80 Luxe,2026,"7,665 mi.",Gasoline,6 Cyl,Automatic,Black,Brown,None reported,Yes,"$80,610",carfax_rebrowser_sample_oneprice,2026-05-06,SUV,17.0
BMW,X7 xDrive40i,2026,"2,583 mi.",Gasoline,6 Cyl,Automatic,Green,Black,None reported,Yes,"$87,980",carfax_rebrowser_sample_oneprice,2026-05-06,SUV,23.0
BMW,X6 xDrive40i,2026,"11,952 mi.",Gasoline,6 Cyl,Automatic,Gray,Unknown,None reported,Yes,"$72,370",carfax_rebrowser_sample_oneprice,2026-05-06,SUV,23.0
Porsche,Macan,2026,"5,970 mi.",Gasoline,4 Cyl,Automatic,Gray,Red,None reported,Yes,"$71,540",carfax_rebrowser_sample_oneprice,2026-05-06,SUV,21.0
BMW,X5 M60i,2026,"11,997 mi.",Gasoline,8 Cyl,Automatic,White,Black,None reported,Yes,"$86,770",carfax_rebrowser_sample_oneprice,2026-05-06,SUV,19.0
Audi,Q8 Premium Plus,2026,"5,607 mi.",Gasoline,6 Cyl,Automatic,Blue,Black,None reported,Yes,"$73,750",carfax_rebrowser_sample_oneprice,2026-05-06,SUV,19.0
BMW,X5 M60i,2026,"14,808 mi.",Gasoline,8 Cyl,Automatic,Gray,Black,None reported,Yes,"$86,110",carfax_rebrowser_sample_oneprice,2026-05-06,SUV,19.0
BMW,X5 xDrive40i,2026,"11,581 mi.",Gasoline,6 Cyl,Automatic,White,Brown,None reported,Yes,"$69,090",carfax_rebrowser_sample_oneprice,2026-05-06,SUV,25.0
BMW,X5 M60i,2026,"16,486 mi.",Gasoline,8 Cyl,Automatic,White,Unknown,None reported,Yes,"$77,500",carfax_rebrowser_sample_oneprice,2026-05-06,SUV,19.0
Chevrolet,Suburban Z71,2026,328 mi.,Gasoline,8 Cyl,Automatic,Black,Black,None reported,Yes,"$76,730",carfax_rebrowser_sample_oneprice,2026-05-06,SUV,16.0
Toyota,Sequoia TRD Pro,2026,"7,369 mi.",Hybrid,6 Cyl,Automatic,Gray,Black,None reported,Yes,"$75,970",carfax_rebrowser_sample_oneprice,2026-05-06,SUV,
BMW,X5 xDrive40i,2026,"11,241 mi.",Gasoline,6 Cyl,Automatic,Gray,Black,None reported,Yes,"$71,530",carfax_rebrowser_sample_oneprice,2026-05-06,SUV,25.0
Mercedes-Benz,GLE 450,2026,"3,935 mi.",Gasoline,6 Cyl,Automatic,Gray,Black,None reported,Yes,"$76,540",carfax_rebrowser_sample_oneprice,2026-05-06,SUV,21.0
Dodge,Durango SRT,2026,490 mi.,Gasoline,8 Cyl,Automatic,White,Black,None reported,Yes,"$81,220",carfax_rebrowser_sample_oneprice,2026-05-06,SUV,13.0
BMW,X5 xDrive40i,2026,"5,791 mi.",Gasoline,6 Cyl,Automatic,Gray,Black,None reported,Yes,"$72,920",carfax_rebrowser_sample_oneprice,2026-05-06,SUV,25.0
Land Rover,Range Rover Sport SE,2026,"1,110 mi.",Gasoline,6 Cyl,Automatic,Black,Gray,None reported,Yes,"$94,260",carfax_rebrowser_sample_oneprice,2026-05-06,SUV,
Toyota,Sequoia Capstone,2026,"5,087 mi.",Hybrid,6 Cyl,Automatic,Black,Gray,None reported,Yes,"$78,760",carfax_rebrowser_sample_oneprice,2026-05-06,SUV,
BMW,X7 xDrive40i,2026,"3,953 mi.",Gasoline,6 Cyl,Automatic,Blue,Brown,None reported,Yes,"$86,060",carfax_rebrowser_sample_oneprice,2026-05-06,SUV,23.0
Mercedes-Benz,GLS 450,2026,"4,159 mi.",Gasoline,6 Cyl,Automatic,White,Black,None reported,Yes,"$91,430",carfax_rebrowser_sample_oneprice,2026-05-06,SUV,21.0
BMW,X7 xDrive40i,2026,"3,572 mi.",Gasoline,6 Cyl,Automatic,White,White,None reported,Yes,"$87,230",carfax_rebrowser_sample_oneprice,2026-05-06,SUV,23.0
BMW,iX xDrive45,2026,"3,322 mi.",Electric,Electric,Automatic,Black,Black,None reported,Yes,"$75,560",carfax_rebrowser_sample_oneprice,2026-05-06,SUV,
BMW,X7 xDrive40i,2026,"5,438 mi.",Gasoline,6 Cyl,Automatic,White,Brown,None reported,Yes,"$85,580",carfax_rebrowser_sample_oneprice,2026-05-06,SUV,23.0
Genesis,GV80 3.5T,2026,"4,231 mi.",Gasoline,6 Cyl,Automatic,Silver,Unknown,None reported,Yes,"$76,020",carfax_rebrowser_sample_oneprice,2026-05-06,SUV,19.0
Mercedes-Benz,GLE 450,2026,"4,009 mi.",Gasoline,6 Cyl,Automatic,Gray,Black,None reported,Yes,"$79,550",carfax_rebrowser_sample_oneprice,2026-05-06,SUV,21.0
Mercedes-Benz,GLS 450,2026,"6,242 mi.",Gasoline,6 Cyl,Automatic,Silver,Tan,None reported,Yes,"$90,840",carfax_rebrowser_sample_oneprice,2026-05-06,SUV,21.0
BMW,X7 xDrive40i,2026,"16,610 mi.",Gasoline,6 Cyl,Automatic,White,Black,None reported,Yes,"$72,780",carfax_rebrowser_sample_oneprice,2026-05-06,SUV,23.0
BMW,X5 M60i,2026,"5,093 mi.",Gasoline,8 Cyl,Automatic,Black,Brown,None reported,Yes,"$87,910",carfax_rebrowser_sample_oneprice,2026-05-06,SUV,19.0
Mercedes-Benz,GLS 450,2026,25 mi.,Gasoline,6 Cyl,Automatic,Blue,Black,None reported,Yes,"$97,660",carfax_rebrowser_sample_oneprice,2026-05-06,SUV,21.0
Mercedes-Benz,GLS 450,2026,"5,275 mi.",Gasoline,6 Cyl,Automatic,Blue,Tan,None reported,Yes,"$89,520",carfax_rebrowser_sample_oneprice,2026-05-06,SUV,21.0
BMW,X5 xDrive50e,2026,"11,621 mi.",Hybrid,6 Cyl,Automatic,Blue,Tan,None reported,Yes,"$74,740",carfax_rebrowser_sample_oneprice,2026-05-06,SUV,22.0
Land Rover,Defender 130,2026,"1,611 mi.",Gasoline,6 Cyl,Automatic,Black,Black,None reported,Yes,"$79,770",carfax_rebrowser_sample_oneprice,2026-05-06,SUV,18.0
Cadillac,Vistiq Platinum,2026,"7,397 mi.",Electric,Electric,Automatic,Black,Black,None reported,Yes,"$94,820",carfax_rebrowser_sample_oneprice,2026-05-06,SUV,86.0
GMC,Yukon Denali,2026,270 mi.,Gasoline,8 Cyl,Automatic,Silver,Black,None reported,Yes,"$87,270",carfax_rebrowser_sample_oneprice,2026-05-06,SUV,16.0
BMW,X5 xDrive50e,2026,"10,482 mi.",Hybrid,6 Cyl,Automatic,Gray,Black,None reported,Yes,"$74,600",carfax_rebrowser_sample_oneprice,2026-05-06,SUV,22.0
BMW,X5 M60i,2026,"12,095 mi.",Gasoline,8 Cyl,Automatic,Green,Brown,None reported,Yes,"$86,420",carfax_rebrowser_sample_oneprice,2026-05-06,SUV,19.0
BMW,X7 xDrive40i,2026,"5,942 mi.",Gasoline,6 Cyl,Automatic,Black,Black,None reported,Yes,"$74,440",carfax_rebrowser_sample_oneprice,2026-05-06,SUV,23.0
Mercedes-Benz,GLE 450,2026,"1,862 mi.",Gasoline,6 Cyl,Automatic,Gray,Black,None reported,Yes,"$73,930",carfax_rebrowser_sample_oneprice,2026-05-06,SUV,21.0
Mercedes-Benz,GLC 43 AMG,2026,295 mi.,Gasoline,4 Cyl,Automatic,White,Black,None reported,Yes,"$71,920",carfax_rebrowser_sample_oneprice,2026-05-06,SUV,22.0
BMW,X7 xDrive40i,2026,"20,575 mi.",Gasoline,6 Cyl,Automatic,Black,Black,None reported,Yes,"$70,770",carfax_rebrowser_sample_oneprice,2026-05-06,SUV,23.0
Audi,Q8 Premium Plus,2026,"5,025 mi.",Gasoline,6 Cyl,Automatic,Black,Black,None reported,Yes,"$71,840",carfax_rebrowser_sample_oneprice,2026-05-06,SUV,19.0
Chevrolet,Tahoe RST,2026,"17,784 mi.",Diesel,6 Cyl,Automatic,Gray,Red,None reported,Yes,"$76,740",carfax_rebrowser_sample_oneprice,2026-05-06,SUV,22.0
BMW,X6 xDrive40i,2026,64 mi.,Gasoline,6 Cyl,Automatic,White,Red,None reported,Yes,"$80,600",carfax_rebrowser_sample_oneprice,2026-05-06,SUV,23.0
Toyota,Sequoia 1794 Edition,2026,"1,819 mi.",Hybrid,6 Cyl,Automatic,Unknown,Tan,None reported,Yes,"$78,490",carfax_rebrowser_sample_oneprice,2026-05-06,SUV,
Chevrolet,Suburban RST,2026,"1,900 mi.",Gasoline,8 Cyl,Automatic,Green,Red,None reported,Yes,"$75,750",carfax_rebrowser_sample_oneprice,2026-05-06,SUV,16.0
Chevrolet,Suburban RST,2026,397 mi.,Gasoline,8 Cyl,Automatic,Black,Black,None reported,Yes,"$74,810",carfax_rebrowser_sample_oneprice,2026-05-06,SUV,16.0
Volvo,XC90 B6 Ultra,2026,"5,022 mi.",Gasoline,4 Cyl,Automatic,White,Black,None reported,Yes,"$73,270",carfax_rebrowser_sample_oneprice,2026-05-06,SUV,23.0
Infiniti,QX80 Sensory,2026,"2,657 mi.",Gasoline,6 Cyl,Automatic,White,Black,None reported,Yes,"$90,120",carfax_rebrowser_sample_oneprice,2026-05-06,SUV,17.0
Mercedes-Benz,GLE 450,2026,873 mi.,Gasoline,6 Cyl,Automatic,Blue,Tan,None reported,Yes,"$72,260",carfax_rebrowser_sample_oneprice,2026-05-06,SUV,21.0
BMW,X5 xDrive40i,2026,7 mi.,Gasoline,6 Cyl,Automatic,White,Black,None reported,Yes,"$72,620",carfax_rebrowser_sample_oneprice,2026-05-06,SUV,25.0
Land Rover,Defender 110,2026,"4,519 mi.",Gasoline,6 Cyl,Automatic,Green,Black,None reported,Yes,"$81,760",carfax_rebrowser_sample_oneprice,2026-05-06,SUV,
BMW,X5 xDrive40i,2026,25 mi.,Gasoline,6 Cyl,Automatic,Blue,Black,None reported,Yes,"$73,610",carfax_rebrowser_sample_oneprice,2026-05-06,SUV,25.0
BMW,X5 xDrive40i,2026,7 mi.,Gasoline,6 Cyl,Automatic,Gray,Black,None reported,Yes,"$71,290",carfax_rebrowser_sample_oneprice,2026-05-06,SUV,25.0
Chevrolet,Tahoe RST,2026,"3,467 mi.",Gasoline,8 Cyl,Automatic,Gray,Red,None reported,Yes,"$76,290",carfax_rebrowser_sample_oneprice,2026-05-06,SUV,17.0
BMW,X5 xDrive40i,2026,10 mi.,Gasoline,6 Cyl,Automatic,Black,Black,None reported,Yes,"$70,610",carfax_rebrowser_sample_oneprice,2026-05-06,SUV,25.0
Toyota,Sequoia TRD Pro,2026,577 mi.,Hybrid,6 Cyl,Automatic,Unknown,Black,None reported,Yes,"$81,960",carfax_rebrowser_sample_oneprice,2026-05-06,SUV,
Mercedes-Benz,GLE 53 AMG,2026,"2,269 mi.",Gasoline,6 Cyl,Automatic,Black,Brown,None reported,Yes,"$92,610",carfax_rebrowser_sample_oneprice,2026-05-06,SUV,20.0
Mercedes-Benz,GLS 450,2026,"2,418 mi.",Gasoline,6 Cyl,Automatic,Black,Brown,None reported,Yes,"$95,650",carfax_rebrowser_sample_oneprice,2026-05-06,SUV,21.0
Toyota,Sequoia 1794 Edition,2026,"5,812 mi.",Hybrid,6 Cyl,Automatic,Green,Tan,None reported,Yes,"$78,980",carfax_rebrowser_sample_oneprice,2026-05-06,SUV,
Genesis,GV80 3.5T,2026,"5,640 mi.",Gasoline,6 Cyl,Automatic,Black,Black,None reported,Yes,"$78,030",carfax_rebrowser_sample_oneprice,2026-05-06,SUV,19.0
BMW,X7 xDrive40i,2026,"9,418 mi.",Gasoline,6 Cyl,Automatic,Gray,Brown,None reported,Yes,"$84,710",carfax_rebrowser_sample_oneprice,2026-05-06,SUV,23.0
GMC,Yukon Elevation,2026,708 mi.,Gasoline,8 Cyl,Automatic,Black,Black,None reported,Yes,"$75,190",carfax_rebrowser_sample_oneprice,2026-05-06,SUV,17.0
Ford,Expedition Tremor,2026,"3,087 mi.",Gasoline,6 Cyl,Automatic,Gray,Black,None reported,Yes,"$78,350",carfax_rebrowser_sample_oneprice,2026-05-06,SUV,18.0
Jeep,Grand Wagoneer Limited Edition,2026,"3,135 mi.",Gasoline,6 Cyl,Automatic,White,Black,None reported,Yes,"$79,690",carfax_rebrowser_sample_oneprice,2026-05-06,SUV,19.0
BMW,X5 xDrive40i,2026,"6,400 mi.",Gasoline,6 Cyl,Automatic,Black,Black,None reported,Yes,"$73,120",carfax_rebrowser_sample_oneprice,2026-05-06,SUV,25.0
GMC,Yukon Elevation,2026,534 mi.,Diesel,6 Cyl,Automatic,White,Black,None reported,Yes,"$76,870",carfax_rebrowser_sample_oneprice,2026-05-06,SUV,22.0
Toyota,Sequoia TRD Pro,2026,"2,152 mi.",Hybrid,6 Cyl,Automatic,Gray,Black,None reported,Yes,"$82,360",carfax_rebrowser_sample_oneprice,2026-05-06,SUV,
BMW,X7 xDrive40i,2026,"19,973 mi.",Gasoline,6 Cyl,Automatic,Bronze,Black,None reported,Yes,"$80,730",carfax_rebrowser_sample_oneprice,2026-05-06,SUV,23.0
Toyota,Sequoia TRD Pro,2026,"3,934 mi.",Hybrid,6 Cyl,Automatic,Black,Black,None reported,Yes,"$80,290",carfax_rebrowser_sample_oneprice,2026-05-06,SUV,
Chevrolet,Tahoe High Country,2026,"1,771 mi.",Gasoline,8 Cyl,Automatic,Black,Black,None reported,Yes,"$82,050",carfax_rebrowser_sample_oneprice,2026-05-06,SUV,16.0
GMC,Yukon AT4 Ultimate,2026,"23,868 mi.",Diesel,6 Cyl,Automatic,Black,Black,None reported,Yes,"$101,300",carfax_rebrowser_sample_oneprice,2026-05-06,SUV,22.0
Ford,Expedition Platinum,2026,101 mi.,Gasoline,6 Cyl,Automatic,Black,Gray,None reported,Yes,"$77,230",carfax_rebrowser_sample_oneprice,2026-05-06,SUV,18.0
Toyota,Sequoia Limited Edition,2026,"7,748 mi.",Hybrid,6 Cyl,Automatic,Silver,Black,None reported,Yes,"$71,870",carfax_rebrowser_sample_oneprice,2026-05-06,SUV,
Chevrolet,Suburban RST,2026,"7,311 mi.",Gasoline,8 Cyl,Automatic,Gray,Unknown,None reported,Yes,"$76,930",carfax_rebrowser_sample_oneprice,2026-05-06,SUV,16.0
Chevrolet,Suburban Z71,2026,322 mi.,Gasoline,8 Cyl,Automatic,Black,Unknown,None reported,Yes,"$79,770",carfax_rebrowser_sample_oneprice,2026-05-06,SUV,16.0
Chevrolet,Tahoe Premier,2026,582 mi.,Gasoline,8 Cyl,Automatic,Blue,Black,None reported,Yes,"$74,970",carfax_rebrowser_sample_oneprice,2026-05-06,SUV,17.0
BMW,X5 xDrive40i,2026,"13,962 mi.",Gasoline,6 Cyl,Automatic,White,Black,None reported,Yes,"$67,140",carfax_rebrowser_sample_oneprice,2026-05-06,SUV,25.0
Infiniti,QX80 Sensory,2026,"4,091 mi.",Gasoline,6 Cyl,Automatic,Unknown,Gray,None reported,Yes,"$88,740",carfax_rebrowser_sample_oneprice,2026-05-06,SUV,17.0
Toyota,Land Cruiser,2026,"12,298 mi.",Hybrid,4 Cyl,Automatic,Unknown,Black,None reported,Yes,"$70,510",carfax_rebrowser_sample_oneprice,2026-05-06,SUV,23.0
BMW,X7 xDrive40i,2026,"9,310 mi.",Gasoline,6 Cyl,Automatic,Black,Brown,None reported,Yes,"$89,050",carfax_rebrowser_sample_oneprice,2026-05-06,SUV,23.0
Infiniti,QX80 Sensory,2026,"3,047 mi.",Gasoline,6 Cyl,Automatic,White,Gray,None reported,Yes,"$89,450",carfax_rebrowser_sample_oneprice,2026-05-06,SUV,17.0
Infiniti,QX80 Pure,2026,"4,152 mi.",Gasoline,6 Cyl,Automatic,Gray,Tan,None reported,Yes,"$73,390",carfax_rebrowser_sample_oneprice,2026-05-06,SUV,17.0
Infiniti,QX80 Luxe,2026,"6,140 mi.",Gasoline,6 Cyl,Automatic,Black,Brown,None reported,Yes,"$82,500",carfax_rebrowser_sample_oneprice,2026-05-06,SUV,17.0
Infiniti,QX80 Luxe,2026,192 mi.,Gasoline,6 Cyl,Automatic,Black,Black,None reported,Yes,"$87,730",carfax_rebrowser_sample_oneprice,2026-05-06,SUV,17.0
Ford,Expedition Tremor,2026,"6,088 mi.",Gasoline,6 Cyl,Automatic,Gray,Black,None reported,Yes,"$82,180",carfax_rebrowser_sample_oneprice,2026-05-06,SUV,18.0
Infiniti,QX80 Pure,2026,"5,295 mi.",Gasoline,6 Cyl,Automatic,White,Black,None reported,Yes,"$72,760",carfax_rebrowser_sample_oneprice,2026-05-06,SUV,17.0
GMC,Yukon AT4,2026,"5,786 mi.",Diesel,6 Cyl,Automatic,Black,Unknown,None reported,Yes,"$84,080",carfax_rebrowser_sample_oneprice,2026-05-06,SUV,22.0
Chevrolet,Tahoe High Country,2026,"2,311 mi.",Gasoline,8 Cyl,Automatic,White,Black,None reported,Yes,"$88,700",carfax_rebrowser_sample_oneprice,2026-05-06,SUV,16.0
Toyota,Sequoia Limited Edition,2026,"18,252 mi.",Hybrid,6 Cyl,Automatic,Red,Unknown,None reported,Yes,"$71,070",carfax_rebrowser_sample_oneprice,2026-05-06,SUV,
Mercedes-Benz,GLE 450,2026,"7,824 mi.",Gasoline,6 Cyl,Automatic,Gray,Black,None reported,Yes,"$79,500",carfax_rebrowser_sample_oneprice,2026-05-06,SUV,21.0
Chevrolet,Suburban High Country,2026,"6,522 mi.",Gasoline,8 Cyl,Automatic,Blue,Black,None reported,Yes,"$88,110",carfax_rebrowser_sample_oneprice,2026-05-06,SUV,16.0
BMW,X5 M60i,2026,"25,866 mi.",Gasoline,8 Cyl,Automatic,Gray,Black,None reported,Yes,"$76,540",carfax_rebrowser_sample_oneprice,2026-05-06,SUV,19.0
Mercedes-Benz,GLE 450,2026,"1,230 mi.",Gasoline,6 Cyl,Automatic,Gray,Black,None reported,Yes,"$79,610",carfax_rebrowser_sample_oneprice,2026-05-06,SUV,21.0
Kia,Carnival EX,2025,"9,634 mi.",Gasoline,6 Cyl,Automatic,Gray,Blue,None reported,Yes,"$39,420",carfax_rebrowser_sample_oneprice,2026-05-07,Minivan,21.0
Kia,Carnival LXS,2025,"11,548 mi.",Gasoline,6 Cyl,Automatic,Blue,Brown,None reported,Yes,"$36,630",carfax_rebrowser_sample_oneprice,2026-05-07,Minivan,21.0
Chrysler,Pacifica Select,2025,"31,357 mi.",Gasoline,6 Cyl,Automatic,Black,Black,None reported,Yes,"$31,070",carfax_rebrowser_sample_oneprice,2026-05-07,Minivan,22.0
Kia,Carnival LXS,2025,"24,671 mi.",Gasoline,6 Cyl,Automatic,Gray,Brown,None reported,Yes,"$33,730",carfax_rebrowser_sample_oneprice,2026-05-07,Minivan,21.0
Kia,Carnival LXS,2025,"24,243 mi.",Gasoline,6 Cyl,Automatic,White,Brown,None reported,Yes,"$33,820",carfax_rebrowser_sample_oneprice,2026-05-07,Minivan,21.0
Chrysler,Pacifica Touring-L,2024,"31,524 mi.",Gasoline,6 Cyl,Automatic,White,Black,None reported,Yes,"$31,840",carfax_rebrowser_sample_oneprice,2026-05-07,Minivan,22.0
Honda,Odyssey EX,2024,"50,551 mi.",Gasoline,6 Cyl,Automatic,White,Black,None reported,Yes,"$35,170",carfax_rebrowser_sample_oneprice,2026-05-07,Minivan,22.0
Kia,Carnival SX,2024,"49,822 mi.",Gasoline,6 Cyl,Automatic,White,Gray,None reported,Yes,"$34,560",carfax_rebrowser_sample_oneprice,2026-05-07,Minivan,22.0
Honda,Odyssey Elite,2024,"24,056 mi.",Gasoline,6 Cyl,Automatic,Gray,Unknown,None reported,Yes,"$43,130",carfax_rebrowser_sample_oneprice,2026-05-07,Minivan,22.0
Chrysler,Pacifica Select,2024,"41,699 mi.",Hybrid,6 Cyl,Automatic,Black,Tan,None reported,Yes,"$29,320",carfax_rebrowser_sample_oneprice,2026-05-07,Minivan,30.0
Honda,Odyssey EX,2024,"63,342 mi.",Gasoline,6 Cyl,Automatic,Unknown,Unknown,None reported,Yes,"$32,610",carfax_rebrowser_sample_oneprice,2026-05-07,Minivan,22.0
Kia,Carnival SX,2024,"68,218 mi.",Gasoline,6 Cyl,Automatic,Red,Gray,None reported,Yes,"$32,780",carfax_rebrowser_sample_oneprice,2026-05-07,Minivan,22.0
Honda,Odyssey Sport,2024,"49,113 mi.",Gasoline,6 Cyl,Automatic,Unknown,Unknown,None reported,Yes,"$35,670",carfax_rebrowser_sample_oneprice,2026-05-07,Minivan,22.0
Chrysler,Pacifica Touring,2024,"6,762 mi.",Gasoline,6 Cyl,Automatic,White,Black,None reported,Yes,"$32,180",carfax_rebrowser_sample_oneprice,2026-05-07,Minivan,22.0
Chrysler,Pacifica Touring-L,2024,"44,257 mi.",Gasoline,6 Cyl,Automatic,White,Tan,None reported,Yes,"$28,150",carfax_rebrowser_sample_oneprice,2026-05-07,Minivan,22.0
Honda,Odyssey Touring,2024,"17,322 mi.",Gasoline,6 Cyl,Automatic,Unknown,Unknown,None reported,Yes,"$38,970",carfax_rebrowser_sample_oneprice,2026-05-07,Minivan,22.0
Honda,Odyssey Elite,2024,"12,754 mi.",Gasoline,6 Cyl,Automatic,Gray,Black,None reported,Yes,"$42,890",carfax_rebrowser_sample_oneprice,2026-05-07,Minivan,22.0
Honda,Odyssey EX,2024,"30,237 mi.",Gasoline,6 Cyl,Automatic,Silver,Tan,None reported,Yes,"$36,570",carfax_rebrowser_sample_oneprice,2026-05-07,Minivan,22.0
Honda,Odyssey EX,2024,"33,592 mi.",Gasoline,6 Cyl,Automatic,White,Black,None reported,Yes,"$36,410",carfax_rebrowser_sample_oneprice,2026-05-07,Minivan,22.0
Chrysler,Pacifica Pinnacle,2024,"46,461 mi.",Gasoline,6 Cyl,Automatic,White,Black,None reported,Yes,"$40,390",carfax_rebrowser_sample_oneprice,2026-05-07,Minivan,20.0
Honda,Odyssey Sport,2024,"50,776 mi.",Gasoline,6 Cyl,Automatic,White,Black,None reported,Yes,"$32,850",carfax_rebrowser_sample_oneprice,2026-05-07,Minivan,22.0
Honda,Odyssey EX,2024,"21,127 mi.",Gasoline,6 Cyl,Automatic,White,Black,None reported,Yes,"$38,330",carfax_rebrowser_sample_oneprice,2026-05-07,Minivan,22.0
Kia,Carnival SX Prestige,2024,"41,449 mi.",Gasoline,6 Cyl,Automatic,Silver,Gray,None reported,Yes,"$37,920",carfax_rebrowser_sample_oneprice,2026-05-07,Minivan,22.0
Chrysler,Pacifica Touring-L,2024,"37,557 mi.",Gasoline,6 Cyl,Automatic,White,Tan,None reported,Yes,"$29,770",carfax_rebrowser_sample_oneprice,2026-05-07,Minivan,22.0
Chrysler,Pacifica Touring,2024,"9,657 mi.",Gasoline,6 Cyl,Automatic,Red,Black,None reported,Yes,"$32,210",carfax_rebrowser_sample_oneprice,2026-05-07,Minivan,22.0
Kia,Carnival LX,2024,"15,957 mi.",Gasoline,6 Cyl,Automatic,Blue,Gray,None reported,Yes,"$35,320",carfax_rebrowser_sample_oneprice,2026-05-07,Minivan,22.0
Kia,Carnival EX,2024,"26,551 mi.",Gasoline,6 Cyl,Automatic,Gray,Gray,None reported,Yes,"$35,740",carfax_rebrowser_sample_oneprice,2026-05-07,Minivan,22.0
Kia,Carnival SX Prestige,2024,"16,055 mi.",Gasoline,6 Cyl,Automatic,Black,Brown,None reported,Yes,"$32,720",carfax_rebrowser_sample_oneprice,2026-05-07,Minivan,22.0
Chrysler,Pacifica Select,2024,"46,549 mi.",Hybrid,6 Cyl,Automatic,White,Black,None reported,Yes,"$29,530",carfax_rebrowser_sample_oneprice,2026-05-07,Minivan,30.0
Toyota,Sienna LE,2024,"64,672 mi.",Hybrid,4 Cyl,Automatic,Silver,Gray,None reported,Yes,"$35,850",carfax_rebrowser_sample_oneprice,2026-05-07,Minivan,36.0
Toyota,Sienna XLE,2024,"65,107 mi.",Hybrid,4 Cyl,Automatic,Silver,Gray,None reported,Yes,"$41,530",carfax_rebrowser_sample_oneprice,2026-05-07,Minivan,36.0
Toyota,Sienna LE,2024,"59,250 mi.",Hybrid,4 Cyl,Automatic,Gray,Gray,None reported,Yes,"$36,810",carfax_rebrowser_sample_oneprice,2026-05-07,Minivan,36.0
Honda,Odyssey EX,2024,"21,866 mi.",Gasoline,6 Cyl,Automatic,Gray,Black,None reported,Yes,"$36,820",carfax_rebrowser_sample_oneprice,2026-05-07,Minivan,22.0
Honda,Odyssey Touring,2024,"24,167 mi.",Gasoline,6 Cyl,Automatic,White,Black,None reported,Yes,"$37,900",carfax_rebrowser_sample_oneprice,2026-05-07,Minivan,22.0
Chrysler,Pacifica Select,2024,"55,920 mi.",Hybrid,6 Cyl,Automatic,Black,Black,None reported,Yes,"$28,450",carfax_rebrowser_sample_oneprice,2026-05-07,Minivan,30.0
Kia,Carnival SX,2024,"24,690 mi.",Gasoline,6 Cyl,Automatic,Gray,Gray,None reported,Yes,"$39,400",carfax_rebrowser_sample_oneprice,2026-05-07,Minivan,22.0
Ford,F-250 XL,2024,"17,895 mi.",Flexible-Fuel,8 Cyl,Automatic,White,Gray,None reported,Yes,"$44,870",carfax_rebrowser_sample_oneprice,2026-05-07,Pickup,
Chrysler,Pacifica Touring-L,2024,"79,723 mi.",Gasoline,6 Cyl,Automatic,Black,Black,None reported,Yes,"$26,910",carfax_rebrowser_sample_oneprice,2026-05-07,Minivan,22.0
Kia,Carnival LX,2024,"62,626 mi.",Gasoline,6 Cyl,Automatic,Black,Black,None reported,Yes,"$27,330",carfax_rebrowser_sample_oneprice,2026-05-07,Minivan,22.0
Kia,Carnival LX,2024,"72,493 mi.",Gasoline,6 Cyl,Automatic,Red,Gray,None reported,Yes,"$24,590",carfax_rebrowser_sample_oneprice,2026-05-07,Minivan,22.0
Chrysler,Pacifica Touring-L,2024,"65,986 mi.",Gasoline,6 Cyl,Automatic,Silver,Black,None reported,Yes,"$24,290",carfax_rebrowser_sample_oneprice,2026-05-07,Minivan,22.0
Chrysler,Pacifica Touring-L,2024,"46,342 mi.",Gasoline,6 Cyl,Automatic,Black,Unknown,None reported,Yes,"$26,690",carfax_rebrowser_sample_oneprice,2026-05-07,Minivan,22.0
Chrysler,Pacifica Select,2024,"58,528 mi.",Hybrid,6 Cyl,Automatic,White,Tan,None reported,Yes,"$25,550",carfax_rebrowser_sample_oneprice,2026-05-07,Minivan,30.0
Chrysler,Pacifica Touring-L,2024,"53,563 mi.",Gasoline,6 Cyl,Automatic,White,Tan,None reported,Yes,"$26,180",carfax_rebrowser_sample_oneprice,2026-05-07,Minivan,22.0
Chrysler,Pacifica Touring-L,2024,"47,045 mi.",Gasoline,6 Cyl,Automatic,Black,Unknown,None reported,Yes,"$25,880",carfax_rebrowser_sample_oneprice,2026-05-07,Minivan,22.0
Chrysler,Pacifica Touring-L,2024,"62,041 mi.",Gasoline,6 Cyl,Automatic,White,Tan,None reported,Yes,"$25,450",carfax_rebrowser_sample_oneprice,2026-05-07,Minivan,22.0
Chrysler,Pacifica Touring,2024,"47,560 mi.",Gasoline,6 Cyl,Automatic,Blue,Black,None reported,Yes,"$25,800",carfax_rebrowser_sample_oneprice,2026-05-07,Minivan,22.0
Chrysler,Pacifica Touring-L,2024,"54,387 mi.",Gasoline,6 Cyl,Automatic,Silver,Tan,None reported,Yes,"$25,970",carfax_rebrowser_sample_oneprice,2026-05-07,Minivan,22.0
Chrysler,Voyager LX,2024,"44,122 mi.",Gasoline,6 Cyl,Automatic,White,Black,None reported,Yes,"$24,360",carfax_rebrowser_sample_oneprice,2026-05-07,Minivan,22.0
Chrysler,Pacifica Touring-L,2024,"72,922 mi.",Gasoline,6 Cyl,Automatic,Silver,Tan,None reported,Yes,"$25,870",carfax_rebrowser_sample_oneprice,2026-05-07,Minivan,22.0
GMC,Sierra 2500HD Pro,2024,"12,596 mi.",Diesel,8 Cyl,Automatic,White,Black,None reported,Yes,"$54,980",carfax_rebrowser_sample_oneprice,2026-05-07,Pickup,
Chrysler,Pacifica Select,2025,"59,004 mi.",Gasoline,6 Cyl,Automatic,Blue,Black,None reported,Yes,"$28,290",carfax_rebrowser_sample_oneprice,2026-05-07,Minivan,22.0
Kia,Carnival LXS,2025,"31,535 mi.",Gasoline,6 Cyl,Automatic,White,Brown,None reported,Yes,"$32,840",carfax_rebrowser_sample_oneprice,2026-05-07,Minivan,21.0
Chrysler,Pacifica Select,2025,"17,935 mi.",Gasoline,6 Cyl,Automatic,Red,Black,None reported,Yes,"$30,030",carfax_rebrowser_sample_oneprice,2026-05-07,Minivan,22.0
Chrysler,Pacifica Select,2025,"36,709 mi.",Gasoline,6 Cyl,Automatic,Gray,Black,None reported,Yes,"$29,610",carfax_rebrowser_sample_oneprice,2026-05-07,Minivan,22.0
Chrysler,Pacifica Select,2025,"29,871 mi.",Gasoline,6 Cyl,Automatic,Red,Black,None reported,Yes,"$30,450",carfax_rebrowser_sample_oneprice,2026-05-07,Minivan,22.0
Chrysler,Pacifica Select,2025,"34,832 mi.",Gasoline,6 Cyl,Automatic,Black,Black,None reported,Yes,"$30,570",carfax_rebrowser_sample_oneprice,2026-05-07,Minivan,22.0
Chrysler,Pacifica Select,2025,"35,743 mi.",Gasoline,6 Cyl,Automatic,Black,Black,None reported,Yes,"$29,560",carfax_rebrowser_sample_oneprice,2026-05-07,Minivan,22.0
Chrysler,Pacifica Select,2025,"35,371 mi.",Gasoline,6 Cyl,Automatic,Black,Black,None reported,Yes,"$29,600",carfax_rebrowser_sample_oneprice,2026-05-07,Minivan,22.0
Honda,Passport RTL,2026,"25,577 mi.",Gasoline,6 Cyl,Automatic,Blue,Gray,None reported,Yes,"$39,890",carfax_rebrowser_sample_oneprice,2026-05-07,SUV,21.0
Chrysler,Pacifica Select,2025,"32,725 mi.",Gasoline,6 Cyl,Automatic,White,Black,None reported,Yes,"$30,090",carfax_rebrowser_sample_oneprice,2026-05-07,Minivan,22.0
Chrysler,Pacifica Select,2025,"20,852 mi.",Gasoline,6 Cyl,Automatic,Black,Black,None reported,Yes,"$31,400",carfax_rebrowser_sample_oneprice,2026-05-07,Minivan,22.0
Chrysler,Pacifica Select,2025,"47,487 mi.",Gasoline,6 Cyl,Automatic,Blue,Black,None reported,Yes,"$28,460",carfax_rebrowser_sample_oneprice,2026-05-07,Minivan,22.0
Chrysler,Pacifica Select,2025,"50,133 mi.",Gasoline,6 Cyl,Automatic,Black,Black,None reported,Yes,"$29,890",carfax_rebrowser_sample_oneprice,2026-05-07,Minivan,22.0
Chrysler,Pacifica Select,2025,"48,506 mi.",Gasoline,6 Cyl,Automatic,White,Black,None reported,Yes,"$29,210",carfax_rebrowser_sample_oneprice,2026-05-07,Minivan,22.0
Chrysler,Pacifica Select,2025,"41,426 mi.",Gasoline,6 Cyl,Automatic,Red,Black,None reported,Yes,"$29,080",carfax_rebrowser_sample_oneprice,2026-05-07,Minivan,22.0
Chrysler,Pacifica Select,2025,"40,601 mi.",Gasoline,6 Cyl,Automatic,White,Black,None reported,Yes,"$28,990",carfax_rebrowser_sample_oneprice,2026-05-07,Minivan,22.0
Chrysler,Pacifica Select,2025,"47,465 mi.",Gasoline,6 Cyl,Automatic,Black,Black,None reported,Yes,"$28,220",carfax_rebrowser_sample_oneprice,2026-05-07,Minivan,22.0
Chrysler,Pacifica Select,2025,"36,414 mi.",Gasoline,6 Cyl,Automatic,Gray,Black,None reported,Yes,"$28,860",carfax_rebrowser_sample_oneprice,2026-05-07,Minivan,22.0
Chrysler,Pacifica Select,2025,"54,450 mi.",Gasoline,6 Cyl,Automatic,Black,Black,None reported,Yes,"$28,320",carfax_rebrowser_sample_oneprice,2026-05-07,Minivan,22.0
Chrysler,Pacifica Select,2025,"38,018 mi.",Gasoline,6 Cyl,Automatic,Black,Black,None reported,Yes,"$29,770",carfax_rebrowser_sample_oneprice,2026-05-07,Minivan,22.0
Honda,Odyssey Touring,2025,"13,651 mi.",Gasoline,6 Cyl,Automatic,Silver,Tan,None reported,Yes,"$31,930",carfax_rebrowser_sample_oneprice,2026-05-07,Minivan,22.0
Chrysler,Pacifica Select,2025,"46,614 mi.",Gasoline,6 Cyl,Automatic,White,Black,None reported,Yes,"$28,070",carfax_rebrowser_sample_oneprice,2026-05-07,Minivan,22.0
Chrysler,Pacifica Select,2025,"25,986 mi.",Gasoline,6 Cyl,Automatic,Black,Black,None reported,Yes,"$31,340",carfax_rebrowser_sample_oneprice,2026-05-07,Minivan,22.0
Chrysler,Pacifica Select,2025,"43,556 mi.",Gasoline,6 Cyl,Automatic,White,Black,None reported,Yes,"$28,470",carfax_rebrowser_sample_oneprice,2026-05-07,Minivan,22.0
Chrysler,Pacifica Select,2025,"35,951 mi.",Gasoline,6 Cyl,Automatic,Red,Black,None reported,Yes,"$28,820",carfax_rebrowser_sample_oneprice,2026-05-07,Minivan,22.0
Kia,Carnival LXS,2025,"31,677 mi.",Gasoline,6 Cyl,Automatic,Gray,Brown,None reported,Yes,"$32,870",carfax_rebrowser_sample_oneprice,2026-05-07,Minivan,21.0
Chrysler,Pacifica Select,2025,"33,045 mi.",Gasoline,6 Cyl,Automatic,Red,Black,None reported,Yes,"$31,450",carfax_rebrowser_sample_oneprice,2026-05-07,Minivan,22.0
Chrysler,Pacifica Select,2025,"46,306 mi.",Gasoline,6 Cyl,Automatic,White,Unknown,None reported,Yes,"$30,510",carfax_rebrowser_sample_oneprice,2026-05-07,Minivan,22.0
Chrysler,Voyager LX,2025,"49,022 mi.",Gasoline,6 Cyl,Automatic,White,Black,None reported,Yes,"$29,720",carfax_rebrowser_sample_oneprice,2026-05-07,Minivan,22.0
Chrysler,Pacifica Select,2025,"55,927 mi.",Gasoline,6 Cyl,Automatic,Black,Black,None reported,Yes,"$27,330",carfax_rebrowser_sample_oneprice,2026-05-07,Minivan,22.0
Chrysler,Pacifica Select,2025,"46,776 mi.",Gasoline,6 Cyl,Automatic,Black,Black,None reported,Yes,"$31,110",carfax_rebrowser_sample_oneprice,2026-05-07,Minivan,22.0
Chrysler,Pacifica Select,2025,"47,898 mi.",Gasoline,6 Cyl,Automatic,Black,Black,None reported,Yes,"$28,160",carfax_rebrowser_sample_oneprice,2026-05-07,Minivan,22.0
Chrysler,Pacifica Select,2025,"34,487 mi.",Gasoline,6 Cyl,Automatic,Black,Black,None reported,Yes,"$31,110",carfax_rebrowser_sample_oneprice,2026-05-07,Minivan,22.0
Chrysler,Pacifica Select,2025,"46,387 mi.",Gasoline,6 Cyl,Automatic,Red,Black,None reported,Yes,"$29,450",carfax_rebrowser_sample_oneprice,2026-05-07,Minivan,22.0
Chrysler,Pacifica Select,2025,"26,920 mi.",Gasoline,6 Cyl,Automatic,Red,Black,None reported,Yes,"$30,740",carfax_rebrowser_sample_oneprice,2026-05-07,Minivan,22.0
Chrysler,Pacifica Select,2025,"46,178 mi.",Gasoline,6 Cyl,Automatic,Black,Black,None reported,Yes,"$29,490",carfax_rebrowser_sample_oneprice,2026-05-07,Minivan,22.0
Chrysler,Pacifica Select,2025,"48,988 mi.",Gasoline,6 Cyl,Automatic,Gray,Black,None reported,Yes,"$28,070",carfax_rebrowser_sample_oneprice,2026-05-07,Minivan,22.0
Kia,Carnival LXS,2025,"31,286 mi.",Gasoline,6 Cyl,Automatic,Red,Brown,None reported,Yes,"$32,880",carfax_rebrowser_sample_oneprice,2026-05-07,Minivan,21.0
Honda,Odyssey EX,2025,"15,964 mi.",Gasoline,6 Cyl,Automatic,Black,Black,None reported,Yes,"$31,720",carfax_rebrowser_sample_oneprice,2026-05-07,Minivan,22.0
Chrysler,Pacifica Select,2025,"32,792 mi.",Gasoline,6 Cyl,Automatic,Black,Black,None reported,Yes,"$29,640",carfax_rebrowser_sample_oneprice,2026-05-07,Minivan,22.0
Chrysler,Pacifica Select,2025,"22,654 mi.",Gasoline,6 Cyl,Automatic,Black,Black,None reported,Yes,"$31,920",carfax_rebrowser_sample_oneprice,2026-05-07,Minivan,22.0
Chrysler,Pacifica Select,2025,"56,637 mi.",Gasoline,6 Cyl,Automatic,Blue,Black,None reported,Yes,"$28,140",carfax_rebrowser_sample_oneprice,2026-05-07,Minivan,22.0
Chrysler,Pacifica Select,2025,"66,771 mi.",Gasoline,6 Cyl,Automatic,Black,Black,None reported,Yes,"$27,800",carfax_rebrowser_sample_oneprice,2026-05-07,Minivan,22.0
Chrysler,Pacifica Select,2025,"32,866 mi.",Gasoline,6 Cyl,Automatic,Black,Black,None reported,Yes,"$30,000",carfax_rebrowser_sample_oneprice,2026-05-07,Minivan,22.0
Kia,Carnival LXS,2025,"39,119 mi.",Gasoline,6 Cyl,Automatic,Gray,Brown,None reported,Yes,"$32,550",carfax_rebrowser_sample_oneprice,2026-05-07,Minivan,21.0
Chrysler,Pacifica Select,2025,"36,348 mi.",Gasoline,6 Cyl,Automatic,White,Black,None reported,Yes,"$29,660",carfax_rebrowser_sample_oneprice,2026-05-07,Minivan,22.0
Chrysler,Pacifica Select,2025,"19,568 mi.",Gasoline,6 Cyl,Automatic,Black,Black,None reported,Yes,"$31,870",carfax_rebrowser_sample_oneprice,2026-05-07,Minivan,22.0
Chrysler,Pacifica Select,2025,"46,763 mi.",Gasoline,6 Cyl,Automatic,Black,Black,None reported,Yes,"$29,120",carfax_rebrowser_sample_oneprice,2026-05-07,Minivan,22.0
Chrysler,Pacifica Select,2025,"31,692 mi.",Gasoline,6 Cyl,Automatic,Gray,Black,None reported,Yes,"$31,560",carfax_rebrowser_sample_oneprice,2026-05-07,Minivan,22.0
Chrysler,Pacifica Select,2025,"54,325 mi.",Gasoline,6 Cyl,Automatic,White,Black,None reported,Yes,"$29,750",carfax_rebrowser_sample_oneprice,2026-05-07,Minivan,22.0
Chrysler,Pacifica Limited,2025,"49,155 mi.",Gasoline,6 Cyl,Automatic,White,Black,None reported,Yes,"$34,300",carfax_rebrowser_sample_oneprice,2026-05-07,Minivan,22.0
Ford,Maverick Lariat,2025,"12,557 mi.",Hybrid,4 Cyl,Automatic,White,Tan,None reported,Yes,"$38,690",carfax_rebrowser_sample_oneprice,2026-05-07,Pickup,37.0
Toyota,Corolla Cross LE,2026,"1,597 mi.",Gasoline,4 Cyl,Automatic,Gray,Black,None reported,Yes,"$30,450",carfax_rebrowser_sample_oneprice,2026-05-07,SUV,32.0
Ford,Bronco Sport Outer Banks,2025,"1,652 mi.",Gasoline,3 Cyl,Automatic,Beige,Black,None reported,Yes,"$35,030",carfax_rebrowser_sample_oneprice,2026-05-07,SUV,27.0
Ford,Bronco Sport Badlands,2025,"15,476 mi.",Gasoline,4 Cyl,Automatic,Blue,Gray,None reported,Yes,"$32,940",carfax_rebrowser_sample_oneprice,2026-05-07,SUV,23.0
Kia,Telluride EX,2024,"12,087 mi.",Gasoline,6 Cyl,Automatic,White,Unknown,None reported,Yes,"$37,790",carfax_rebrowser_sample_oneprice,2026-05-07,SUV,20.0
Mercedes-Benz,GLB 250,2024,"10,283 mi.",Gasoline,4 Cyl,Automatic,White,Unknown,None reported,Yes,"$36,580",carfax_rebrowser_sample_oneprice,2026-05-07,SUV,28.0
Honda,Passport EX,2024,"27,832 mi.",Gasoline,6 Cyl,Automatic,Black,Black,None reported,Yes,"$34,720",carfax_rebrowser_sample_oneprice,2026-05-07,SUV,21.0
Mercedes-Benz,GLA 250,2024,"5,345 mi.",Gasoline,4 Cyl,Automatic,White,Unknown,None reported,Yes,"$36,330",carfax_rebrowser_sample_oneprice,2026-05-07,SUV,27.0
Jeep,Wrangler Sport,2024,"29,360 mi.",Gasoline,6 Cyl,Automatic,Red,Black,None reported,Yes,"$33,300",carfax_rebrowser_sample_oneprice,2026-05-07,SUV,20.0
BMW,X5 xDrive40i,2025,"33,786 mi.",Gasoline,6 Cyl,Automatic,Gray,Black,None reported,Yes,"$53,330",carfax_rebrowser_sample_oneprice,2026-05-07,SUV,25.0
Toyota,Tacoma SR,2026,"6,615 mi.",Gasoline,4 Cyl,Automatic,Black,Black,None reported,Yes,"$33,670",carfax_rebrowser_sample_oneprice,2026-05-08,Pickup,23.0
GMC,Canyon Elevation,2026,"8,100 mi.",Gasoline,4 Cyl,Automatic,Red,Black,None reported,Yes,"$39,000",carfax_rebrowser_sample_oneprice,2026-05-08,Pickup,20.0
Chevrolet,Silverado 1500 Custom,2026,"5,680 mi.",Gasoline,4 Cyl,Automatic,Black,Black,None reported,Yes,"$44,040",carfax_rebrowser_sample_oneprice,2026-05-08,Pickup,18.0
BMW,X2 xDrive28i,2026,"15,424 mi.",Gasoline,4 Cyl,Automatic,Black,Unknown,None reported,Yes,"$42,100",carfax_rebrowser_sample_oneprice,2026-05-08,SUV,28.0
BMW,4 Series 430i xDrive,2025,"15,894 mi.",Gasoline,4 Cyl,Automatic,Black,Brown,None reported,Yes,"$43,160",carfax_rebrowser_sample_oneprice,2026-05-08,Coupe,30.0
Mercedes-Benz,GLE 350,2026,"4,609 mi.",Gasoline,4 Cyl,Automatic,Silver,Black,None reported,Yes,"$64,200",carfax_rebrowser_sample_oneprice,2026-05-08,SUV,22.0
Chevrolet,Tahoe Z71,2024,"21,651 mi.",Gasoline,8 Cyl,Automatic,Gray,Black,None reported,Yes,"$66,250",carfax_rebrowser_sample_oneprice,2026-05-08,SUV,16.0
Chevrolet,Tahoe High Country,2024,"22,604 mi.",Gasoline,8 Cyl,Automatic,White,Black,None reported,Yes,"$70,730",carfax_rebrowser_sample_oneprice,2026-05-08,SUV,16.0
Toyota,Land Cruiser,2025,"3,432 mi.",Hybrid,4 Cyl,Automatic,White,Tan,None reported,Yes,"$62,960",carfax_rebrowser_sample_oneprice,2026-05-08,SUV,23.0
Ford,Expedition MAX Active,2025,"22,602 mi.",Gasoline,6 Cyl,Automatic,White,Gray,None reported,Yes,"$59,150",carfax_rebrowser_sample_oneprice,2026-05-08,SUV,
Ford,Expedition MAX Platinum,2025,"27,022 mi.",Gasoline,6 Cyl,Automatic,White,Gray,None reported,Yes,"$68,760",carfax_rebrowser_sample_oneprice,2026-05-08,SUV,
BMW,X3 xDrive30,2025,"19,768 mi.",Gasoline,4 Cyl,Automatic,White,Brown,None reported,Yes,"$47,300",carfax_rebrowser_sample_oneprice,2026-05-08,SUV,29.0
Toyota,RAV4 XSE,2025,"8,953 mi.",Hybrid,4 Cyl,Automatic,Blue,Black,None reported,Yes,"$46,320",carfax_rebrowser_sample_oneprice,2026-05-08,SUV,38.0
Ford,Expedition Limited,2024,"42,079 mi.",Gasoline,6 Cyl,Automatic,Silver,Tan,None reported,Yes,"$50,670",carfax_rebrowser_sample_oneprice,2026-05-08,SUV,18.0
Nissan,Frontier PRO-4X,2026,"4,000 mi.",Gasoline,6 Cyl,Automatic,Orange,Gray,None reported,Yes,"$46,220",carfax_rebrowser_sample_oneprice,2026-05-08,Pickup,18.0
Mercedes-Benz,CLA 250,2025,"43,555 mi.",Gasoline,4 Cyl,Automatic,Black,Black,None reported,Yes,"$32,540",carfax_rebrowser_sample_oneprice,2026-05-08,Sedan,30.0
Toyota,Sienna XSE,2025,"61,995 mi.",Hybrid,4 Cyl,Automatic,White,Black,None reported,Yes,"$46,740",carfax_rebrowser_sample_oneprice,2026-05-08,Minivan,35.0
Porsche,Macan,2025,"4,585 mi.",Gasoline,4 Cyl,Automatic,Black,Tan,None reported,Yes,"$60,130",carfax_rebrowser_sample_oneprice,2026-05-08,SUV,21.0
BMW,X3 xDrive30,2026,"1,002 mi.",Gasoline,4 Cyl,Automatic,Blue,Brown,None reported,Yes,"$53,730",carfax_rebrowser_sample_oneprice,2026-05-08,SUV,29.0
Kia,Sorento SX,2025,"10,450 mi.",Gasoline,4 Cyl,Automatic,Blue,Black,None reported,Yes,"$36,070",carfax_rebrowser_sample_oneprice,2026-05-08,SUV,23.0
Volvo,XC60 B5 Plus,2025,"18,139 mi.",Gasoline,4 Cyl,Automatic,Black,Black,None reported,Yes,"$37,180",carfax_rebrowser_sample_oneprice,2026-05-08,SUV,26.0
Subaru,Crosstrek Limited,2025,"5,553 mi.",Gasoline,4 Cyl,Automatic,Orange,Black,None reported,Yes,"$31,310",carfax_rebrowser_sample_oneprice,2026-05-08,SUV,29.0
Nissan,Frontier SV,2025,"30,491 mi.",Gasoline,6 Cyl,Automatic,White,Black,None reported,Yes,"$32,100",carfax_rebrowser_sample_oneprice,2026-05-08,Pickup,19.0
BMW,X3 xDrive30,2025,"11,410 mi.",Gasoline,4 Cyl,Automatic,Red,Black,None reported,Yes,"$48,560",carfax_rebrowser_sample_oneprice,2026-05-08,SUV,29.0
BMW,X3 xDrive30,2025,"5,505 mi.",Gasoline,4 Cyl,Automatic,Black,Black,None reported,Yes,"$48,400",carfax_rebrowser_sample_oneprice,2026-05-08,SUV,29.0
Ram,1500 Big Horn/Lone Star,2025,"25,313 mi.",Gasoline,6 Cyl,Automatic,White,Gray,None reported,Yes,"$43,230",carfax_rebrowser_sample_oneprice,2026-05-08,Pickup,21.0
Jeep,Wrangler Rubicon 4xe,2025,"16,804 mi.",Hybrid,4 Cyl,Automatic,Gray,Black,None reported,Yes,"$35,210",carfax_rebrowser_sample_oneprice,2026-05-08,SUV,
Jeep,Wrangler Rubicon 4xe,2025,"13,235 mi.",Hybrid,4 Cyl,Automatic,Black,Black,None reported,Yes,"$35,710",carfax_rebrowser_sample_oneprice,2026-05-08,SUV,
GMC,Sierra 1500 Elevation,2025,"12,149 mi.",Gasoline,4 Cyl,Automatic,Black,Black,None reported,Yes,"$50,880",carfax_rebrowser_sample_oneprice,2026-05-08,Pickup,18.0
Buick,Envision Preferred,2025,"10,209 mi.",Gasoline,4 Cyl,Automatic,Gray,Black,None reported,Yes,"$30,660",carfax_rebrowser_sample_oneprice,2026-05-08,SUV,24.0
Hyundai,Elantra SEL,2024,"19,422 mi.",Gasoline,4 Cyl,Automatic,Black,Gray,None reported,Yes,"$21,760",carfax_rebrowser_sample_oneprice,2026-05-08,Sedan,34.0
Mercedes-Benz,GLC 300,2024,"35,422 mi.",Gasoline,4 Cyl,Automatic,Silver,Tan,None reported,Yes,"$42,120",carfax_rebrowser_sample_oneprice,2026-05-08,SUV,27.0
Jeep,Wrangler Sahara,2024,"38,186 mi.",Gasoline,4 Cyl,Automatic,White,Black,None reported,Yes,"$35,800",carfax_rebrowser_sample_oneprice,2026-05-08,SUV,21.0
Hyundai,Elantra SEL Convenience,2025,"39,267 mi.",Gasoline,4 Cyl,Automatic,White,Gray,None reported,Yes,"$20,970",carfax_rebrowser_sample_oneprice,2026-05-08,Sedan,34.0
Hyundai,Santa Fe Calligraphy,2024,"23,371 mi.",Gasoline,4 Cyl,Automatic,Unknown,Unknown,None reported,Yes,"$36,580",carfax_rebrowser_sample_oneprice,2026-05-08,SUV,23.0
Cadillac,XT5 Premium Luxury,2024,"33,835 mi.",Gasoline,6 Cyl,Automatic,White,Gray,None reported,Yes,"$39,710",carfax_rebrowser_sample_oneprice,2026-05-08,SUV,21.0
Ford,Explorer XLT,2024,"33,470 mi.",Gasoline,4 Cyl,Automatic,Gray,Black,None reported,Yes,"$30,610",carfax_rebrowser_sample_oneprice,2026-05-08,SUV,23.0
Kia,Telluride SX Prestige,2024,"58,713 mi.",Gasoline,6 Cyl,Automatic,White,Black,None reported,Yes,"$38,890",carfax_rebrowser_sample_oneprice,2026-05-08,SUV,20.0
Volkswagen,Atlas SEL,2025,"18,777 mi.",Gasoline,4 Cyl,Automatic,Green,Black,None reported,Yes,"$44,000",carfax_rebrowser_sample_oneprice,2026-05-08,SUV,21.0
Genesis,GV80 2.5T,2024,"33,078 mi.",Gasoline,4 Cyl,Automatic,Gray,Black,None reported,Yes,"$38,600",carfax_rebrowser_sample_oneprice,2026-05-08,SUV,22.0
Jeep,Wrangler Sport,2024,"12,202 mi.",Gasoline,6 Cyl,Automatic,White,Black,None reported,Yes,"$34,490",carfax_rebrowser_sample_oneprice,2026-05-08,SUV,20.0
Jeep,Wrangler Sahara,2024,"32,393 mi.",Gasoline,4 Cyl,Automatic,Black,Black,None reported,Yes,"$36,650",carfax_rebrowser_sample_oneprice,2026-05-08,SUV,21.0
Ford,F-150 XLT,2024,"40,501 mi.",Hybrid,6 Cyl,Automatic,Silver,Black,None reported,Yes,"$38,400",carfax_rebrowser_sample_oneprice,2026-05-08,Pickup,23.0
Ram,2500 Tradesman,2024,"77,535 mi.",Diesel,6 Cyl,Automatic,White,Black,None reported,Yes,"$40,500",carfax_rebrowser_sample_oneprice,2026-05-08,Pickup,
Chevrolet,Silverado 1500 LT,2024,"35,426 mi.",Gasoline,8 Cyl,Automatic,Red,Black,None reported,Yes,"$37,750",carfax_rebrowser_sample_oneprice,2026-05-08,Pickup,18.0
Chevrolet,Silverado 1500 LT,2024,"18,840 mi.",Gasoline,4 Cyl,Automatic,White,Black,None reported,Yes,"$35,180",carfax_rebrowser_sample_oneprice,2026-05-08,Pickup,
Honda,Civic Sport,2024,"6,246 mi.",Gasoline,4 Cyl,Automatic,Gray,Unknown,None reported,Yes,"$27,610",carfax_rebrowser_sample_oneprice,2026-05-08,Hatchback,32.0
Buick,Encore GX Sport Touring,2025,"14,121 mi.",Gasoline,3 Cyl,Automatic,Blue,Black,None reported,Yes,"$25,680",carfax_rebrowser_sample_oneprice,2026-05-08,SUV,30.0
Volkswagen,GTI 380 SE,2024,"15,531 mi.",Gasoline,4 Cyl,Manual,White,Unknown,None reported,Yes,"$33,500",carfax_rebrowser_sample_oneprice,2026-05-08,Hatchback,27.0
Ram,2500 Big Horn,2024,"55,417 mi.",Diesel,6 Cyl,Automatic,White,Gray,None reported,Yes,"$48,740",carfax_rebrowser_sample_oneprice,2026-05-08,Pickup,
Ram,1500 Laramie,2024,"127,366 mi.",Gasoline,8 Cyl,Automatic,Black,Black,None reported,Yes,"$33,700",carfax_rebrowser_sample_oneprice,2026-05-08,Pickup,19.0
Nissan,Frontier PRO-4X,2024,"14,131 mi.",Gasoline,6 Cyl,Automatic,Gray,Black,None reported,Yes,"$38,090",carfax_rebrowser_sample_oneprice,2026-05-08,Pickup,19.0
Nissan,Rogue Platinum,2024,"18,458 mi.",Gasoline,3 Cyl,Automatic,Black,Black,None reported,Yes,"$29,520",carfax_rebrowser_sample_oneprice,2026-05-08,SUV,33.0
Jeep,Wrangler Sahara,2024,"48,340 mi.",Gasoline,4 Cyl,Automatic,Silver,Black,None reported,Yes,"$33,500",carfax_rebrowser_sample_oneprice,2026-05-08,SUV,21.0
Chevrolet,TrailBlazer RS,2024,"10,654 mi.",Gasoline,3 Cyl,Automatic,Blue,Black,None reported,Yes,"$26,900",carfax_rebrowser_sample_oneprice,2026-05-08,SUV,27.0
Volkswagen,Tiguan Wolfsburg Edition,2024,"14,957 mi.",Gasoline,4 Cyl,Automatic,Silver,Black,None reported,Yes,"$26,570",carfax_rebrowser_sample_oneprice,2026-05-08,SUV,26.0
Kia,Sportage X-Pro Prestige,2024,"38,500 mi.",Gasoline,4 Cyl,Automatic,White,Black,None reported,Yes,"$31,090",carfax_rebrowser_sample_oneprice,2026-05-08,SUV,25.0
Kia,Sportage LX,2024,"44,693 mi.",Gasoline,4 Cyl,Automatic,Black,Black,None reported,Yes,"$22,990",carfax_rebrowser_sample_oneprice,2026-05-08,SUV,25.0
Nissan,Pathfinder S,2024,"35,194 mi.",Gasoline,6 Cyl,Automatic,Black,Black,None reported,Yes,"$28,040",carfax_rebrowser_sample_oneprice,2026-05-08,SUV,23.0
Chevrolet,Equinox LS,2024,"12,013 mi.",Gasoline,4 Cyl,Automatic,Gray,Gray,None reported,Yes,"$22,780",carfax_rebrowser_sample_oneprice,2026-05-08,SUV,28.0
Infiniti,Q50 Luxe,2024,"24,337 mi.",Gasoline,6 Cyl,Automatic,Black,Black,None reported,Yes,"$34,240",carfax_rebrowser_sample_oneprice,2026-05-08,Sedan,22.0
Ford,F-350 King Ranch,2025,"8,482 mi.",Diesel,8 Cyl,Automatic,Brown,Tan,None reported,Yes,"$88,470",carfax_rebrowser_sample_oneprice,2026-05-08,Pickup,
Jeep,Gladiator Mojave,2024,"20,362 mi.",Gasoline,6 Cyl,Automatic,Gray,Green,None reported,Yes,"$44,760",carfax_rebrowser_sample_oneprice,2026-05-08,Pickup,19.0
Ford,Maverick XL,2025,"22,075 mi.",Gasoline,4 Cyl,Automatic,White,Black,None reported,Yes,"$27,160",carfax_rebrowser_sample_oneprice,2026-05-08,Pickup,25.0
Tesla,Model Y Long Range,2026,"6,917 mi.",Electric,Electric,Automatic,Gray,Black,None reported,Yes,"$51,060",carfax_rebrowser_sample_oneprice,2026-05-08,SUV,123.0
Mercedes-Benz,GLE 580,2025,"7,108 mi.",Gasoline,8 Cyl,Automatic,Black,Unknown,None reported,Yes,"$89,170",carfax_rebrowser_sample_oneprice,2026-05-08,SUV,
Jeep,Wagoneer Series II,2025,"19,318 mi.",Gasoline,6 Cyl,Automatic,White,Black,None reported,Yes,"$52,100",carfax_rebrowser_sample_oneprice,2026-05-08,SUV,19.0
Ferrari,296 GTS,2024,"3,395 mi.",Hybrid,6 Cyl,Automatic,Red,Black,None reported,Yes,"$402,570",carfax_rebrowser_sample_oneprice,2026-05-08,Convertible,
Ford,Expedition MAX King Ranch,2025,"1,400 mi.",Gasoline,6 Cyl,Automatic,Gray,Tan,None reported,Yes,"$79,540",carfax_rebrowser_sample_oneprice,2026-05-08,SUV,
Cadillac,XT5 Premium Luxury,2025,"27,602 mi.",Gasoline,6 Cyl,Automatic,Black,Black,None reported,Yes,"$40,160",carfax_rebrowser_sample_oneprice,2026-05-08,SUV,21.0
Honda,CR-V Sport,2025,"32,117 mi.",Hybrid,4 Cyl,Automatic,Gray,Black,None reported,Yes,"$33,210",carfax_rebrowser_sample_oneprice,2026-05-08,SUV,37.0
Subaru,Forester Touring,2025,"24,611 mi.",Gasoline,4 Cyl,Automatic,Gray,Black,None reported,Yes,"$33,560",carfax_rebrowser_sample_oneprice,2026-05-08,SUV,29.0
Subaru,Outback Limited,2025,"14,244 mi.",Gasoline,4 Cyl,Automatic,Silver,Gray,None reported,Yes,"$35,480",carfax_rebrowser_sample_oneprice,2026-05-08,Wagon,25.0
Kia,Soul LX,2024,"38,670 mi.",Gasoline,4 Cyl,Automatic,White,Black,None reported,Yes,"$19,180",carfax_rebrowser_sample_oneprice,2026-05-08,Wagon,30.0
Kia,Telluride S,2024,"12,414 mi.",Gasoline,6 Cyl,Automatic,White,Gray,None reported,Yes,"$35,520",carfax_rebrowser_sample_oneprice,2026-05-08,SUV,22.0
Infiniti,QX60 Sensory,2025,"20,750 mi.",Gasoline,4 Cyl,Automatic,Gray,Black,None reported,Yes,"$46,280",carfax_rebrowser_sample_oneprice,2026-05-08,SUV,24.0
Jaguar,XF R-Dynamic SE,2024,"32,286 mi.",Gasoline,4 Cyl,Automatic,Green,Black,None reported,Yes,"$38,100",carfax_rebrowser_sample_oneprice,2026-05-08,Sedan,24.0
Mercedes-Benz,GLC 43 AMG,2025,"12,252 mi.",Gasoline,4 Cyl,Automatic,White,Black,None reported,Yes,"$56,180",carfax_rebrowser_sample_oneprice,2026-05-08,SUV,21.0
Acura,MDX Technology,2026,"3,217 mi.",Gasoline,6 Cyl,Automatic,Gray,Brown,None reported,Yes,"$53,400",carfax_rebrowser_sample_oneprice,2026-05-08,SUV,21.0
Mercedes-Benz,G-Class AMG G 63,2025,320 mi.,Gasoline,8 Cyl,Automatic,White,Black,None reported,Yes,"$229,680",carfax_rebrowser_sample_oneprice,2026-05-08,SUV,15.0
Porsche,718 Cayman S,2024,"18,400 mi.",Gasoline,4 Cyl,Manual,White,Black,None reported,Yes,"$86,020",carfax_rebrowser_sample_oneprice,2026-05-08,Coupe,21.0
BMW,4 Series 430i xDrive,2026,"25,178 mi.",Gasoline,4 Cyl,Automatic,White,Unknown,None reported,Yes,"$45,920",carfax_rebrowser_sample_oneprice,2026-05-08,Coupe,30.0
GMC,Hummer EV 2X,2025,"12,460 mi.",Electric,Electric,Automatic,Black,Tan,None reported,Yes,"$72,830",carfax_rebrowser_sample_oneprice,2026-05-08,SUV,
Kia,K5 GT-Line,2025,"16,450 mi.",Gasoline,4 Cyl,Automatic,Gray,Black,None reported,Yes,"$28,190",carfax_rebrowser_sample_oneprice,2026-05-08,Sedan,29.0
Subaru,Ascent Premium,2024,"14,989 mi.",Gasoline,4 Cyl,Automatic,Gray,Black,None reported,Yes,"$31,550",carfax_rebrowser_sample_oneprice,2026-05-08,SUV,22.0
Toyota,4Runner SR5,2024,"35,099 mi.",Gasoline,6 Cyl,Automatic,Silver,Black,None reported,Yes,"$38,250",carfax_rebrowser_sample_oneprice,2026-05-08,SUV,17.0
Nissan,Pathfinder SL,2025,"29,637 mi.",Gasoline,6 Cyl,Automatic,Unknown,Unknown,None reported,Yes,"$33,350",carfax_rebrowser_sample_oneprice,2026-05-08,SUV,23.0
GMC,Sierra 1500 Elevation,2025,"11,664 mi.",Diesel,6 Cyl,Automatic,Silver,Black,None reported,Yes,"$51,270",carfax_rebrowser_sample_oneprice,2026-05-08,Pickup,24.0
Ford,Explorer ST,2025,"13,264 mi.",Gasoline,6 Cyl,Automatic,White,Black,None reported,Yes,"$54,240",carfax_rebrowser_sample_oneprice,2026-05-08,SUV,20.0
Ford,Bronco Outer Banks,2025,"6,289 mi.",Gasoline,6 Cyl,Automatic,Green,Black,None reported,Yes,"$50,630",carfax_rebrowser_sample_oneprice,2026-05-08,SUV,20.0
Kia,Sportage LX,2025,"24,912 mi.",Gasoline,4 Cyl,Automatic,White,Black,None reported,Yes,"$27,000",carfax_rebrowser_sample_oneprice,2026-05-08,SUV,25.0
Honda,CR-V LX,2025,"36,344 mi.",Gasoline,4 Cyl,Automatic,Black,Black,None reported,Yes,"$28,740",carfax_rebrowser_sample_oneprice,2026-05-08,SUV,28.0
Chevrolet,Equinox LT,2025,"17,048 mi.",Gasoline,4 Cyl,Automatic,Gray,Black,None reported,Yes,"$28,310",carfax_rebrowser_sample_oneprice,2026-05-08,SUV,26.0
Chevrolet,Silverado 1500 RST,2024,"25,350 mi.",Gasoline,8 Cyl,Automatic,Gray,Black,None reported,Yes,"$47,050",carfax_rebrowser_sample_oneprice,2026-05-08,Pickup,16.0
Kia,Telluride EX,2024,"1,000 mi.",Gasoline,6 Cyl,Automatic,Gray,Black,None reported,Yes,"$42,960",carfax_rebrowser_sample_oneprice,2026-05-08,SUV,20.0
Jeep,Grand Cherokee L Limited Edition,2024,"34,247 mi.",Gasoline,6 Cyl,Automatic,Gray,Black,None reported,Yes,"$34,460",carfax_rebrowser_sample_oneprice,2026-05-08,SUV,21.0
Mercedes-Benz,GLE 350,2025,"13,950 mi.",Gasoline,4 Cyl,Automatic,Black,Black,None reported,Yes,"$55,630",carfax_rebrowser_sample_oneprice,2026-05-08,SUV,22.0
Ford,Mustang Base,2025,"4,687 mi.",Gasoline,4 Cyl,Automatic,Blue,Black,None reported,Yes,"$37,680",carfax_rebrowser_sample_oneprice,2026-05-08,Convertible,26.0
Subaru,Ascent Touring,2025,"15,489 mi.",Gasoline,4 Cyl,Automatic,White,Brown,None reported,Yes,"$43,500",carfax_rebrowser_sample_oneprice,2026-05-08,SUV,22.0
Chevrolet,Express 2500,2024,"16,509 mi.",Gasoline,6 Cyl,Automatic,White,Black,None reported,Yes,"$29,830",carfax_rebrowser_sample_oneprice,2026-05-08,Van,
Ford,Maverick Lariat,2026,418 mi.,Hybrid,4 Cyl,Automatic,Gray,Blue,None reported,Yes,"$35,460",carfax_rebrowser_sample_oneprice,2026-05-08,Pickup,36.0
Subaru,Ascent Limited,2025,"4,115 mi.",Gasoline,4 Cyl,Automatic,Green,Unknown,None reported,Yes,"$43,770",carfax_rebrowser_sample_oneprice,2026-05-08,SUV,21.0
Buick,Envista Preferred,2026,"2,104 mi.",Flexible-Fuel,3 Cyl,Automatic,Black,Black,None reported,Yes,"$25,590",carfax_rebrowser_sample_oneprice,2026-05-08,SUV,30.0
Chevrolet,Silverado 1500 RST,2024,"21,854 mi.",Gasoline,8 Cyl,Automatic,Red,Black,None reported,Yes,"$44,770",carfax_rebrowser_sample_oneprice,2026-05-08,Pickup,16.0
Hyundai,Sonata SEL,2024,"50,479 mi.",Gasoline,4 Cyl,Automatic,White,Unknown,None reported,Yes,"$21,950",carfax_rebrowser_sample_oneprice,2026-05-08,Sedan,29.0
Toyota,Sienna XLE,2024,"51,653 mi.",Hybrid,4 Cyl,Automatic,Black,Gray,None reported,Yes,"$39,940",carfax_rebrowser_sample_oneprice,2026-05-08,Minivan,36.0
Nissan,Rogue SL,2025,"4,644 mi.",Gasoline,3 Cyl,Automatic,Gray,Black,None reported,Yes,"$33,040",carfax_rebrowser_sample_oneprice,2026-05-08,SUV,31.0
Nissan,Sentra SR,2024,"25,718 mi.",Gasoline,4 Cyl,Automatic,Black,Unknown,None reported,Yes,"$21,830",carfax_rebrowser_sample_oneprice,2026-05-08,Sedan,33.0
Chevrolet,Equinox LT,2025,"8,475 mi.",Gasoline,4 Cyl,Automatic,Black,Black,None reported,Yes,"$28,160",carfax_rebrowser_sample_oneprice,2026-05-08,SUV,26.0
Dodge,Charger Daytona R/T,2024,125 mi.,Electric,Electric,Automatic,Red,Black,None reported,Yes,"$37,370",carfax_rebrowser_sample_oneprice,2026-05-08,Coupe,
Toyota,Tundra Limited Edition,2025,"17,271 mi.",Gasoline,6 Cyl,Automatic,Green,Unknown,None reported,Yes,"$54,040",carfax_rebrowser_sample_oneprice,2026-05-08,Pickup,19.0
Ford,F-150 XLT,2025,"13,438 mi.",Gasoline,8 Cyl,Automatic,White,Black,None reported,Yes,"$52,260",carfax_rebrowser_sample_oneprice,2026-05-08,Pickup,19.0
Ram,1500 Rebel,2025,"48,129 mi.",Gasoline,6 Cyl,Automatic,Silver,Black,None reported,Yes,"$41,580",carfax_rebrowser_sample_oneprice,2026-05-08,Pickup,
Chevrolet,Silverado 1500 LT,2025,"31,202 mi.",Gasoline,8 Cyl,Automatic,Black,Gray,None reported,Yes,"$39,750",carfax_rebrowser_sample_oneprice,2026-05-08,Pickup,16.0
Ram,1500 Tradesman,2026,576 mi.,Gasoline,6 Cyl,Automatic,Silver,Gray,None reported,Yes,"$43,800",carfax_rebrowser_sample_oneprice,2026-05-08,Pickup,22.0
Subaru,Legacy Premium,2024,"57,105 mi.",Gasoline,4 Cyl,Automatic,Gray,Gray,None reported,Yes,"$21,990",carfax_rebrowser_sample_oneprice,2026-05-08,Sedan,30.0
Honda,Odyssey Sport-L,2025,"30,529 mi.",Gasoline,6 Cyl,Automatic,Black,Black,None reported,Yes,"$36,300",carfax_rebrowser_sample_oneprice,2026-05-08,Minivan,22.0
Cadillac,CT4 Premium Luxury,2024,"36,177 mi.",Gasoline,4 Cyl,Automatic,Black,Black,None reported,Yes,"$29,800",carfax_rebrowser_sample_oneprice,2026-05-08,Sedan,26.0
Chevrolet,Malibu LT,2024,"50,635 mi.",Gasoline,4 Cyl,Automatic,Gray,Black,None reported,Yes,"$20,090",carfax_rebrowser_sample_oneprice,2026-05-08,Sedan,31.0
GMC,Sierra 1500 AT4,2024,"42,741 mi.",Diesel,6 Cyl,Automatic,White,Black,None reported,Yes,"$54,800",carfax_rebrowser_sample_oneprice,2026-05-08,Pickup,24.0
Chrysler,Pacifica Touring-L,2024,"66,197 mi.",Gasoline,6 Cyl,Automatic,Black,Tan,None reported,Yes,"$26,760",carfax_rebrowser_sample_oneprice,2026-05-08,Minivan,22.0
Ram,1500 Tradesman,2025,"25,683 mi.",Gasoline,6 Cyl,Automatic,Black,Black,None reported,Yes,"$39,820",carfax_rebrowser_sample_oneprice,2026-05-08,Pickup,21.0
Jeep,Gladiator Sport,2025,"37,814 mi.",Gasoline,6 Cyl,Automatic,White,Black,None reported,Yes,"$33,510",carfax_rebrowser_sample_oneprice,2026-05-08,Pickup,19.0
Chevrolet,Colorado Work Truck,2024,"23,711 mi.",Gasoline,4 Cyl,Automatic,Beige,Black,None reported,Yes,"$27,960",carfax_rebrowser_sample_oneprice,2026-05-08,Pickup,21.0
Mercedes-Benz,E-Class E 350,2025,"25,743 mi.",Gasoline,4 Cyl,Automatic,White,Black,None reported,Yes,"$47,210",carfax_rebrowser_sample_oneprice,2026-05-08,Sedan,28.0
Hyundai,Santa Cruz SEL,2024,"42,170 mi.",Gasoline,4 Cyl,Automatic,Beige,Black,None reported,Yes,"$22,220",carfax_rebrowser_sample_oneprice,2026-05-08,Pickup,23.0
Toyota,Prius LE,2025,"14,353 mi.",Hybrid,4 Cyl,Automatic,Silver,Black,None reported,Yes,"$27,670",carfax_rebrowser_sample_oneprice,2026-05-08,Hatchback,57.0
Chevrolet,Colorado Z71,2024,"17,523 mi.",Gasoline,4 Cyl,Automatic,White,Black,None reported,Yes,"$39,610",carfax_rebrowser_sample_oneprice,2026-05-08,Pickup,
Ferrari,Roma Spider,2025,"4,109 mi.",Gasoline,8 Cyl,Automatic,Red,Black,None reported,Yes,"$316,740",carfax_rebrowser_sample_oneprice,2026-05-08,Convertible,19.0
Porsche,911 Carrera,2025,"3,382 mi.",Gasoline,6 Cyl,Automatic,Silver,Black,None reported,Yes,"$157,430",carfax_rebrowser_sample_oneprice,2026-05-08,Convertible,21.0
Porsche,911 Carrera T,2025,"4,734 mi.",Gasoline,6 Cyl,Manual,White,Blue,None reported,Yes,"$162,740",carfax_rebrowser_sample_oneprice,2026-05-08,Convertible,19.0
Porsche,911 Turbo S,2025,944 mi.,Gasoline,6 Cyl,Automatic,Unknown,Gray,None reported,Yes,"$331,150",carfax_rebrowser_sample_oneprice,2026-05-08,Convertible,
Porsche,718 Boxster GTS,2025,677 mi.,Gasoline,6 Cyl,Automatic,White,Black,None reported,Yes,"$124,960",carfax_rebrowser_sample_oneprice,2026-05-08,Convertible,21.0
Porsche,718 Boxster GTS,2025,"1,512 mi.",Gasoline,6 Cyl,Manual,Blue,Black,None reported,Yes,"$120,810",carfax_rebrowser_sample_oneprice,2026-05-08,Convertible,19.0
Ferrari,Roma Spider,2025,497 mi.,Gasoline,8 Cyl,Automatic,Blue,Tan,None reported,Yes,"$317,060",carfax_rebrowser_sample_oneprice,2026-05-08,Convertible,19.0
Porsche,911 Carrera S,2025,17 mi.,Gasoline,6 Cyl,Automatic,Black,Blue,None reported,Yes,"$185,690",carfax_rebrowser_sample_oneprice,2026-05-08,Convertible,20.0
Porsche,911 Carrera,2025,"4,419 mi.",Gasoline,6 Cyl,Automatic,Gray,Blue,None reported,Yes,"$157,650",carfax_rebrowser_sample_oneprice,2026-05-08,Convertible,21.0
Porsche,911 Carrera,2025,"15,109 mi.",Gasoline,6 Cyl,Automatic,Black,Black,None reported,Yes,"$155,360",carfax_rebrowser_sample_oneprice,2026-05-08,Convertible,21.0
Porsche,911 Turbo S,2025,"6,163 mi.",Gasoline,6 Cyl,Automatic,White,Black,None reported,Yes,"$318,700",carfax_rebrowser_sample_oneprice,2026-05-08,Convertible,
Porsche,718 Spyder RS,2025,567 mi.,Gasoline,6 Cyl,Automatic,Black,Black,None reported,Yes,"$219,070",carfax_rebrowser_sample_oneprice,2026-05-08,Convertible,16.0
BMW,M8 Competition,2025,"1,059 mi.",Gasoline,8 Cyl,Automatic,Black,Gray,None reported,Yes,"$137,470",carfax_rebrowser_sample_oneprice,2026-05-08,Convertible,17.0
Chevrolet,Corvette Z06,2025,"1,605 mi.",Gasoline,8 Cyl,Automatic,Blue,Black,None reported,Yes,"$130,950",carfax_rebrowser_sample_oneprice,2026-05-08,Convertible,14.0
Bentley,Continental GTC,2025,"1,375 mi.",Hybrid,8 Cyl,Automatic,Green,Unknown,None reported,Yes,"$350,500",carfax_rebrowser_sample_oneprice,2026-05-08,Convertible,19.0
Chevrolet,Corvette Z06,2025,"1,749 mi.",Gasoline,8 Cyl,Automatic,Purple,Black,None reported,Yes,"$130,620",carfax_rebrowser_sample_oneprice,2026-05-08,Convertible,14.0
Porsche,718 Spyder RS,2025,850 mi.,Gasoline,6 Cyl,Automatic,Gray,Black,None reported,Yes,"$221,580",carfax_rebrowser_sample_oneprice,2026-05-08,Convertible,16.0
Porsche,718 Spyder RS,2025,"2,737 mi.",Gasoline,6 Cyl,Automatic,White,Black,None reported,Yes,"$219,040",carfax_rebrowser_sample_oneprice,2026-05-08,Convertible,16.0
Porsche,911 Carrera,2025,"8,616 mi.",Gasoline,6 Cyl,Automatic,White,Black,None reported,Yes,"$156,560",carfax_rebrowser_sample_oneprice,2026-05-08,Convertible,21.0
Porsche,718 Spyder RS,2025,832 mi.,Gasoline,6 Cyl,Automatic,Blue,Unknown,None reported,Yes,"$212,750",carfax_rebrowser_sample_oneprice,2026-05-08,Convertible,16.0
Ferrari,296 GTS,2025,435 mi.,Hybrid,6 Cyl,Automatic,Red,Black,None reported,Yes,"$423,650",carfax_rebrowser_sample_oneprice,2026-05-08,Convertible,
Ferrari,Roma Spider,2025,"3,857 mi.",Gasoline,8 Cyl,Automatic,Gray,Black,None reported,Yes,"$311,090",carfax_rebrowser_sample_oneprice,2026-05-08,Convertible,19.0
BMW,M8 Competition,2025,"2,839 mi.",Gasoline,8 Cyl,Automatic,Gray,Black,None reported,Yes,"$136,970",carfax_rebrowser_sample_oneprice,2026-05-08,Convertible,17.0
Chevrolet,Corvette Z06,2025,839 mi.,Gasoline,8 Cyl,Automatic,Purple,Gray,None reported,Yes,"$127,520",carfax_rebrowser_sample_oneprice,2026-05-08,Convertible,14.0
Chevrolet,Corvette Z06,2025,889 mi.,Gasoline,8 Cyl,Automatic,White,Red,None reported,Yes,"$134,670",carfax_rebrowser_sample_oneprice,2026-05-08,Convertible,14.0
Ferrari,296 GTS,2025,232 mi.,Hybrid,6 Cyl,Automatic,Red,Black,None reported,Yes,"$432,870",carfax_rebrowser_sample_oneprice,2026-05-08,Convertible,
BMW,M8 Competition,2025,"2,654 mi.",Gasoline,8 Cyl,Automatic,Blue,Tan,None reported,Yes,"$130,790",carfax_rebrowser_sample_oneprice,2026-05-08,Convertible,17.0
Porsche,911 Carrera,2025,"5,670 mi.",Gasoline,6 Cyl,Automatic,Silver,Black,None reported,Yes,"$154,390",carfax_rebrowser_sample_oneprice,2026-05-08,Convertible,21.0
Porsche,718 Boxster GTS,2025,"2,389 mi.",Gasoline,6 Cyl,Manual,Gray,Red,None reported,Yes,"$124,610",carfax_rebrowser_sample_oneprice,2026-05-08,Convertible,19.0
Mclaren,Artura,2025,"2,814 mi.",Hybrid,6 Cyl,Automatic,Purple,Unknown,None reported,Yes,"$255,110",carfax_rebrowser_sample_oneprice,2026-05-08,Convertible,
Chevrolet,Corvette Z06,2026,223 mi.,Gasoline,8 Cyl,Automatic,Blue,Black,None reported,Yes,"$135,250",carfax_rebrowser_sample_oneprice,2026-05-08,Convertible,14.0
Porsche,911 Carrera 4,2026,165 mi.,Hybrid,6 Cyl,Automatic,White,Blue,None reported,Yes,"$249,090",carfax_rebrowser_sample_oneprice,2026-05-08,Convertible,
Porsche,911 Carrera S,2026,"2,510 mi.",Gasoline,6 Cyl,Automatic,Blue,Tan,None reported,Yes,"$223,370",carfax_rebrowser_sample_oneprice,2026-05-08,Convertible,20.0
Chevrolet,Corvette Z06,2026,"1,538 mi.",Gasoline,8 Cyl,Automatic,Purple,Unknown,None reported,Yes,"$135,270",carfax_rebrowser_sample_oneprice,2026-05-08,Convertible,14.0
Mercedes-Benz,SL-Class Maybach SL 680,2026,674 mi.,Gasoline,8 Cyl,Automatic,Red,White,None reported,Yes,"$232,070",carfax_rebrowser_sample_oneprice,2026-05-08,Convertible,16.0
Porsche,911 Carrera T,2026,"3,450 mi.",Gasoline,6 Cyl,Manual,Gray,Black,None reported,Yes,"$200,630",carfax_rebrowser_sample_oneprice,2026-05-08,Convertible,19.0
Mclaren,750S Spider,2026,387 mi.,Gasoline,8 Cyl,Automatic,Gray,Black,None reported,Yes,"$407,260",carfax_rebrowser_sample_oneprice,2026-05-08,Convertible,
Mercedes-Benz,SL-Class AMG SL 55,2026,"1,545 mi.",Gasoline,8 Cyl,Automatic,Black,Black,None reported,Yes,"$137,040",carfax_rebrowser_sample_oneprice,2026-05-08,Convertible,16.0
Porsche,911 Carrera 4,2026,400 mi.,Hybrid,6 Cyl,Automatic,Black,Gray,None reported,Yes,"$242,300",carfax_rebrowser_sample_oneprice,2026-05-08,Convertible,
Porsche,911 Carrera,2026,"1,516 mi.",Hybrid,6 Cyl,Automatic,Green,Black,None reported,Yes,"$255,420",carfax_rebrowser_sample_oneprice,2026-05-08,Convertible,
Hyundai,Santa Cruz Night,2024,"15,753 mi.",Gasoline,4 Cyl,Automatic,Gray,Black,None reported,Yes,"$30,110",carfax_rebrowser_sample_oneprice,2026-05-08,Pickup,22.0
Ram,1500 SLT,2024,"60,668 mi.",Gasoline,6 Cyl,Automatic,White,Gray,None reported,Yes,"$25,400",carfax_rebrowser_sample_oneprice,2026-05-08,Pickup,19.0
Bentley,Continental GTC,2024,"5,610 mi.",Gasoline,8 Cyl,Automatic,Blue,Brown,None reported,Yes,"$261,380",carfax_rebrowser_sample_oneprice,2026-05-08,Convertible,16.0
Chevrolet,Corvette Z06,2024,"13,952 mi.",Gasoline,8 Cyl,Automatic,White,Red,None reported,Yes,"$116,250",carfax_rebrowser_sample_oneprice,2026-05-08,Convertible,14.0
Chevrolet,Corvette Z06,2024,"2,486 mi.",Gasoline,8 Cyl,Automatic,Blue,Black,None reported,Yes,"$124,600",carfax_rebrowser_sample_oneprice,2026-05-08,Convertible,14.0
Porsche,911 Carrera,2024,"5,822 mi.",Gasoline,6 Cyl,Automatic,White,Black,None reported,Yes,"$144,170",carfax_rebrowser_sample_oneprice,2026-05-08,Convertible,20.0
Porsche,911 Carrera,2024,"23,173 mi.",Gasoline,6 Cyl,Automatic,Black,Black,None reported,Yes,"$132,880",carfax_rebrowser_sample_oneprice,2026-05-08,Convertible,20.0
Aston Martin,DB12,2024,"5,543 mi.",Gasoline,8 Cyl,Automatic,Gray,Gray,None reported,Yes,"$257,850",carfax_rebrowser_sample_oneprice,2026-05-08,Convertible,17.0
Porsche,911 Carrera S,2024,"5,109 mi.",Gasoline,6 Cyl,Automatic,Gray,Black,None reported,Yes,"$175,520",carfax_rebrowser_sample_oneprice,2026-05-08,Convertible,20.0
Porsche,911 Carrera,2024,"8,391 mi.",Gasoline,6 Cyl,Automatic,Blue,Brown,None reported,Yes,"$150,840",carfax_rebrowser_sample_oneprice,2026-05-08,Convertible,20.0
Bentley,Continental GT,2024,"5,492 mi.",Gasoline,12 Cyl,Automatic,Unknown,Tan,None reported,Yes,"$315,560",carfax_rebrowser_sample_oneprice,2026-05-08,Convertible,15.0
Porsche,911 Carrera 4,2024,"1,348 mi.",Gasoline,6 Cyl,Automatic,Silver,Gray,None reported,Yes,"$199,780",carfax_rebrowser_sample_oneprice,2026-05-08,Convertible,19.0
Porsche,718 Boxster GTS,2024,"4,280 mi.",Gasoline,6 Cyl,Manual,Green,Unknown,None reported,Yes,"$110,810",carfax_rebrowser_sample_oneprice,2026-05-08,Convertible,19.0
BMW,M4 Competition xDrive,2026,552 mi.,Gasoline,6 Cyl,Automatic,White,Blue,None reported,Yes,"$93,490",carfax_rebrowser_sample_oneprice,2026-05-08,Convertible,
BMW,M4 Competition xDrive,2026,"3,339 mi.",Gasoline,6 Cyl,Automatic,Gray,Black,None reported,Yes,"$91,170",carfax_rebrowser_sample_oneprice,2026-05-08,Convertible,
GMC,Sierra 2500HD AT4,2024,"99,567 mi.",Diesel,8 Cyl,Automatic,Black,Black,None reported,Yes,"$63,100",carfax_rebrowser_sample_oneprice,2026-05-08,Pickup,
BMW,8 Series M850i xDrive,2024,"6,100 mi.",Gasoline,8 Cyl,Automatic,Black,White,None reported,Yes,"$82,000",carfax_rebrowser_sample_oneprice,2026-05-08,Convertible,19.0
BMW,M4 Competition xDrive,2025,"9,925 mi.",Gasoline,6 Cyl,Automatic,White,Red,None reported,Yes,"$86,930",carfax_rebrowser_sample_oneprice,2026-05-08,Convertible,
BMW,M4 Competition xDrive,2025,"6,358 mi.",Gasoline,6 Cyl,Automatic,Gray,Orange,None reported,Yes,"$87,280",carfax_rebrowser_sample_oneprice,2026-05-08,Convertible,
Mercedes-Benz,SL-Class AMG SL 43,2025,"8,135 mi.",Gasoline,4 Cyl,Automatic,Black,Black,None reported,Yes,"$102,860",carfax_rebrowser_sample_oneprice,2026-05-08,Convertible,
Porsche,718 Boxster,2025,"8,906 mi.",Gasoline,4 Cyl,Automatic,Gray,Black,None reported,Yes,"$84,420",carfax_rebrowser_sample_oneprice,2026-05-08,Convertible,24.0
Mercedes-Benz,SL-Class AMG SL 43,2025,"5,272 mi.",Gasoline,4 Cyl,Automatic,Gray,Black,None reported,Yes,"$111,690",carfax_rebrowser_sample_oneprice,2026-05-08,Convertible,
Porsche,718 Boxster,2025,"1,372 mi.",Gasoline,4 Cyl,Automatic,White,Gray,None reported,Yes,"$90,850",carfax_rebrowser_sample_oneprice,2026-05-08,Convertible,24.0
Porsche,718 Boxster,2025,"8,447 mi.",Gasoline,4 Cyl,Automatic,Gray,Black,None reported,Yes,"$89,120",carfax_rebrowser_sample_oneprice,2026-05-08,Convertible,24.0
Chevrolet,Corvette,2024,"14,334 mi.",Gasoline,8 Cyl,Automatic,White,Gray,None reported,Yes,"$69,080",carfax_rebrowser_sample_oneprice,2026-05-08,Convertible,19.0
Mercedes-Benz,SL-Class AMG SL 43,2024,440 mi.,Gasoline,4 Cyl,Automatic,Gray,Red,None reported,Yes,"$101,030",carfax_rebrowser_sample_oneprice,2026-05-08,Convertible,
Chevrolet,Corvette,2024,"3,676 mi.",Gasoline,8 Cyl,Automatic,Black,Red,None reported,Yes,"$79,140",carfax_rebrowser_sample_oneprice,2026-05-08,Convertible,19.0
Chevrolet,Corvette,2024,"19,736 mi.",Gasoline,8 Cyl,Automatic,White,Red,None reported,Yes,"$76,680",carfax_rebrowser_sample_oneprice,2026-05-08,Convertible,19.0
BMW,8 Series M850i xDrive,2024,"14,341 mi.",Gasoline,8 Cyl,Automatic,White,White,None reported,Yes,"$80,950",carfax_rebrowser_sample_oneprice,2026-05-08,Convertible,19.0
Chevrolet,Corvette,2024,"3,407 mi.",Gasoline,8 Cyl,Automatic,White,Black,None reported,Yes,"$73,120",carfax_rebrowser_sample_oneprice,2026-05-08,Convertible,19.0
Chevrolet,Corvette,2024,"4,180 mi.",Gasoline,8 Cyl,Automatic,Black,Black,None reported,Yes,"$75,590",carfax_rebrowser_sample_oneprice,2026-05-08,Convertible,19.0
BMW,M4 Competition xDrive,2024,"10,606 mi.",Gasoline,6 Cyl,Automatic,Blue,Black,None reported,Yes,"$77,130",carfax_rebrowser_sample_oneprice,2026-05-08,Convertible,
Porsche,718 Boxster Style Edition,2024,"6,460 mi.",Gasoline,4 Cyl,Automatic,Gray,Black,None reported,Yes,"$83,240",carfax_rebrowser_sample_oneprice,2026-05-08,Convertible,24.0
Jaguar,F-Type R75,2024,"5,184 mi.",Gasoline,8 Cyl,Automatic,Gray,Tan,None reported,Yes,"$92,360",carfax_rebrowser_sample_oneprice,2026-05-08,Convertible,
BMW,8 Series M850i xDrive,2024,"5,398 mi.",Gasoline,8 Cyl,Automatic,Black,Black,None reported,Yes,"$86,350",carfax_rebrowser_sample_oneprice,2026-05-08,Convertible,19.0
Chevrolet,Corvette,2024,"8,414 mi.",Gasoline,8 Cyl,Automatic,Blue,Red,None reported,Yes,"$73,560",carfax_rebrowser_sample_oneprice,2026-05-08,Convertible,19.0
Mazda,Mazda3 Turbo,2025,"4,489 mi.",Gasoline,4 Cyl,Automatic,Gray,Black,None reported,Yes,"$33,480",carfax_rebrowser_sample_oneprice,2026-05-08,Hatchback,26.0
Chevrolet,Camaro ZL1,2024,"4,878 mi.",Gasoline,8 Cyl,Automatic,Gray,Black,None reported,Yes,"$83,910",carfax_rebrowser_sample_oneprice,2026-05-08,Convertible,16.0
BMW,M8 Competition,2024,"34,543 mi.",Gasoline,8 Cyl,Automatic,Gray,Gray,None reported,Yes,"$95,620",carfax_rebrowser_sample_oneprice,2026-05-08,Convertible,17.0
BMW,M4 Competition xDrive,2024,"9,391 mi.",Gasoline,6 Cyl,Automatic,Black,Orange,None reported,Yes,"$79,430",carfax_rebrowser_sample_oneprice,2026-05-08,Convertible,
Volkswagen,GTI SE,2025,701 mi.,Gasoline,4 Cyl,Automatic,Gray,Black,None reported,Yes,"$34,330",carfax_rebrowser_sample_oneprice,2026-05-08,Hatchback,27.0
Land Rover,Range Rover Sport SV Edition Two,2025,"2,238 mi.",Gasoline,8 Cyl,Automatic,Black,Unknown,None reported,Yes,"$159,960",carfax_rebrowser_sample_oneprice,2026-05-08,SUV,19.0
Ford,Mustang GT,2025,37 mi.,Gasoline,8 Cyl,Automatic,Black,Black,None reported,Yes,"$55,050",carfax_rebrowser_sample_oneprice,2026-05-08,Convertible,19.0
BMW,4 Series M440i,2025,"16,831 mi.",Gasoline,6 Cyl,Automatic,Blue,Brown,None reported,Yes,"$62,850",carfax_rebrowser_sample_oneprice,2026-05-08,Convertible,
Mercedes-Benz,CLE 300,2025,565 mi.,Gasoline,4 Cyl,Automatic,Gray,Black,None reported,Yes,"$62,860",carfax_rebrowser_sample_oneprice,2026-05-08,Convertible,26.0
BMW,4 Series 430i xDrive,2025,"11,735 mi.",Gasoline,4 Cyl,Automatic,Blue,Black,None reported,Yes,"$54,190",carfax_rebrowser_sample_oneprice,2026-05-08,Convertible,28.0
Mercedes-Benz,CLE 300,2025,"1,386 mi.",Gasoline,4 Cyl,Automatic,Silver,Tan,None reported,Yes,"$63,290",carfax_rebrowser_sample_oneprice,2026-05-08,Convertible,26.0
Mercedes-Benz,CLE 450,2025,"5,728 mi.",Gasoline,6 Cyl,Automatic,White,Brown,None reported,Yes,"$70,140",carfax_rebrowser_sample_oneprice,2026-05-08,Convertible,26.0
BMW,Z4 M40i,2025,"4,137 mi.",Gasoline,6 Cyl,Automatic,Gray,Black,None reported,Yes,"$71,820",carfax_rebrowser_sample_oneprice,2026-05-08,Convertible,25.0
BMW,Z4 M40i,2025,"4,495 mi.",Gasoline,6 Cyl,Automatic,Purple,Black,None reported,Yes,"$70,080",carfax_rebrowser_sample_oneprice,2026-05-08,Convertible,25.0
Chevrolet,Corvette,2024,"21,377 mi.",Gasoline,8 Cyl,Automatic,Blue,Gray,None reported,Yes,"$61,640",carfax_rebrowser_sample_oneprice,2026-05-08,Convertible,19.0
Chevrolet,Corvette,2024,"10,757 mi.",Gasoline,8 Cyl,Automatic,Red,Black,None reported,Yes,"$64,570",carfax_rebrowser_sample_oneprice,2026-05-08,Convertible,19.0
BMW,M4 Competition xDrive,2024,"28,832 mi.",Gasoline,6 Cyl,Automatic,Black,Red,None reported,Yes,"$69,430",carfax_rebrowser_sample_oneprice,2026-05-08,Convertible,
Mercedes-Benz,CLE 450,2024,"19,101 mi.",Gasoline,6 Cyl,Automatic,Black,Brown,None reported,Yes,"$62,240",carfax_rebrowser_sample_oneprice,2026-05-08,Convertible,26.0
Mercedes-Benz,CLE 300,2024,"7,142 mi.",Gasoline,4 Cyl,Automatic,White,Unknown,None reported,Yes,"$57,430",carfax_rebrowser_sample_oneprice,2026-05-08,Convertible,26.0
Mercedes-Benz,CLE 300,2024,"5,898 mi.",Gasoline,4 Cyl,Automatic,Silver,Black,None reported,Yes,"$58,870",carfax_rebrowser_sample_oneprice,2026-05-08,Convertible,26.0
Mercedes-Benz,CLE 300,2024,"13,917 mi.",Gasoline,4 Cyl,Automatic,White,Tan,None reported,Yes,"$56,110",carfax_rebrowser_sample_oneprice,2026-05-08,Convertible,26.0
Mercedes-Benz,CLE 300,2024,"9,188 mi.",Gasoline,4 Cyl,Automatic,White,Tan,None reported,Yes,"$57,400",carfax_rebrowser_sample_oneprice,2026-05-08,Convertible,26.0
Mercedes-Benz,CLE 300,2024,"3,892 mi.",Gasoline,4 Cyl,Automatic,White,Tan,None reported,Yes,"$58,950",carfax_rebrowser_sample_oneprice,2026-05-08,Convertible,26.0
Audi,A5 Premium Plus,2024,"3,407 mi.",Gasoline,4 Cyl,Automatic,Red,Tan,None reported,Yes,"$56,660",carfax_rebrowser_sample_oneprice,2026-05-08,Convertible,27.0
Audi,S5 Premium Plus,2024,"8,159 mi.",Gasoline,6 Cyl,Automatic,Gray,Red,None reported,Yes,"$62,170",carfax_rebrowser_sample_oneprice,2026-05-08,Convertible,22.0
Chevrolet,Corvette,2024,"5,951 mi.",Gasoline,8 Cyl,Automatic,Green,Black,None reported,Yes,"$64,770",carfax_rebrowser_sample_oneprice,2026-05-08,Convertible,19.0
Subaru,Impreza RS,2024,"30,312 mi.",Gasoline,4 Cyl,Automatic,White,Black,None reported,Yes,"$25,060",carfax_rebrowser_sample_oneprice,2026-05-08,Wagon,29.0
Ford,Explorer ST,2025,"2,992 mi.",Gasoline,6 Cyl,Automatic,Red,Black,None reported,Yes,"$51,750",carfax_rebrowser_sample_oneprice,2026-05-08,SUV,20.0
Chevrolet,Corvette,2024,"29,923 mi.",Gasoline,8 Cyl,Automatic,White,Gray,None reported,Yes,"$65,640",carfax_rebrowser_sample_oneprice,2026-05-08,Convertible,19.0
BMW,8 Series 840i,2024,"10,363 mi.",Gasoline,6 Cyl,Automatic,White,Black,None reported,Yes,"$66,050",carfax_rebrowser_sample_oneprice,2026-05-08,Convertible,24.0
Chevrolet,Corvette,2024,"5,256 mi.",Gasoline,8 Cyl,Automatic,Black,Red,None reported,Yes,"$64,580",carfax_rebrowser_sample_oneprice,2026-05-08,Convertible,19.0
Audi,S5 Prestige,2024,"18,681 mi.",Gasoline,6 Cyl,Automatic,White,Red,None reported,Yes,"$63,280",carfax_rebrowser_sample_oneprice,2026-05-08,Convertible,22.0
BMW,Z4 M40i,2024,"2,877 mi.",Gasoline,6 Cyl,Automatic,Unknown,Unknown,None reported,Yes,"$65,730",carfax_rebrowser_sample_oneprice,2026-05-08,Convertible,26.0
Mercedes-Benz,CLE 300,2024,"4,085 mi.",Gasoline,4 Cyl,Automatic,Gray,Black,None reported,Yes,"$58,650",carfax_rebrowser_sample_oneprice,2026-05-08,Convertible,26.0
Chevrolet,Corvette,2024,"22,302 mi.",Gasoline,8 Cyl,Automatic,White,Red,None reported,Yes,"$68,190",carfax_rebrowser_sample_oneprice,2026-05-08,Convertible,19.0
Chevrolet,Corvette,2024,"10,331 mi.",Gasoline,8 Cyl,Automatic,White,Red,None reported,Yes,"$66,980",carfax_rebrowser_sample_oneprice,2026-05-08,Convertible,19.0
Audi,S5 Premium Plus,2024,"2,000 mi.",Gasoline,6 Cyl,Automatic,White,Gray,None reported,Yes,"$64,230",carfax_rebrowser_sample_oneprice,2026-05-08,Convertible,22.0
BMW,4 Series M440i xDrive,2024,"23,325 mi.",Gasoline,6 Cyl,Automatic,Gray,Red,None reported,Yes,"$60,640",carfax_rebrowser_sample_oneprice,2026-05-08,Convertible,25.0
BMW,4 Series M440i xDrive,2024,"11,922 mi.",Gasoline,6 Cyl,Automatic,Unknown,Unknown,None reported,Yes,"$65,320",carfax_rebrowser_sample_oneprice,2026-05-08,Convertible,25.0
Audi,S5 Premium Plus,2024,"13,605 mi.",Gasoline,6 Cyl,Automatic,White,Red,None reported,Yes,"$60,840",carfax_rebrowser_sample_oneprice,2026-05-08,Convertible,22.0
BMW,8 Series 840i,2024,"4,856 mi.",Gasoline,6 Cyl,Automatic,Black,Black,None reported,Yes,"$70,780",carfax_rebrowser_sample_oneprice,2026-05-08,Convertible,24.0
Audi,A5 Premium Plus,2024,"3,735 mi.",Gasoline,4 Cyl,Automatic,White,Tan,None reported,Yes,"$56,940",carfax_rebrowser_sample_oneprice,2026-05-08,Convertible,27.0
Audi,S5 Premium Plus,2024,"12,551 mi.",Gasoline,6 Cyl,Automatic,Gray,Red,None reported,Yes,"$62,360",carfax_rebrowser_sample_oneprice,2026-05-08,Convertible,22.0
Audi,S5 Premium,2024,"8,397 mi.",Gasoline,6 Cyl,Automatic,Gray,Black,None reported,Yes,"$63,400",carfax_rebrowser_sample_oneprice,2026-05-08,Convertible,22.0
BMW,Z4 M40i,2024,"7,574 mi.",Gasoline,6 Cyl,Automatic,Gray,Brown,None reported,Yes,"$62,420",carfax_rebrowser_sample_oneprice,2026-05-08,Convertible,26.0
BMW,4 Series M440i xDrive,2024,"11,667 mi.",Gasoline,6 Cyl,Automatic,Gray,Red,None reported,Yes,"$62,830",carfax_rebrowser_sample_oneprice,2026-05-08,Convertible,25.0
BMW,4 Series M440i xDrive,2024,"10,167 mi.",Gasoline,6 Cyl,Automatic,Gray,Black,None reported,Yes,"$62,510",carfax_rebrowser_sample_oneprice,2026-05-08,Convertible,25.0
Chevrolet,Corvette,2024,"11,068 mi.",Gasoline,8 Cyl,Automatic,Gray,Red,None reported,Yes,"$66,550",carfax_rebrowser_sample_oneprice,2026-05-08,Convertible,19.0
Land Rover,Range Rover SE,2025,"7,047 mi.",Gasoline,6 Cyl,Automatic,White,Unknown,None reported,Yes,"$113,820",carfax_rebrowser_sample_oneprice,2026-05-08,SUV,21.0
Audi,S5 Premium Plus,2024,"19,078 mi.",Gasoline,6 Cyl,Automatic,White,Gray,None reported,Yes,"$61,330",carfax_rebrowser_sample_oneprice,2026-05-08,Convertible,22.0
BMW,4 Series M440i,2024,"40,835 mi.",Gasoline,6 Cyl,Automatic,Gray,Brown,None reported,Yes,"$51,220",carfax_rebrowser_sample_oneprice,2026-05-08,Convertible,26.0
Ford,Mustang GT,2024,"6,674 mi.",Gasoline,8 Cyl,Automatic,Yellow,Black,None reported,Yes,"$51,510",carfax_rebrowser_sample_oneprice,2026-05-08,Convertible,19.0
Chevrolet,Camaro SS,2024,"1,313 mi.",Gasoline,8 Cyl,Automatic,Black,Black,None reported,Yes,"$59,660",carfax_rebrowser_sample_oneprice,2026-05-08,Convertible,20.0
Ford,Mustang GT,2024,"7,237 mi.",Gasoline,8 Cyl,Automatic,Red,Black,None reported,Yes,"$50,530",carfax_rebrowser_sample_oneprice,2026-05-08,Convertible,18.0
Ford,Mustang GT,2024,"6,677 mi.",Gasoline,8 Cyl,Automatic,Yellow,Black,None reported,Yes,"$46,910",carfax_rebrowser_sample_oneprice,2026-05-08,Convertible,18.0
BMW,4 Series 430i xDrive,2024,"23,281 mi.",Gasoline,4 Cyl,Automatic,Black,Red,None reported,Yes,"$47,170",carfax_rebrowser_sample_oneprice,2026-05-08,Convertible,27.0
Audi,A5 Prestige,2024,"9,723 mi.",Gasoline,4 Cyl,Automatic,Black,Brown,None reported,Yes,"$55,120",carfax_rebrowser_sample_oneprice,2026-05-08,Convertible,27.0
Ford,Mustang GT,2024,"8,375 mi.",Gasoline,8 Cyl,Manual,Unknown,Black,None reported,Yes,"$47,900",carfax_rebrowser_sample_oneprice,2026-05-08,Convertible,18.0
Ford,Mustang GT,2024,"7,346 mi.",Gasoline,8 Cyl,Automatic,Gray,Unknown,None reported,Yes,"$47,420",carfax_rebrowser_sample_oneprice,2026-05-08,Convertible,19.0
BMW,Z4 M40i,2024,"16,044 mi.",Gasoline,6 Cyl,Automatic,Black,Brown,None reported,Yes,"$59,590",carfax_rebrowser_sample_oneprice,2026-05-08,Convertible,26.0
Audi,A5 Premium,2024,"9,720 mi.",Gasoline,4 Cyl,Automatic,Gray,Gray,None reported,Yes,"$48,480",carfax_rebrowser_sample_oneprice,2026-05-08,Convertible,27.0
Audi,A5 Premium Plus,2024,"11,311 mi.",Gasoline,4 Cyl,Automatic,Red,Tan,None reported,Yes,"$54,080",carfax_rebrowser_sample_oneprice,2026-05-08,Convertible,27.0
BMW,4 Series M440i,2024,"17,184 mi.",Gasoline,6 Cyl,Automatic,Black,Red,None reported,Yes,"$57,800",carfax_rebrowser_sample_oneprice,2026-05-08,Convertible,26.0
Mercedes-Benz,CLE 300,2024,"17,744 mi.",Gasoline,4 Cyl,Automatic,Gray,Black,None reported,Yes,"$54,610",carfax_rebrowser_sample_oneprice,2026-05-08,Convertible,26.0
BMW,4 Series M440i,2024,"26,518 mi.",Gasoline,6 Cyl,Automatic,Black,Black,None reported,Yes,"$58,380",carfax_rebrowser_sample_oneprice,2026-05-08,Convertible,26.0
Chevrolet,Camaro SS,2024,"12,540 mi.",Gasoline,8 Cyl,Automatic,Gray,Black,None reported,Yes,"$55,700",carfax_rebrowser_sample_oneprice,2026-05-08,Convertible,20.0
Chevrolet,Camaro SS,2024,"2,725 mi.",Gasoline,8 Cyl,Manual,White,Unknown,None reported,Yes,"$54,870",carfax_rebrowser_sample_oneprice,2026-05-08,Convertible,19.0
BMW,4 Series M440i,2024,"20,218 mi.",Gasoline,6 Cyl,Automatic,White,Red,None reported,Yes,"$56,770",carfax_rebrowser_sample_oneprice,2026-05-08,Convertible,26.0
Audi,A5 Premium,2024,352 mi.,Gasoline,4 Cyl,Automatic,Unknown,Unknown,None reported,Yes,"$53,100",carfax_rebrowser_sample_oneprice,2026-05-08,Convertible,27.0
Ford,Mustang GT,2024,"3,429 mi.",Gasoline,8 Cyl,Automatic,Blue,Black,None reported,Yes,"$53,450",carfax_rebrowser_sample_oneprice,2026-05-08,Convertible,19.0
Chevrolet,Camaro SS,2024,"10,426 mi.",Gasoline,8 Cyl,Automatic,Orange,Black,None reported,Yes,"$52,180",carfax_rebrowser_sample_oneprice,2026-05-08,Convertible,20.0
Ford,Mustang GT,2024,"5,113 mi.",Gasoline,8 Cyl,Automatic,White,Black,None reported,Yes,"$50,500",carfax_rebrowser_sample_oneprice,2026-05-08,Convertible,19.0
Chevrolet,Camaro LT,2024,"1,947 mi.",Gasoline,6 Cyl,Automatic,Blue,Black,None reported,Yes,"$41,870",carfax_rebrowser_sample_oneprice,2026-05-08,Convertible,22.0
BMW,4 Series 430i,2024,"5,132 mi.",Gasoline,4 Cyl,Automatic,Gray,Tan,None reported,Yes,"$48,300",carfax_rebrowser_sample_oneprice,2026-05-08,Convertible,28.0
BMW,4 Series 430i xDrive,2024,"32,699 mi.",Gasoline,4 Cyl,Automatic,Gray,Black,None reported,Yes,"$45,790",carfax_rebrowser_sample_oneprice,2026-05-08,Convertible,27.0
Mercedes-Benz,CLE 300,2024,"13,152 mi.",Gasoline,4 Cyl,Automatic,Silver,Black,None reported,Yes,"$55,280",carfax_rebrowser_sample_oneprice,2026-05-08,Convertible,26.0
BMW,4 Series M440i,2024,"38,322 mi.",Gasoline,6 Cyl,Automatic,Gray,Red,None reported,Yes,"$50,480",carfax_rebrowser_sample_oneprice,2026-05-08,Convertible,26.0
BMW,4 Series 430i xDrive,2024,"4,725 mi.",Gasoline,4 Cyl,Automatic,Black,Red,None reported,Yes,"$50,670",carfax_rebrowser_sample_oneprice,2026-05-08,Convertible,27.0
Audi,A5 Premium Plus,2024,"3,378 mi.",Gasoline,4 Cyl,Automatic,Black,Tan,None reported,Yes,"$55,700",carfax_rebrowser_sample_oneprice,2026-05-08,Convertible,27.0
BMW,4 Series 430i xDrive,2024,"39,665 mi.",Gasoline,4 Cyl,Automatic,White,White,None reported,Yes,"$45,480",carfax_rebrowser_sample_oneprice,2026-05-08,Convertible,27.0
Chevrolet,Camaro SS,2024,"22,794 mi.",Gasoline,8 Cyl,Automatic,Orange,Unknown,None reported,Yes,"$53,760",carfax_rebrowser_sample_oneprice,2026-05-08,Convertible,20.0
BMW,4 Series M440i,2024,"17,586 mi.",Gasoline,6 Cyl,Automatic,Black,White,None reported,Yes,"$58,680",carfax_rebrowser_sample_oneprice,2026-05-08,Convertible,26.0
Audi,A5 Premium Plus,2024,"18,311 mi.",Gasoline,4 Cyl,Automatic,Gray,Gray,None reported,Yes,"$53,620",carfax_rebrowser_sample_oneprice,2026-05-08,Convertible,27.0
Mercedes-Benz,CLE 300,2024,"6,046 mi.",Gasoline,4 Cyl,Automatic,White,Tan,None reported,Yes,"$59,540",carfax_rebrowser_sample_oneprice,2026-05-08,Convertible,26.0
BMW,4 Series 430i,2025,"31,044 mi.",Gasoline,4 Cyl,Automatic,White,Black,None reported,Yes,"$42,070",carfax_rebrowser_sample_oneprice,2026-05-08,Convertible,30.0
Ford,Mustang GT,2025,"9,074 mi.",Gasoline,8 Cyl,Automatic,White,Unknown,None reported,Yes,"$55,740",carfax_rebrowser_sample_oneprice,2026-05-08,Convertible,19.0
BMW,4 Series 430i,2025,"25,420 mi.",Gasoline,4 Cyl,Automatic,Gray,Black,None reported,Yes,"$46,180",carfax_rebrowser_sample_oneprice,2026-05-08,Convertible,30.0
BMW,4 Series 430i,2025,"6,845 mi.",Gasoline,4 Cyl,Automatic,Black,Black,None reported,Yes,"$51,450",carfax_rebrowser_sample_oneprice,2026-05-08,Convertible,30.0
Ford,Mustang GT,2025,"7,831 mi.",Gasoline,8 Cyl,Automatic,Black,Red,None reported,Yes,"$52,500",carfax_rebrowser_sample_oneprice,2026-05-08,Convertible,19.0
Ford,Mustang GT,2025,"10,386 mi.",Gasoline,8 Cyl,Unknown,White,Unknown,None reported,Yes,"$51,270",carfax_rebrowser_sample_oneprice,2026-05-08,Convertible,19.0
Cadillac,XT6 Luxury,2025,"3,974 mi.",Gasoline,4 Cyl,Automatic,Blue,Black,None reported,Yes,"$47,460",carfax_rebrowser_sample_oneprice,2026-05-09,SUV,23.0
Volkswagen,Golf,2024,"16,406 mi.",Gasoline,4 Cyl,Manual,Blue,Black,None reported,Yes,"$43,400",carfax_rebrowser_sample_oneprice,2026-05-09,Hatchback,23.0
Subaru,Impreza,2025,"1,390 mi.",Gasoline,4 Cyl,Automatic,Gray,Black,None reported,Yes,"$22,470",carfax_rebrowser_sample_oneprice,2026-05-09,Wagon,30.0
Volkswagen,Tiguan SEL,2026,"3,163 mi.",Gasoline,4 Cyl,Automatic,Black,Brown,None reported,Yes,"$42,880",carfax_rebrowser_sample_oneprice,2026-05-09,SUV,25.0
Ford,Expedition Limited,2024,"65,833 mi.",Gasoline,6 Cyl,Automatic,Silver,Tan,None reported,Yes,"$46,760",carfax_rebrowser_sample_oneprice,2026-05-09,SUV,18.0
Nissan,Ariya Engage+,2024,165 mi.,Electric,Electric,Automatic,Black,Black,None reported,Yes,"$28,870",carfax_rebrowser_sample_oneprice,2026-05-09,SUV,
Hyundai,Santa Cruz SE,2025,"9,033 mi.",Gasoline,4 Cyl,Automatic,Gray,Gray,None reported,Yes,"$27,430",carfax_rebrowser_sample_oneprice,2026-05-09,Pickup,25.0
Hyundai,Santa Cruz SEL,2025,"7,300 mi.",Gasoline,4 Cyl,Automatic,White,Black,None reported,Yes,"$29,230",carfax_rebrowser_sample_oneprice,2026-05-09,Pickup,24.0
Hyundai,Santa Cruz SEL,2025,"18,319 mi.",Gasoline,4 Cyl,Automatic,Blue,Black,None reported,Yes,"$27,090",carfax_rebrowser_sample_oneprice,2026-05-09,Pickup,25.0
Ford,Maverick XL,2025,"3,396 mi.",Gasoline,4 Cyl,Automatic,White,Black,None reported,Yes,"$29,090",carfax_rebrowser_sample_oneprice,2026-05-09,Pickup,25.0
Nissan,Frontier SV,2025,"6,732 mi.",Gasoline,6 Cyl,Automatic,White,Black,None reported,Yes,"$29,260",carfax_rebrowser_sample_oneprice,2026-05-09,Pickup,21.0
Nissan,Frontier SV,2025,"10,455 mi.",Gasoline,6 Cyl,Automatic,White,Black,None reported,Yes,"$32,940",carfax_rebrowser_sample_oneprice,2026-05-09,Pickup,21.0
Hyundai,Santa Cruz SEL,2025,"7,079 mi.",Gasoline,4 Cyl,Automatic,Gray,Gray,None reported,Yes,"$30,860",carfax_rebrowser_sample_oneprice,2026-05-09,Pickup,24.0
Ford,Maverick XL,2025,"23,566 mi.",Hybrid,4 Cyl,Automatic,Gray,Black,None reported,Yes,"$27,020",carfax_rebrowser_sample_oneprice,2026-05-09,Pickup,38.0
Nissan,Frontier SV,2025,"38,599 mi.",Gasoline,6 Cyl,Automatic,Black,Black,None reported,Yes,"$30,120",carfax_rebrowser_sample_oneprice,2026-05-09,Pickup,21.0
Ford,Maverick XL,2025,"13,439 mi.",Hybrid,4 Cyl,Automatic,Black,Black,None reported,Yes,"$27,530",carfax_rebrowser_sample_oneprice,2026-05-09,Pickup,38.0
Hyundai,Santa Cruz SEL,2025,"4,896 mi.",Gasoline,4 Cyl,Automatic,White,Black,None reported,Yes,"$30,390",carfax_rebrowser_sample_oneprice,2026-05-09,Pickup,24.0
Cadillac,Escalade,2024,"33,649 mi.",Gasoline,8 Cyl,Automatic,White,Black,None reported,Yes,"$121,930",carfax_rebrowser_sample_oneprice,2026-05-10,SUV,13.0
Chevrolet,Traverse Z71,2025,"33,087 mi.",Gasoline,4 Cyl,Automatic,Black,Black,None reported,Yes,"$43,940",carfax_rebrowser_sample_oneprice,2026-05-10,SUV,21.0
Ford,Bronco Outer Banks,2025,"5,073 mi.",Gasoline,4 Cyl,Automatic,Black,Black,None reported,Yes,"$48,990",carfax_rebrowser_sample_oneprice,2026-05-10,SUV,18.0
Jeep,Grand Cherokee Summit,2025,"11,650 mi.",Gasoline,6 Cyl,Automatic,White,Tan,None reported,Yes,"$49,560",carfax_rebrowser_sample_oneprice,2026-05-10,SUV,22.0
Chevrolet,Tahoe LT,2025,"23,241 mi.",Gasoline,8 Cyl,Automatic,Gray,Black,None reported,Yes,"$58,820",carfax_rebrowser_sample_oneprice,2026-05-10,SUV,16.0
Acura,RDX A-Spec Advance,2025,"4,547 mi.",Gasoline,4 Cyl,Automatic,Unknown,Unknown,None reported,Yes,"$46,730",carfax_rebrowser_sample_oneprice,2026-05-10,SUV,23.0
Acura,Integra Type S,2025,"6,276 mi.",Gasoline,4 Cyl,Manual,Gray,Black,None reported,Yes,"$48,280",carfax_rebrowser_sample_oneprice,2026-05-10,Sedan,24.0
Ford,Escape Active,2025,"15,775 mi.",Gasoline,3 Cyl,Automatic,Gray,Black,None reported,Yes,"$24,930",carfax_rebrowser_sample_oneprice,2026-05-10,SUV,28.0
Mazda,CX-90 Preferred,2025,"11,902 mi.",Gasoline,6 Cyl,Automatic,White,Gray,None reported,Yes,"$35,120",carfax_rebrowser_sample_oneprice,2026-05-10,SUV,25.0
Chevrolet,Tahoe LT,2025,"20,266 mi.",Gasoline,8 Cyl,Automatic,Black,Black,None reported,Yes,"$59,340",carfax_rebrowser_sample_oneprice,2026-05-10,SUV,16.0
Cadillac,Escalade ESV,2024,"22,715 mi.",Gasoline,8 Cyl,Automatic,Black,Black,None reported,Yes,"$79,720",carfax_rebrowser_sample_oneprice,2026-05-10,SUV,16.0
BMW,X7 xDrive40i,2025,"7,149 mi.",Gasoline,6 Cyl,Automatic,Green,Brown,None reported,Yes,"$79,350",carfax_rebrowser_sample_oneprice,2026-05-10,SUV,22.0
Toyota,Camry XSE,2026,295 mi.,Hybrid,4 Cyl,Automatic,Black,Red,None reported,Yes,"$39,580",carfax_rebrowser_sample_oneprice,2026-05-10,Sedan,
Chevrolet,Suburban RST,2025,"10,993 mi.",Gasoline,8 Cyl,Automatic,Green,Red,None reported,Yes,"$74,850",carfax_rebrowser_sample_oneprice,2026-05-10,SUV,16.0
Volvo,XC90 T8 Plus,2025,"6,299 mi.",Hybrid,4 Cyl,Automatic,Black,Black,None reported,Yes,"$61,080",carfax_rebrowser_sample_oneprice,2026-05-10,SUV,27.0
Ford,Expedition Platinum,2025,"14,716 mi.",Gasoline,6 Cyl,Automatic,Gray,Black,None reported,Yes,"$74,280",carfax_rebrowser_sample_oneprice,2026-05-10,SUV,18.0
BMW,X5 xDrive40i,2025,"20,344 mi.",Gasoline,6 Cyl,Automatic,Green,Tan,None reported,Yes,"$69,080",carfax_rebrowser_sample_oneprice,2026-05-10,SUV,25.0
GMC,Acadia Denali,2024,"22,708 mi.",Gasoline,4 Cyl,Automatic,Red,Unknown,None reported,Yes,"$51,650",carfax_rebrowser_sample_oneprice,2026-05-10,SUV,21.0
Mercedes-Benz,CLA 250,2025,"32,562 mi.",Gasoline,4 Cyl,Automatic,White,Black,None reported,Yes,"$34,170",carfax_rebrowser_sample_oneprice,2026-05-10,Sedan,30.0
Honda,Accord Touring,2024,"12,354 mi.",Hybrid,4 Cyl,Automatic,Silver,Black,None reported,Yes,"$32,030",carfax_rebrowser_sample_oneprice,2026-05-10,Sedan,48.0
BMW,iX xDrive50,2024,"29,100 mi.",Electric,Electric,Automatic,White,White,None reported,Yes,"$45,650",carfax_rebrowser_sample_oneprice,2026-05-10,SUV,83.0
BMW,X6 xDrive40i,2024,"67,434 mi.",Gasoline,6 Cyl,Automatic,White,Gray,None reported,Yes,"$60,170",carfax_rebrowser_sample_oneprice,2026-05-10,SUV,24.0
Acura,MDX A-Spec,2024,"16,031 mi.",Gasoline,6 Cyl,Automatic,Silver,Black,None reported,Yes,"$50,350",carfax_rebrowser_sample_oneprice,2026-05-10,SUV,21.0
Genesis,GV80 3.5T,2024,"17,245 mi.",Gasoline,6 Cyl,Automatic,Black,Black,None reported,Yes,"$54,260",carfax_rebrowser_sample_oneprice,2026-05-10,SUV,20.0
Toyota,4Runner TRD Pro,2024,"36,729 mi.",Gasoline,6 Cyl,Automatic,Black,Gray,None reported,Yes,"$56,540",carfax_rebrowser_sample_oneprice,2026-05-10,SUV,17.0
Toyota,Grand Highlander Platinum,2024,"20,577 mi.",Gasoline,4 Cyl,Automatic,Blue,Unknown,None reported,Yes,"$51,350",carfax_rebrowser_sample_oneprice,2026-05-10,SUV,
Volvo,XC90 B6 Ultimate,2024,"33,545 mi.",Gasoline,4 Cyl,Automatic,White,Black,None reported,Yes,"$50,380",carfax_rebrowser_sample_oneprice,2026-05-10,SUV,23.0
Volvo,XC90 B6 Plus,2024,"31,996 mi.",Gasoline,4 Cyl,Automatic,Blue,Tan,None reported,Yes,"$47,120",carfax_rebrowser_sample_oneprice,2026-05-10,SUV,23.0
Toyota,4Runner SR5,2024,"35,099 mi.",Gasoline,6 Cyl,Automatic,Silver,Black,None reported,Yes,"$40,100",carfax_rebrowser_sample_oneprice,2026-05-10,SUV,17.0
Mercedes-Benz,GLE 350,2024,"47,569 mi.",Gasoline,4 Cyl,Automatic,White,Brown,None reported,Yes,"$49,670",carfax_rebrowser_sample_oneprice,2026-05-10,SUV,23.0
Cadillac,XT6 Premium Luxury,2024,"13,744 mi.",Gasoline,6 Cyl,Automatic,White,Gray,None reported,Yes,"$47,480",carfax_rebrowser_sample_oneprice,2026-05-10,SUV,21.0
BMW,5 Series 530i,2024,"26,073 mi.",Gasoline,4 Cyl,Automatic,Gray,Black,None reported,Yes,"$37,920",carfax_rebrowser_sample_oneprice,2026-05-10,Sedan,30.0
Infiniti,QX50 Luxe,2025,"7,999 mi.",Gasoline,4 Cyl,Automatic,White,Black,None reported,Yes,"$31,990",carfax_rebrowser_sample_oneprice,2026-05-10,SUV,25.0
Ford,Bronco Big Bend,2025,"20,117 mi.",Gasoline,4 Cyl,Automatic,Gray,Gray,None reported,Yes,"$40,490",carfax_rebrowser_sample_oneprice,2026-05-10,SUV,20.0
Hyundai,Santa Fe Calligraphy,2025,"17,827 mi.",Gasoline,4 Cyl,Automatic,Gray,Black,None reported,Yes,"$38,780",carfax_rebrowser_sample_oneprice,2026-05-10,SUV,23.0
Nissan,Rogue SL,2025,"5,152 mi.",Gasoline,3 Cyl,Automatic,Gray,Black,None reported,Yes,"$33,020",carfax_rebrowser_sample_oneprice,2026-05-10,SUV,31.0
Ford,Explorer Active,2025,"33,473 mi.",Gasoline,4 Cyl,Automatic,Blue,Gray,None reported,Yes,"$38,800",carfax_rebrowser_sample_oneprice,2026-05-10,SUV,23.0
Infiniti,QX55 Sensory,2025,"32,836 mi.",Gasoline,4 Cyl,Automatic,Blue,Gray,None reported,Yes,"$36,740",carfax_rebrowser_sample_oneprice,2026-05-10,SUV,25.0
Mazda,CX-90 Preferred,2025,"10,553 mi.",Hybrid,4 Cyl,Automatic,Gray,Black,None reported,Yes,"$36,620",carfax_rebrowser_sample_oneprice,2026-05-10,SUV,25.0
Audi,A5 Premium,2025,"25,984 mi.",Gasoline,4 Cyl,Automatic,White,Black,None reported,Yes,"$34,370",carfax_rebrowser_sample_oneprice,2026-05-10,Hatchback,26.0
Toyota,Prius Plug-in,2025,"17,648 mi.",Hybrid,4 Cyl,Automatic,Blue,Black,None reported,Yes,"$31,040",carfax_rebrowser_sample_oneprice,2026-05-10,Hatchback,48.0
Nissan,Rogue SV,2024,"52,870 mi.",Gasoline,3 Cyl,Automatic,Gray,Black,None reported,Yes,"$20,770",carfax_rebrowser_sample_oneprice,2026-05-10,SUV,31.0
Honda,CR-V EX,2024,"33,635 mi.",Gasoline,4 Cyl,Automatic,White,Black,None reported,Yes,"$30,240",carfax_rebrowser_sample_oneprice,2026-05-10,SUV,30.0
BMW,X3 xDrive30,2026,"6,649 mi.",Gasoline,4 Cyl,Automatic,Black,Gray,None reported,Yes,"$51,750",carfax_rebrowser_sample_oneprice,2026-05-10,SUV,29.0
Land Rover,Range Rover Velar Dynamic SE,2026,"11,037 mi.",Gasoline,4 Cyl,Automatic,Black,Black,None reported,Yes,"$55,380",carfax_rebrowser_sample_oneprice,2026-05-10,SUV,23.0
Chevrolet,Traverse Z71,2026,811 mi.,Gasoline,4 Cyl,Automatic,Gray,Black,None reported,Yes,"$51,810",carfax_rebrowser_sample_oneprice,2026-05-10,SUV,21.0
Toyota,Highlander XLE,2024,"44,985 mi.",Gasoline,4 Cyl,Automatic,Red,Tan,None reported,Yes,"$38,940",carfax_rebrowser_sample_oneprice,2026-05-10,SUV,24.0
Volkswagen,Tiguan SEL,2026,"3,163 mi.",Gasoline,4 Cyl,Automatic,Black,Brown,None reported,Yes,"$42,870",carfax_rebrowser_sample_oneprice,2026-05-10,SUV,25.0
Ford,Explorer Timberline,2024,"43,365 mi.",Gasoline,4 Cyl,Automatic,Silver,Green,None reported,Yes,"$35,180",carfax_rebrowser_sample_oneprice,2026-05-10,SUV,21.0
Jeep,Grand Cherokee Limited Edition,2024,"25,299 mi.",Gasoline,6 Cyl,Automatic,Blue,Black,None reported,Yes,"$35,050",carfax_rebrowser_sample_oneprice,2026-05-10,SUV,22.0
Tesla,Model Y Performance,2024,"26,200 mi.",Electric,Electric,Automatic,Gray,Black,None reported,Yes,"$40,000",carfax_rebrowser_sample_oneprice,2026-05-10,SUV,105.0
Jeep,Wagoneer Series II,2024,"51,745 mi.",Gasoline,6 Cyl,Automatic,White,Black,None reported,Yes,"$41,950",carfax_rebrowser_sample_oneprice,2026-05-10,SUV,20.0
Kia,Telluride S,2024,"35,939 mi.",Gasoline,6 Cyl,Automatic,Gray,Black,None reported,Yes,"$35,260",carfax_rebrowser_sample_oneprice,2026-05-10,SUV,20.0
Kia,EV9 Light,2024,"19,199 mi.",Electric,Electric,Automatic,Gray,Gray,None reported,Yes,"$37,020",carfax_rebrowser_sample_oneprice,2026-05-10,SUV,89.0
Chevrolet,Traverse LT,2024,"48,145 mi.",Gasoline,4 Cyl,Automatic,White,Black,None reported,Yes,"$34,180",carfax_rebrowser_sample_oneprice,2026-05-10,SUV,21.0
BMW,X1 xDrive28i,2024,"15,175 mi.",Gasoline,4 Cyl,Automatic,Blue,Black,None reported,Yes,"$37,450",carfax_rebrowser_sample_oneprice,2026-05-10,SUV,28.0
Audi,Q5 Premium,2024,"39,474 mi.",Gasoline,4 Cyl,Automatic,Blue,Gray,None reported,Yes,"$33,280",carfax_rebrowser_sample_oneprice,2026-05-10,SUV,26.0
BMW,2 Series 228i xDrive,2025,"27,745 mi.",Gasoline,4 Cyl,Automatic,White,Black,None reported,Yes,"$34,480",carfax_rebrowser_sample_oneprice,2026-05-10,Sedan,30.0
Dodge,Durango R/T,2024,"24,585 mi.",Gasoline,8 Cyl,Automatic,Gray,Black,None reported,Yes,"$40,700",carfax_rebrowser_sample_oneprice,2026-05-10,SUV,17.0
Nissan,Altima SV,2025,"5,988 mi.",Gasoline,4 Cyl,Automatic,White,Black,None reported,Yes,"$24,670",carfax_rebrowser_sample_oneprice,2026-05-10,Sedan,28.0
Toyota,Tacoma Trailhunter,2024,"13,862 mi.",Hybrid,4 Cyl,Automatic,White,Unknown,None reported,Yes,"$58,920",carfax_rebrowser_sample_oneprice,2026-05-10,Pickup,23.0
Toyota,Camry XSE,2024,"53,520 mi.",Gasoline,4 Cyl,Automatic,Silver,Black,None reported,Yes,"$27,280",carfax_rebrowser_sample_oneprice,2026-05-10,Sedan,31.0
Kia,K5 GT-Line,2024,"58,049 mi.",Gasoline,4 Cyl,Automatic,White,Black,None reported,Yes,"$24,550",carfax_rebrowser_sample_oneprice,2026-05-10,Sedan,28.0
Chevrolet,Equinox LT,2024,"21,507 mi.",Gasoline,4 Cyl,Automatic,Gray,Black,None reported,Yes,"$24,500",carfax_rebrowser_sample_oneprice,2026-05-10,SUV,28.0
Chevrolet,Blazer LT,2024,"28,800 mi.",Gasoline,4 Cyl,Automatic,White,Gray,None reported,Yes,"$26,200",carfax_rebrowser_sample_oneprice,2026-05-10,SUV,25.0
Toyota,Camry LE,2024,"24,737 mi.",Gasoline,4 Cyl,Automatic,Black,Black,None reported,Yes,"$26,030",carfax_rebrowser_sample_oneprice,2026-05-10,Sedan,32.0
Cadillac,XT5 Premium Luxury,2024,"55,773 mi.",Gasoline,6 Cyl,Automatic,Black,Black,None reported,Yes,"$30,760",carfax_rebrowser_sample_oneprice,2026-05-10,SUV,21.0
Nissan,Altima SV,2024,"42,517 mi.",Gasoline,4 Cyl,Automatic,Gray,Black,None reported,Yes,"$20,820",carfax_rebrowser_sample_oneprice,2026-05-10,Sedan,31.0
Nissan,Altima SV,2024,"57,686 mi.",Gasoline,4 Cyl,Automatic,Silver,Black,None reported,Yes,"$20,930",carfax_rebrowser_sample_oneprice,2026-05-10,Sedan,31.0
Nissan,Altima SR,2024,"56,767 mi.",Gasoline,4 Cyl,Automatic,Blue,Unknown,None reported,Yes,"$20,780",carfax_rebrowser_sample_oneprice,2026-05-10,Sedan,31.0
Honda,CR-V Sport-L,2024,"83,714 mi.",Hybrid,4 Cyl,Automatic,Red,Black,None reported,Yes,"$28,830",carfax_rebrowser_sample_oneprice,2026-05-10,SUV,37.0
Kia,Seltos LX,2024,"34,964 mi.",Gasoline,4 Cyl,Automatic,White,Black,None reported,Yes,"$21,680",carfax_rebrowser_sample_oneprice,2026-05-10,SUV,29.0
Mazda,CX-90 Premium,2024,"23,113 mi.",Hybrid,4 Cyl,Automatic,Red,Black,None reported,Yes,"$31,810",carfax_rebrowser_sample_oneprice,2026-05-10,SUV,25.0
Chevrolet,Trax RS,2024,"24,766 mi.",Gasoline,3 Cyl,Automatic,Green,Black,None reported,Yes,"$21,600",carfax_rebrowser_sample_oneprice,2026-05-10,SUV,30.0
Ram,ProMaster 2500,2024,"146,819 mi.",Gasoline,6 Cyl,Automatic,White,Black,None reported,Yes,"$26,490",carfax_rebrowser_sample_oneprice,2026-05-10,Van,
Nissan,Ariya Engage,2024,"12,768 mi.",Electric,Electric,Automatic,Gray,Black,None reported,Yes,"$23,520",carfax_rebrowser_sample_oneprice,2026-05-10,SUV,
Jeep,Grand Cherokee 4xe,2024,"30,885 mi.",Hybrid,4 Cyl,Automatic,Black,Black,None reported,Yes,"$30,390",carfax_rebrowser_sample_oneprice,2026-05-10,SUV,23.0
Subaru,Outback Premium,2025,"9,228 mi.",Gasoline,4 Cyl,Automatic,Red,Black,None reported,Yes,"$31,980",carfax_rebrowser_sample_oneprice,2026-05-10,Wagon,28.0
Subaru,Forester Limited,2025,"7,326 mi.",Gasoline,4 Cyl,Automatic,Black,Black,None reported,Yes,"$34,000",carfax_rebrowser_sample_oneprice,2026-05-10,SUV,29.0
Honda,Pilot EXL,2025,"18,896 mi.",Gasoline,6 Cyl,Automatic,Black,Black,None reported,Yes,"$41,340",carfax_rebrowser_sample_oneprice,2026-05-10,SUV,21.0
Jeep,Grand Cherokee 4xe,2025,"8,377 mi.",Hybrid,4 Cyl,Automatic,White,Black,None reported,Yes,"$41,300",carfax_rebrowser_sample_oneprice,2026-05-10,SUV,23.0
Chevrolet,Corvette E-Ray,2024,"4,102 mi.",Hybrid,8 Cyl,Automatic,Silver,Black,None reported,Yes,"$105,980",carfax_rebrowser_sample_oneprice,2026-05-10,Convertible,
Chevrolet,Corvette,2024,"1,138 mi.",Gasoline,8 Cyl,Automatic,Black,Black,None reported,Yes,"$84,880",carfax_rebrowser_sample_oneprice,2026-05-10,Convertible,19.0
Porsche,718 Boxster,2024,"8,354 mi.",Gasoline,4 Cyl,Automatic,Gray,Red,None reported,Yes,"$92,680",carfax_rebrowser_sample_oneprice,2026-05-10,Convertible,22.0
Chevrolet,Camaro ZL1,2024,699 mi.,Gasoline,8 Cyl,Automatic,Black,Black,None reported,Yes,"$86,850",carfax_rebrowser_sample_oneprice,2026-05-10,Convertible,16.0
Mercedes-Benz,CLE 450,2026,"2,435 mi.",Gasoline,6 Cyl,Automatic,Red,Tan,None reported,Yes,"$83,810",carfax_rebrowser_sample_oneprice,2026-05-10,Convertible,26.0
Buick,Envision Avenir,2025,"12,421 mi.",Gasoline,4 Cyl,Automatic,Purple,Black,None reported,Yes,"$40,400",carfax_rebrowser_sample_oneprice,2026-05-10,SUV,24.0
BMW,4 Series 430i xDrive,2026,"16,035 mi.",Gasoline,4 Cyl,Automatic,Black,Black,None reported,Yes,"$55,910",carfax_rebrowser_sample_oneprice,2026-05-10,Convertible,28.0
BMW,4 Series 430i xDrive,2026,"5,032 mi.",Gasoline,4 Cyl,Automatic,Blue,Brown,None reported,Yes,"$58,180",carfax_rebrowser_sample_oneprice,2026-05-10,Convertible,28.0
BMW,3 Series 330i xDrive,2025,"3,896 mi.",Gasoline,4 Cyl,Automatic,White,Black,None reported,Yes,"$47,210",carfax_rebrowser_sample_oneprice,2026-05-10,Sedan,29.0
BMW,4 Series 430i xDrive,2026,"16,305 mi.",Gasoline,4 Cyl,Automatic,Red,Brown,None reported,Yes,"$55,920",carfax_rebrowser_sample_oneprice,2026-05-10,Convertible,28.0
Mini,Cooper S,2026,"2,148 mi.",Gasoline,4 Cyl,Automatic,Bronze,Blue,None reported,Yes,"$40,180",carfax_rebrowser_sample_oneprice,2026-05-10,Convertible,30.0
Mini,Cooper S,2026,14 mi.,Gasoline,4 Cyl,Automatic,Bronze,Black,None reported,Yes,"$40,760",carfax_rebrowser_sample_oneprice,2026-05-10,Convertible,30.0
Ford,Mustang GT,2025,"5,289 mi.",Gasoline,8 Cyl,Automatic,White,Black,None reported,Yes,"$52,820",carfax_rebrowser_sample_oneprice,2026-05-10,Convertible,19.0
Ford,Mustang GT,2025,"2,932 mi.",Gasoline,8 Cyl,Manual,Red,Gray,None reported,Yes,"$52,950",carfax_rebrowser_sample_oneprice,2026-05-10,Convertible,18.0
BMW,Z4 M40i,2025,"1,685 mi.",Gasoline,6 Cyl,Manual,Green,Brown,None reported,Yes,"$72,680",carfax_rebrowser_sample_oneprice,2026-05-10,Convertible,22.0
Ford,Mustang GT,2025,"19,129 mi.",Gasoline,8 Cyl,Automatic,Black,Black,None reported,Yes,"$53,200",carfax_rebrowser_sample_oneprice,2026-05-10,Convertible,19.0
BMW,4 Series 430i,2025,"33,338 mi.",Gasoline,4 Cyl,Automatic,Gray,Black,None reported,Yes,"$43,390",carfax_rebrowser_sample_oneprice,2026-05-10,Convertible,30.0
Mazda,Miata Grand Touring,2026,502 mi.,Gasoline,4 Cyl,Automatic,White,Tan,None reported,Yes,"$38,840",carfax_rebrowser_sample_oneprice,2026-05-10,Convertible,29.0
Mini,Cooper S,2025,"6,101 mi.",Gasoline,4 Cyl,Automatic,Green,Tan,None reported,Yes,"$38,980",carfax_rebrowser_sample_oneprice,2026-05-10,Convertible,30.0
Mazda,Miata Grand Touring,2025,"3,239 mi.",Gasoline,4 Cyl,Automatic,White,Tan,None reported,Yes,"$35,020",carfax_rebrowser_sample_oneprice,2026-05-10,Convertible,29.0
Ford,Mustang Base,2025,"24,420 mi.",Gasoline,4 Cyl,Automatic,Black,Black,None reported,Yes,"$35,410",carfax_rebrowser_sample_oneprice,2026-05-10,Convertible,26.0
Mini,Cooper S,2025,"3,334 mi.",Gasoline,4 Cyl,Automatic,Yellow,Tan,None reported,Yes,"$39,220",carfax_rebrowser_sample_oneprice,2026-05-10,Convertible,30.0
Mazda,Miata Club,2025,"3,884 mi.",Gasoline,4 Cyl,Manual,White,Black,None reported,Yes,"$33,350",carfax_rebrowser_sample_oneprice,2026-05-10,Convertible,29.0
Ford,Mustang Base,2024,"49,657 mi.",Gasoline,4 Cyl,Automatic,Blue,Gray,None reported,Yes,"$28,100",carfax_rebrowser_sample_oneprice,2026-05-10,Convertible,26.0
Ford,Mustang Base,2024,"49,507 mi.",Gasoline,4 Cyl,Automatic,White,Black,None reported,Yes,"$27,270",carfax_rebrowser_sample_oneprice,2026-05-10,Convertible,26.0
Ford,Mustang Base,2024,"45,042 mi.",Gasoline,4 Cyl,Automatic,Red,Gray,None reported,Yes,"$27,540",carfax_rebrowser_sample_oneprice,2026-05-10,Convertible,26.0
BMW,4 Series 430i xDrive,2024,"31,955 mi.",Gasoline,4 Cyl,Automatic,Gray,Black,None reported,Yes,"$43,990",carfax_rebrowser_sample_oneprice,2026-05-10,Convertible,27.0
Ford,Mustang Base,2024,"63,186 mi.",Gasoline,4 Cyl,Automatic,Unknown,Unknown,None reported,Yes,"$25,590",carfax_rebrowser_sample_oneprice,2026-05-10,Convertible,26.0
Ford,Mustang Base,2024,"43,705 mi.",Gasoline,4 Cyl,Automatic,Black,Black,None reported,Yes,"$27,760",carfax_rebrowser_sample_oneprice,2026-05-10,Convertible,26.0
Ford,Mustang Base,2024,"52,027 mi.",Gasoline,4 Cyl,Automatic,White,Unknown,None reported,Yes,"$29,450",carfax_rebrowser_sample_oneprice,2026-05-10,Convertible,26.0
Ford,Mustang Base,2024,"55,196 mi.",Gasoline,4 Cyl,Automatic,Silver,Gray,None reported,Yes,"$27,060",carfax_rebrowser_sample_oneprice,2026-05-10,Convertible,26.0
Ford,Mustang Base,2024,"40,957 mi.",Gasoline,4 Cyl,Automatic,Gray,Gray,None reported,Yes,"$27,130",carfax_rebrowser_sample_oneprice,2026-05-10,Convertible,26.0
Mazda,Miata Grand Touring,2024,"17,728 mi.",Gasoline,4 Cyl,Automatic,Gray,Black,None reported,Yes,"$30,860",carfax_rebrowser_sample_oneprice,2026-05-10,Convertible,29.0
Ford,Mustang Base,2024,"36,569 mi.",Gasoline,4 Cyl,Automatic,Black,Black,None reported,Yes,"$31,090",carfax_rebrowser_sample_oneprice,2026-05-10,Convertible,26.0
Ford,Mustang Base,2024,"47,653 mi.",Gasoline,4 Cyl,Automatic,Red,Gray,None reported,Yes,"$27,250",carfax_rebrowser_sample_oneprice,2026-05-10,Convertible,26.0
Ford,Mustang Base,2024,"42,351 mi.",Gasoline,4 Cyl,Automatic,White,Black,None reported,Yes,"$30,430",carfax_rebrowser_sample_oneprice,2026-05-10,Convertible,26.0
Mini,Cooper S,2024,"21,667 mi.",Gasoline,4 Cyl,Automatic,Blue,Black,None reported,Yes,"$30,930",carfax_rebrowser_sample_oneprice,2026-05-10,Convertible,30.0
Ford,Mustang Base,2024,"36,952 mi.",Gasoline,4 Cyl,Automatic,Silver,Black,None reported,Yes,"$33,600",carfax_rebrowser_sample_oneprice,2026-05-10,Convertible,26.0
Ford,Mustang Base,2024,"41,876 mi.",Gasoline,4 Cyl,Automatic,Silver,Black,None reported,Yes,"$31,870",carfax_rebrowser_sample_oneprice,2026-05-10,Convertible,26.0
Mazda,Miata Grand Touring,2024,"10,620 mi.",Gasoline,4 Cyl,Automatic,Black,Black,None reported,Yes,"$29,810",carfax_rebrowser_sample_oneprice,2026-05-10,Convertible,29.0
Ford,Mustang Base,2024,"40,838 mi.",Gasoline,4 Cyl,Automatic,Black,Black,None reported,Yes,"$30,840",carfax_rebrowser_sample_oneprice,2026-05-10,Convertible,26.0
Ford,Mustang Base,2024,"59,388 mi.",Gasoline,4 Cyl,Automatic,Gray,Gray,None reported,Yes,"$26,510",carfax_rebrowser_sample_oneprice,2026-05-10,Convertible,26.0
Ford,Mustang Base,2024,"47,210 mi.",Gasoline,4 Cyl,Automatic,Silver,Gray,None reported,Yes,"$27,280",carfax_rebrowser_sample_oneprice,2026-05-10,Convertible,26.0
Ford,Mustang Base,2024,"22,478 mi.",Gasoline,4 Cyl,Automatic,Blue,Gray,None reported,Yes,"$31,070",carfax_rebrowser_sample_oneprice,2026-05-10,Convertible,26.0
Ford,Mustang Base,2024,"46,161 mi.",Gasoline,4 Cyl,Automatic,Gray,Gray,None reported,Yes,"$29,220",carfax_rebrowser_sample_oneprice,2026-05-10,Convertible,26.0
Ford,Mustang Base,2024,"55,791 mi.",Gasoline,4 Cyl,Automatic,Gray,Unknown,None reported,Yes,"$28,460",carfax_rebrowser_sample_oneprice,2026-05-10,Convertible,26.0
Ford,Mustang Base,2024,"47,859 mi.",Gasoline,4 Cyl,Automatic,Blue,Black,None reported,Yes,"$28,160",carfax_rebrowser_sample_oneprice,2026-05-10,Convertible,26.0
Mazda,Miata Club,2024,"3,242 mi.",Gasoline,4 Cyl,Manual,Gray,Unknown,None reported,Yes,"$32,340",carfax_rebrowser_sample_oneprice,2026-05-10,Convertible,29.0
Ford,Mustang Base,2024,"48,289 mi.",Gasoline,4 Cyl,Automatic,Yellow,Gray,None reported,Yes,"$27,670",carfax_rebrowser_sample_oneprice,2026-05-10,Convertible,26.0
Mini,Cooper S,2024,"15,267 mi.",Gasoline,4 Cyl,Automatic,Gray,Black,None reported,Yes,"$32,150",carfax_rebrowser_sample_oneprice,2026-05-10,Convertible,30.0
Ford,Mustang Base,2024,"56,187 mi.",Gasoline,4 Cyl,Automatic,Yellow,Unknown,None reported,Yes,"$28,770",carfax_rebrowser_sample_oneprice,2026-05-10,Convertible,26.0
Ford,Mustang Base,2024,"54,361 mi.",Gasoline,4 Cyl,Automatic,Gray,Gray,None reported,Yes,"$29,730",carfax_rebrowser_sample_oneprice,2026-05-10,Convertible,26.0
Ford,Mustang Base,2024,"49,357 mi.",Gasoline,4 Cyl,Automatic,Black,Gray,None reported,Yes,"$27,710",carfax_rebrowser_sample_oneprice,2026-05-10,Convertible,26.0
Mini,Cooper S,2024,"30,147 mi.",Gasoline,4 Cyl,Automatic,White,Black,None reported,Yes,"$28,960",carfax_rebrowser_sample_oneprice,2026-05-10,Convertible,30.0
Ford,Mustang Base,2024,"34,611 mi.",Gasoline,4 Cyl,Automatic,White,Black,None reported,Yes,"$29,000",carfax_rebrowser_sample_oneprice,2026-05-10,Convertible,26.0
Ford,Mustang Base,2024,"18,977 mi.",Gasoline,4 Cyl,Automatic,Blue,Gray,None reported,Yes,"$32,990",carfax_rebrowser_sample_oneprice,2026-05-10,Convertible,26.0
Ford,Mustang Base,2024,"78,600 mi.",Gasoline,4 Cyl,Automatic,Black,Black,None reported,Yes,"$27,570",carfax_rebrowser_sample_oneprice,2026-05-10,Convertible,26.0
Ford,Mustang Base,2024,"56,647 mi.",Gasoline,4 Cyl,Automatic,Gray,Gray,None reported,Yes,"$29,740",carfax_rebrowser_sample_oneprice,2026-05-10,Convertible,26.0
Ford,Mustang Base,2024,"3,966 mi.",Gasoline,4 Cyl,Automatic,Black,Gray,None reported,Yes,"$36,290",carfax_rebrowser_sample_oneprice,2026-05-10,Convertible,26.0
Ford,Mustang Base,2024,"45,643 mi.",Gasoline,4 Cyl,Automatic,White,Unknown,None reported,Yes,"$27,700",carfax_rebrowser_sample_oneprice,2026-05-10,Convertible,26.0
Ford,Mustang Base,2024,"43,907 mi.",Gasoline,4 Cyl,Automatic,White,Black,None reported,Yes,"$30,730",carfax_rebrowser_sample_oneprice,2026-05-10,Convertible,26.0
Ford,Mustang Base,2024,"31,290 mi.",Gasoline,4 Cyl,Automatic,Black,Gray,None reported,Yes,"$30,780",carfax_rebrowser_sample_oneprice,2026-05-10,Convertible,26.0
Ford,Mustang Base,2024,"46,774 mi.",Gasoline,4 Cyl,Automatic,Red,Gray,None reported,Yes,"$30,690",carfax_rebrowser_sample_oneprice,2026-05-10,Convertible,26.0
Ford,Mustang Base,2024,"45,971 mi.",Gasoline,4 Cyl,Automatic,Blue,Gray,None reported,Yes,"$28,810",carfax_rebrowser_sample_oneprice,2026-05-10,Convertible,26.0
Ford,Mustang Base,2024,"59,609 mi.",Gasoline,4 Cyl,Automatic,Silver,Gray,None reported,Yes,"$26,690",carfax_rebrowser_sample_oneprice,2026-05-10,Convertible,26.0
Ford,Mustang GT,2024,"50,861 mi.",Gasoline,8 Cyl,Automatic,Blue,Gray,None reported,Yes,"$41,160",carfax_rebrowser_sample_oneprice,2026-05-10,Convertible,19.0
Ford,Mustang Base,2024,"52,382 mi.",Gasoline,4 Cyl,Automatic,Black,Gray,None reported,Yes,"$27,610",carfax_rebrowser_sample_oneprice,2026-05-10,Convertible,26.0
Ford,Mustang Base,2024,"43,026 mi.",Gasoline,4 Cyl,Automatic,Gray,Black,None reported,Yes,"$28,720",carfax_rebrowser_sample_oneprice,2026-05-10,Convertible,26.0
Ford,Mustang Base,2024,"44,832 mi.",Gasoline,4 Cyl,Automatic,Gray,Gray,None reported,Yes,"$28,650",carfax_rebrowser_sample_oneprice,2026-05-10,Convertible,26.0
Ford,Mustang Base,2024,"55,377 mi.",Gasoline,4 Cyl,Automatic,White,Gray,None reported,Yes,"$27,480",carfax_rebrowser_sample_oneprice,2026-05-10,Convertible,26.0
Ford,Mustang Base,2024,"37,616 mi.",Gasoline,4 Cyl,Automatic,Red,Black,None reported,Yes,"$30,240",carfax_rebrowser_sample_oneprice,2026-05-10,Convertible,26.0
Ford,Mustang Base,2024,"44,814 mi.",Gasoline,4 Cyl,Automatic,White,Black,None reported,Yes,"$29,180",carfax_rebrowser_sample_oneprice,2026-05-10,Convertible,26.0
Ford,Mustang Base,2024,"51,722 mi.",Gasoline,4 Cyl,Automatic,Gray,Gray,None reported,Yes,"$27,300",carfax_rebrowser_sample_oneprice,2026-05-10,Convertible,26.0
Mini,Cooper S,2024,"11,950 mi.",Gasoline,4 Cyl,Automatic,Red,Black,None reported,Yes,"$31,730",carfax_rebrowser_sample_oneprice,2026-05-10,Convertible,30.0
Mini,Cooper S,2024,"27,354 mi.",Gasoline,4 Cyl,Automatic,Gray,Black,None reported,Yes,"$30,240",carfax_rebrowser_sample_oneprice,2026-05-10,Convertible,30.0
Mini,Cooper S,2024,"10,048 mi.",Gasoline,4 Cyl,Automatic,White,Black,None reported,Yes,"$32,020",carfax_rebrowser_sample_oneprice,2026-05-10,Convertible,30.0
Ford,Mustang Base,2024,"50,216 mi.",Gasoline,4 Cyl,Automatic,Black,Gray,None reported,Yes,"$30,330",carfax_rebrowser_sample_oneprice,2026-05-10,Convertible,26.0
Ford,Mustang Base,2024,"33,952 mi.",Gasoline,4 Cyl,Automatic,Blue,Black,None reported,Yes,"$30,890",carfax_rebrowser_sample_oneprice,2026-05-10,Convertible,26.0
Ford,Mustang Base,2024,"54,307 mi.",Gasoline,4 Cyl,Automatic,Silver,Gray,None reported,Yes,"$28,090",carfax_rebrowser_sample_oneprice,2026-05-10,Convertible,26.0
Ford,Mustang Base,2024,838 mi.,Gasoline,4 Cyl,Automatic,White,Black,None reported,Yes,"$38,090",carfax_rebrowser_sample_oneprice,2026-05-10,Convertible,26.0
Chevrolet,Camaro LT,2024,"9,838 mi.",Gasoline,6 Cyl,Automatic,Blue,White,None reported,Yes,"$39,140",carfax_rebrowser_sample_oneprice,2026-05-10,Convertible,22.0
Mini,Cooper S,2024,"34,308 mi.",Gasoline,4 Cyl,Automatic,Gray,Black,None reported,Yes,"$27,610",carfax_rebrowser_sample_oneprice,2026-05-10,Convertible,30.0
Ford,Mustang Base,2024,"51,282 mi.",Gasoline,4 Cyl,Automatic,White,Gray,None reported,Yes,"$29,710",carfax_rebrowser_sample_oneprice,2026-05-10,Convertible,26.0
Mini,Cooper S,2024,"15,488 mi.",Gasoline,4 Cyl,Automatic,White,Black,None reported,Yes,"$31,140",carfax_rebrowser_sample_oneprice,2026-05-10,Convertible,30.0
Ford,Mustang Base,2024,"49,125 mi.",Gasoline,4 Cyl,Automatic,Gray,Black,None reported,Yes,"$26,870",carfax_rebrowser_sample_oneprice,2026-05-10,Convertible,26.0
Chevrolet,Camaro LT,2024,"15,486 mi.",Gasoline,6 Cyl,Manual,Gray,Black,None reported,Yes,"$37,490",carfax_rebrowser_sample_oneprice,2026-05-10,Convertible,20.0
Ford,Mustang Base,2024,"43,001 mi.",Gasoline,4 Cyl,Automatic,White,Black,None reported,Yes,"$29,160",carfax_rebrowser_sample_oneprice,2026-05-10,Convertible,26.0
Ford,Mustang Base,2024,"56,545 mi.",Gasoline,4 Cyl,Automatic,Silver,Gray,None reported,Yes,"$30,260",carfax_rebrowser_sample_oneprice,2026-05-10,Convertible,26.0
Ford,Mustang Base,2024,"45,659 mi.",Gasoline,4 Cyl,Automatic,Red,Gray,None reported,Yes,"$28,770",carfax_rebrowser_sample_oneprice,2026-05-10,Convertible,26.0
Ford,Mustang GT,2024,"38,531 mi.",Gasoline,8 Cyl,Automatic,White,Gray,None reported,Yes,"$41,270",carfax_rebrowser_sample_oneprice,2026-05-10,Convertible,19.0
Ford,Mustang GT,2024,"24,097 mi.",Gasoline,8 Cyl,Automatic,Black,Unknown,None reported,Yes,"$43,370",carfax_rebrowser_sample_oneprice,2026-05-10,Convertible,18.0
Ford,Mustang Base,2024,"54,549 mi.",Gasoline,4 Cyl,Automatic,Gray,Gray,None reported,Yes,"$26,920",carfax_rebrowser_sample_oneprice,2026-05-10,Convertible,26.0
Ford,Mustang Base,2024,"50,978 mi.",Gasoline,4 Cyl,Automatic,Blue,Gray,None reported,Yes,"$27,280",carfax_rebrowser_sample_oneprice,2026-05-10,Convertible,26.0
Ford,Mustang Base,2024,"27,019 mi.",Gasoline,4 Cyl,Automatic,Silver,Black,None reported,Yes,"$31,740",carfax_rebrowser_sample_oneprice,2026-05-10,Convertible,26.0
Ford,Mustang Base,2024,"51,754 mi.",Gasoline,4 Cyl,Automatic,White,Black,None reported,Yes,"$30,540",carfax_rebrowser_sample_oneprice,2026-05-10,Convertible,26.0
Ford,Mustang Base,2024,"49,247 mi.",Gasoline,4 Cyl,Automatic,White,Gray,None reported,Yes,"$30,050",carfax_rebrowser_sample_oneprice,2026-05-10,Convertible,26.0
Mini,Cooper S,2024,"28,081 mi.",Gasoline,4 Cyl,Automatic,Green,Black,None reported,Yes,"$29,230",carfax_rebrowser_sample_oneprice,2026-05-10,Convertible,30.0
Ford,Mustang Base,2024,"44,379 mi.",Gasoline,4 Cyl,Automatic,Black,Black,None reported,Yes,"$31,850",carfax_rebrowser_sample_oneprice,2026-05-10,Convertible,26.0
Ford,Mustang Base,2024,"5,101 mi.",Gasoline,4 Cyl,Automatic,Gray,Gray,None reported,Yes,"$34,300",carfax_rebrowser_sample_oneprice,2026-05-10,Convertible,26.0
Mini,Cooper S,2024,"9,046 mi.",Gasoline,4 Cyl,Automatic,White,Brown,None reported,Yes,"$31,190",carfax_rebrowser_sample_oneprice,2026-05-10,Convertible,30.0
Mini,Cooper S,2024,"10,857 mi.",Gasoline,4 Cyl,Manual,Red,Black,None reported,Yes,"$30,600",carfax_rebrowser_sample_oneprice,2026-05-10,Convertible,27.0
Ford,Mustang Base,2024,"41,574 mi.",Gasoline,4 Cyl,Automatic,Red,Black,None reported,Yes,"$30,570",carfax_rebrowser_sample_oneprice,2026-05-10,Convertible,26.0
BMW,4 Series 430i,2024,"58,717 mi.",Gasoline,4 Cyl,Automatic,White,Black,None reported,Yes,"$36,530",carfax_rebrowser_sample_oneprice,2026-05-10,Convertible,28.0
Ford,Mustang Base,2024,"49,933 mi.",Gasoline,4 Cyl,Automatic,Gray,Gray,None reported,Yes,"$29,970",carfax_rebrowser_sample_oneprice,2026-05-10,Convertible,26.0
Mini,Cooper S,2024,"12,170 mi.",Gasoline,4 Cyl,Automatic,Green,Black,None reported,Yes,"$31,450",carfax_rebrowser_sample_oneprice,2026-05-10,Convertible,30.0
Genesis,G70,2025,"21,709 mi.",Gasoline,4 Cyl,Automatic,Gray,Gray,None reported,Yes,"$30,770",carfax_rebrowser_sample_oneprice,2026-05-10,Sedan,24.0
Mini,Cooper S,2024,"29,615 mi.",Gasoline,4 Cyl,Automatic,Yellow,Black,None reported,Yes,"$29,290",carfax_rebrowser_sample_oneprice,2026-05-10,Convertible,30.0
Mini,Cooper S,2024,"11,344 mi.",Gasoline,4 Cyl,Automatic,Black,Black,None reported,Yes,"$31,780",carfax_rebrowser_sample_oneprice,2026-05-10,Convertible,30.0
Mini,Cooper S,2024,"13,120 mi.",Gasoline,4 Cyl,Manual,Black,Black,None reported,Yes,"$31,590",carfax_rebrowser_sample_oneprice,2026-05-10,Convertible,27.0
Mazda,Miata Grand Touring,2024,"8,447 mi.",Gasoline,4 Cyl,Automatic,Black,Black,None reported,Yes,"$29,880",carfax_rebrowser_sample_oneprice,2026-05-10,Convertible,29.0
BMW,4 Series 430i,2024,"49,731 mi.",Gasoline,4 Cyl,Automatic,Blue,Tan,None reported,Yes,"$34,780",carfax_rebrowser_sample_oneprice,2026-05-10,Convertible,28.0
Mazda,Miata Club,2024,"1,575 mi.",Gasoline,4 Cyl,Manual,Gray,Black,None reported,Yes,"$32,500",carfax_rebrowser_sample_oneprice,2026-05-10,Convertible,29.0
Ford,Mustang Base,2024,"57,445 mi.",Gasoline,4 Cyl,Automatic,Black,Gray,None reported,Yes,"$27,150",carfax_rebrowser_sample_oneprice,2026-05-10,Convertible,26.0
Ford,Mustang Base,2024,"49,619 mi.",Gasoline,4 Cyl,Automatic,White,Unknown,None reported,Yes,"$27,650",carfax_rebrowser_sample_oneprice,2026-05-10,Convertible,26.0
Mazda,Miata Grand Touring,2024,"7,914 mi.",Gasoline,4 Cyl,Automatic,Gray,Black,None reported,Yes,"$33,220",carfax_rebrowser_sample_oneprice,2026-05-10,Convertible,29.0
Mini,Cooper S,2024,"10,889 mi.",Gasoline,4 Cyl,Automatic,Black,Brown,None reported,Yes,"$30,720",carfax_rebrowser_sample_oneprice,2026-05-10,Convertible,30.0
Ford,Mustang Base,2024,"43,785 mi.",Gasoline,4 Cyl,Automatic,White,Black,None reported,Yes,"$33,060",carfax_rebrowser_sample_oneprice,2026-05-10,Convertible,26.0
Ford,Mustang Base,2024,"60,963 mi.",Gasoline,4 Cyl,Automatic,Blue,Gray,None reported,Yes,"$29,400",carfax_rebrowser_sample_oneprice,2026-05-10,Convertible,26.0
Ford,Mustang Base,2024,"57,217 mi.",Gasoline,4 Cyl,Automatic,White,Gray,None reported,Yes,"$27,650",carfax_rebrowser_sample_oneprice,2026-05-10,Convertible,26.0
Mazda,Miata Grand Touring,2024,"14,606 mi.",Gasoline,4 Cyl,Manual,Black,Black,None reported,Yes,"$30,600",carfax_rebrowser_sample_oneprice,2026-05-10,Convertible,29.0
BMW,4 Series 430i,2024,"50,810 mi.",Gasoline,4 Cyl,Automatic,Black,Black,None reported,Yes,"$35,340",carfax_rebrowser_sample_oneprice,2026-05-10,Convertible,28.0
Ford,Mustang Base,2024,"51,516 mi.",Gasoline,4 Cyl,Automatic,Silver,Unknown,None reported,Yes,"$27,810",carfax_rebrowser_sample_oneprice,2026-05-10,Convertible,26.0
Chevrolet,Camaro LT,2024,"13,544 mi.",Gasoline,6 Cyl,Automatic,White,Black,None reported,Yes,"$38,130",carfax_rebrowser_sample_oneprice,2026-05-10,Convertible,22.0
Mazda,Miata Grand Touring,2024,"8,501 mi.",Gasoline,4 Cyl,Automatic,Red,Black,None reported,Yes,"$31,200",carfax_rebrowser_sample_oneprice,2026-05-10,Convertible,29.0
Ford,Mustang Base,2024,"47,151 mi.",Gasoline,4 Cyl,Automatic,Black,Black,None reported,Yes,"$30,050",carfax_rebrowser_sample_oneprice,2026-05-10,Convertible,26.0
Ford,Mustang Base,2024,"51,111 mi.",Gasoline,4 Cyl,Automatic,Yellow,Gray,None reported,Yes,"$30,510",carfax_rebrowser_sample_oneprice,2026-05-10,Convertible,26.0
Ford,Mustang Base,2024,"33,144 mi.",Gasoline,4 Cyl,Automatic,Gray,Black,None reported,Yes,"$31,230",carfax_rebrowser_sample_oneprice,2026-05-10,Convertible,26.0
Ford,Mustang Base,2024,"33,261 mi.",Gasoline,4 Cyl,Automatic,White,Black,None reported,Yes,"$31,800",carfax_rebrowser_sample_oneprice,2026-05-10,Convertible,26.0
Ford,Mustang Base,2024,"35,048 mi.",Gasoline,4 Cyl,Automatic,White,Black,None reported,Yes,"$31,900",carfax_rebrowser_sample_oneprice,2026-05-10,Convertible,26.0
Mazda,Miata Grand Touring,2024,"9,846 mi.",Gasoline,4 Cyl,Unknown,Gray,Black,None reported,Yes,"$31,300",carfax_rebrowser_sample_oneprice,2026-05-10,Convertible,29.0
Mazda,Miata Grand Touring,2024,"3,528 mi.",Gasoline,4 Cyl,Automatic,Gray,Tan,None reported,Yes,"$33,700",carfax_rebrowser_sample_oneprice,2026-05-10,Convertible,29.0
BMW,4 Series 430i,2024,"19,291 mi.",Gasoline,4 Cyl,Automatic,Blue,Black,None reported,Yes,"$44,190",carfax_rebrowser_sample_oneprice,2026-05-10,Convertible,28.0
Ford,Mustang Base,2024,"42,555 mi.",Gasoline,4 Cyl,Automatic,Gray,Gray,None reported,Yes,"$32,040",carfax_rebrowser_sample_oneprice,2026-05-10,Convertible,26.0
Mazda,Miata Club,2024,"5,283 mi.",Gasoline,4 Cyl,Manual,Black,Black,None reported,Yes,"$32,510",carfax_rebrowser_sample_oneprice,2026-05-10,Convertible,29.0
Ford,Mustang Base,2024,"39,232 mi.",Gasoline,4 Cyl,Automatic,White,Black,None reported,Yes,"$33,060",carfax_rebrowser_sample_oneprice,2026-05-10,Convertible,26.0
BMW,4 Series 430i,2024,"50,631 mi.",Gasoline,4 Cyl,Automatic,White,Brown,None reported,Yes,"$35,680",carfax_rebrowser_sample_oneprice,2026-05-10,Convertible,28.0
Chevrolet,Camaro LT,2024,"9,586 mi.",Gasoline,6 Cyl,Automatic,Red,Gray,None reported,Yes,"$39,410",carfax_rebrowser_sample_oneprice,2026-05-10,Convertible,22.0
Mini,Cooper S,2024,"10,227 mi.",Gasoline,4 Cyl,Automatic,Yellow,Black,None reported,Yes,"$31,620",carfax_rebrowser_sample_oneprice,2026-05-10,Convertible,30.0
Mazda,Miata Grand Touring,2024,"8,059 mi.",Gasoline,4 Cyl,Automatic,Red,Black,None reported,Yes,"$32,380",carfax_rebrowser_sample_oneprice,2026-05-10,Convertible,29.0
Ford,Mustang Base,2024,"39,337 mi.",Gasoline,4 Cyl,Automatic,Black,Gray,None reported,Yes,"$30,530",carfax_rebrowser_sample_oneprice,2026-05-10,Convertible,26.0
Mini,Cooper S,2024,"25,083 mi.",Gasoline,4 Cyl,Automatic,Black,Black,None reported,Yes,"$28,520",carfax_rebrowser_sample_oneprice,2026-05-10,Convertible,30.0
Ford,Mustang Base,2024,"43,970 mi.",Gasoline,4 Cyl,Automatic,Blue,Unknown,None reported,Yes,"$29,610",carfax_rebrowser_sample_oneprice,2026-05-10,Convertible,26.0
Mazda,Miata Grand Touring,2024,"20,232 mi.",Gasoline,4 Cyl,Automatic,Gray,Tan,None reported,Yes,"$31,560",carfax_rebrowser_sample_oneprice,2026-05-10,Convertible,29.0
Ford,Mustang Base,2024,"24,810 mi.",Gasoline,4 Cyl,Automatic,Blue,Gray,None reported,Yes,"$36,450",carfax_rebrowser_sample_oneprice,2026-05-10,Convertible,26.0
Mazda,Miata Club,2024,"7,408 mi.",Gasoline,4 Cyl,Manual,Blue,Black,None reported,Yes,"$36,500",carfax_rebrowser_sample_oneprice,2026-05-10,Convertible,29.0
Ford,Mustang Base,2024,"4,955 mi.",Gasoline,4 Cyl,Automatic,Red,Unknown,None reported,Yes,"$35,060",carfax_rebrowser_sample_oneprice,2026-05-10,Convertible,26.0
Ford,Mustang Base,2024,"6,315 mi.",Gasoline,4 Cyl,Automatic,Red,Black,None reported,Yes,"$34,540",carfax_rebrowser_sample_oneprice,2026-05-10,Convertible,26.0
Ford,Mustang Base,2024,"10,278 mi.",Gasoline,4 Cyl,Automatic,Red,Gray,None reported,Yes,"$35,170",carfax_rebrowser_sample_oneprice,2026-05-10,Convertible,26.0
Mazda,Miata Grand Touring,2024,"14,973 mi.",Gasoline,4 Cyl,Manual,Red,Black,None reported,Yes,"$30,980",carfax_rebrowser_sample_oneprice,2026-05-10,Convertible,29.0
BMW,4 Series 430i,2024,"11,582 mi.",Gasoline,4 Cyl,Automatic,Black,Tan,None reported,Yes,"$44,670",carfax_rebrowser_sample_oneprice,2026-05-10,Convertible,28.0
Mini,Cooper S,2024,"12,055 mi.",Gasoline,4 Cyl,Automatic,White,Brown,None reported,Yes,"$31,550",carfax_rebrowser_sample_oneprice,2026-05-10,Convertible,30.0
Ford,Mustang Base,2024,"46,072 mi.",Gasoline,4 Cyl,Automatic,White,Black,None reported,Yes,"$30,030",carfax_rebrowser_sample_oneprice,2026-05-10,Convertible,26.0
Ford,Mustang Base,2024,"60,865 mi.",Gasoline,4 Cyl,Automatic,Black,Gray,None reported,Yes,"$29,600",carfax_rebrowser_sample_oneprice,2026-05-10,Convertible,26.0
Ford,Mustang Base,2024,"43,794 mi.",Gasoline,4 Cyl,Automatic,Gray,Black,None reported,Yes,"$30,690",carfax_rebrowser_sample_oneprice,2026-05-10,Convertible,26.0
Mazda,Miata Grand Touring,2024,"6,580 mi.",Gasoline,4 Cyl,Automatic,Black,Black,None reported,Yes,"$34,510",carfax_rebrowser_sample_oneprice,2026-05-10,Convertible,29.0
Mazda,Miata Grand Touring,2024,"2,891 mi.",Gasoline,4 Cyl,Manual,White,Black,None reported,Yes,"$31,460",carfax_rebrowser_sample_oneprice,2026-05-10,Convertible,29.0
Mini,Cooper S,2024,"4,836 mi.",Gasoline,4 Cyl,Automatic,Black,Brown,None reported,Yes,"$32,360",carfax_rebrowser_sample_oneprice,2026-05-10,Convertible,30.0
Ford,Mustang Base,2024,"5,572 mi.",Gasoline,4 Cyl,Automatic,Blue,Gray,None reported,Yes,"$37,010",carfax_rebrowser_sample_oneprice,2026-05-10,Convertible,26.0
Mini,Cooper John Cooper Works,2024,"27,453 mi.",Gasoline,4 Cyl,Automatic,White,Black,None reported,Yes,"$35,940",carfax_rebrowser_sample_oneprice,2026-05-10,Convertible,28.0
Mazda,Miata Club,2024,"2,214 mi.",Gasoline,4 Cyl,Manual,Red,Black,None reported,Yes,"$33,310",carfax_rebrowser_sample_oneprice,2026-05-10,Convertible,29.0
Ford,Mustang Base,2024,"30,092 mi.",Gasoline,4 Cyl,Automatic,Yellow,Black,None reported,Yes,"$34,620",carfax_rebrowser_sample_oneprice,2026-05-10,Convertible,26.0
Mini,Cooper John Cooper Works,2024,"16,573 mi.",Gasoline,4 Cyl,Automatic,Green,Gray,None reported,Yes,"$37,150",carfax_rebrowser_sample_oneprice,2026-05-10,Convertible,28.0
Ford,Mustang Base,2025,"15,616 mi.",Gasoline,4 Cyl,Automatic,White,Black,None reported,Yes,"$32,050",carfax_rebrowser_sample_oneprice,2026-05-10,Convertible,26.0
BMW,2 Series M235i xDrive,2024,"4,148 mi.",Gasoline,4 Cyl,Automatic,White,Tan,None reported,Yes,"$43,910",carfax_rebrowser_sample_oneprice,2026-05-10,Sedan,27.0
Ford,Bronco Sport Badlands,2025,"10,935 mi.",Gasoline,4 Cyl,Automatic,Unknown,Unknown,None reported,Yes,"$34,750",carfax_rebrowser_sample_oneprice,2026-05-11,SUV,23.0
Ford,Explorer Active,2025,"14,682 mi.",Gasoline,4 Cyl,Automatic,Gray,Gray,None reported,Yes,"$39,660",carfax_rebrowser_sample_oneprice,2026-05-11,SUV,23.0
Toyota,Corolla LE,2026,"6,068 mi.",Gasoline,4 Cyl,Automatic,Black,Black,None reported,Yes,"$24,650",carfax_rebrowser_sample_oneprice,2026-05-11,Sedan,34.0
Toyota,Corolla SE,2026,759 mi.,Gasoline,4 Cyl,Automatic,Gray,Gray,None reported,Yes,"$26,990",carfax_rebrowser_sample_oneprice,2026-05-11,Sedan,34.0
Honda,Civic Sport,2026,"4,155 mi.",Hybrid,4 Cyl,Automatic,Blue,Gray,None reported,Yes,"$30,250",carfax_rebrowser_sample_oneprice,2026-05-11,Sedan,49.0
Volkswagen,Jetta SE,2026,"5,772 mi.",Gasoline,4 Cyl,Automatic,Silver,Black,None reported,Yes,"$24,370",carfax_rebrowser_sample_oneprice,2026-05-11,Sedan,34.0
Honda,Civic Sport,2026,"36,047 mi.",Gasoline,4 Cyl,Automatic,Blue,Unknown,None reported,Yes,"$25,130",carfax_rebrowser_sample_oneprice,2026-05-11,Sedan,34.0
Toyota,Corolla LE,2026,"10,003 mi.",Gasoline,4 Cyl,Automatic,Unknown,Black,None reported,Yes,"$23,160",carfax_rebrowser_sample_oneprice,2026-05-11,Sedan,34.0
Toyota,Corolla LE,2026,"5,455 mi.",Hybrid,4 Cyl,Automatic,Black,Black,None reported,Yes,"$27,050",carfax_rebrowser_sample_oneprice,2026-05-11,Sedan,50.0
Volkswagen,Jetta S,2026,"4,320 mi.",Gasoline,4 Cyl,Automatic,White,Black,None reported,Yes,"$25,080",carfax_rebrowser_sample_oneprice,2026-05-11,Sedan,34.0
Toyota,Corolla LE,2026,"2,005 mi.",Hybrid,4 Cyl,Automatic,Silver,Black,None reported,Yes,"$27,380",carfax_rebrowser_sample_oneprice,2026-05-11,Sedan,50.0
Volkswagen,Jetta Sport,2026,"9,928 mi.",Gasoline,4 Cyl,Automatic,Silver,Black,None reported,Yes,"$23,230",carfax_rebrowser_sample_oneprice,2026-05-11,Sedan,33.0
GMC,Sierra 2500HD Denali,2024,"35,501 mi.",Gasoline,8 Cyl,Automatic,Black,Black,None reported,Yes,"$66,680",carfax_rebrowser_sample_oneprice,2026-05-11,Pickup,
Nissan,Versa,2024,"23,695 mi.",Gasoline,4 Cyl,Automatic,Silver,Black,None reported,Yes,"$13,110",carfax_rebrowser_sample_oneprice,2026-05-11,Sedan,35.0
Mitsubishi,Mirage G4,2024,"23,852 mi.",Gasoline,3 Cyl,Automatic,White,Black,None reported,Yes,"$13,630",carfax_rebrowser_sample_oneprice,2026-05-11,Sedan,37.0
Nissan,Altima S,2024,"98,653 mi.",Gasoline,4 Cyl,Automatic,White,Black,None reported,Yes,"$16,640",carfax_rebrowser_sample_oneprice,2026-05-11,Sedan,31.0
Nissan,Sentra,2024,"122,765 mi.",Gasoline,4 Cyl,Automatic,White,Black,None reported,Yes,"$16,220",carfax_rebrowser_sample_oneprice,2026-05-11,Sedan,34.0
Mitsubishi,Mirage G4 ES,2024,"20,817 mi.",Gasoline,3 Cyl,Automatic,Gray,Black,None reported,Yes,"$15,150",carfax_rebrowser_sample_oneprice,2026-05-11,Sedan,37.0
Kia,Forte LX,2024,"124,850 mi.",Gasoline,4 Cyl,Automatic,Gray,Black,None reported,Yes,"$15,030",carfax_rebrowser_sample_oneprice,2026-05-11,Sedan,32.0
Mitsubishi,Mirage G4 ES,2024,"21,149 mi.",Gasoline,3 Cyl,Automatic,Black,Black,None reported,Yes,"$15,380",carfax_rebrowser_sample_oneprice,2026-05-11,Sedan,37.0
Nissan,Sentra SV,2024,"46,576 mi.",Gasoline,4 Cyl,Automatic,White,Black,None reported,Yes,"$19,470",carfax_rebrowser_sample_oneprice,2026-05-11,Sedan,34.0
Hyundai,Elantra SEL,2024,"15,007 mi.",Gasoline,4 Cyl,Automatic,White,Gray,None reported,Yes,"$15,680",carfax_rebrowser_sample_oneprice,2026-05-11,Sedan,34.0
Chevrolet,Malibu LT,2024,"71,692 mi.",Gasoline,4 Cyl,Automatic,Black,Black,None reported,Yes,"$16,160",carfax_rebrowser_sample_oneprice,2026-05-11,Sedan,31.0
Nissan,Sentra,2024,"29,951 mi.",Gasoline,4 Cyl,Automatic,Gray,Black,None reported,Yes,"$14,900",carfax_rebrowser_sample_oneprice,2026-05-11,Sedan,34.0
Mitsubishi,Mirage G4 ES,2024,"74,495 mi.",Gasoline,3 Cyl,Automatic,White,Black,None reported,Yes,"$12,830",carfax_rebrowser_sample_oneprice,2026-05-11,Sedan,37.0
Nissan,Versa,2024,"39,607 mi.",Gasoline,4 Cyl,Automatic,White,Black,None reported,Yes,"$15,390",carfax_rebrowser_sample_oneprice,2026-05-11,Sedan,35.0
Chevrolet,Malibu RS,2024,"26,920 mi.",Gasoline,4 Cyl,Automatic,Gray,Unknown,None reported,Yes,"$14,290",carfax_rebrowser_sample_oneprice,2026-05-11,Sedan,31.0
Nissan,Versa,2024,"42,900 mi.",Gasoline,4 Cyl,Automatic,Silver,Black,None reported,Yes,"$14,050",carfax_rebrowser_sample_oneprice,2026-05-11,Sedan,35.0
Toyota,Corolla LE,2024,"104,137 mi.",Gasoline,4 Cyl,Automatic,Red,Black,None reported,Yes,"$17,360",carfax_rebrowser_sample_oneprice,2026-05-11,Sedan,35.0
Nissan,Versa SV,2024,"23,549 mi.",Gasoline,4 Cyl,Automatic,Unknown,Unknown,None reported,Yes,"$15,080",carfax_rebrowser_sample_oneprice,2026-05-11,Sedan,35.0
Hyundai,Elantra SE,2024,"54,951 mi.",Gasoline,4 Cyl,Automatic,Black,Black,None reported,Yes,"$17,000",carfax_rebrowser_sample_oneprice,2026-05-11,Sedan,34.0
Nissan,Sentra SV,2024,"40,853 mi.",Gasoline,4 Cyl,Automatic,White,Unknown,None reported,Yes,"$17,070",carfax_rebrowser_sample_oneprice,2026-05-11,Sedan,34.0
Mitsubishi,Mirage G4 Black Edition,2024,"9,086 mi.",Gasoline,3 Cyl,Automatic,Black,Black,None reported,Yes,"$15,930",carfax_rebrowser_sample_oneprice,2026-05-11,Sedan,37.0
Nissan,Versa,2024,"69,536 mi.",Gasoline,4 Cyl,Automatic,Gray,Black,None reported,Yes,"$15,160",carfax_rebrowser_sample_oneprice,2026-05-11,Sedan,35.0
Nissan,Sentra SV,2024,"33,447 mi.",Gasoline,4 Cyl,Automatic,Black,Black,None reported,Yes,"$18,490",carfax_rebrowser_sample_oneprice,2026-05-11,Sedan,34.0
Kia,Forte LXS,2024,"56,238 mi.",Gasoline,4 Cyl,Automatic,Gray,Black,None reported,Yes,"$16,470",carfax_rebrowser_sample_oneprice,2026-05-11,Sedan,32.0
Chevrolet,Malibu LT,2024,"96,836 mi.",Gasoline,4 Cyl,Automatic,Black,Black,None reported,Yes,"$15,360",carfax_rebrowser_sample_oneprice,2026-05-11,Sedan,31.0
Kia,Forte LXS,2024,"45,650 mi.",Gasoline,4 Cyl,Automatic,White,Black,None reported,Yes,"$16,670",carfax_rebrowser_sample_oneprice,2026-05-11,Sedan,32.0
Nissan,Sentra,2024,"98,769 mi.",Gasoline,4 Cyl,Automatic,Gray,Black,None reported,Yes,"$15,950",carfax_rebrowser_sample_oneprice,2026-05-11,Sedan,34.0
Toyota,Corolla LE,2024,"165,444 mi.",Gasoline,4 Cyl,Automatic,Black,Black,None reported,Yes,"$16,990",carfax_rebrowser_sample_oneprice,2026-05-11,Sedan,35.0
Nissan,Altima S,2024,"43,836 mi.",Gasoline,4 Cyl,Automatic,Silver,Gray,None reported,Yes,"$18,720",carfax_rebrowser_sample_oneprice,2026-05-11,Sedan,31.0
Mitsubishi,Mirage G4 Black Edition,2024,"51,073 mi.",Gasoline,3 Cyl,Automatic,Gray,Black,None reported,Yes,"$13,720",carfax_rebrowser_sample_oneprice,2026-05-11,Sedan,37.0
Volkswagen,Jetta SE,2024,"50,195 mi.",Gasoline,4 Cyl,Automatic,Gray,Black,None reported,Yes,"$18,260",carfax_rebrowser_sample_oneprice,2026-05-11,Sedan,34.0
Kia,Forte LXS,2024,"99,106 mi.",Gasoline,4 Cyl,Automatic,Red,Black,None reported,Yes,"$14,060",carfax_rebrowser_sample_oneprice,2026-05-11,Sedan,32.0
Nissan,Altima SV,2024,"109,599 mi.",Gasoline,4 Cyl,Automatic,Silver,Black,None reported,Yes,"$18,000",carfax_rebrowser_sample_oneprice,2026-05-11,Sedan,29.0
Kia,Forte LXS,2024,"50,794 mi.",Gasoline,4 Cyl,Automatic,Gray,Black,None reported,Yes,"$16,170",carfax_rebrowser_sample_oneprice,2026-05-11,Sedan,32.0
Nissan,Sentra SV,2024,"29,999 mi.",Gasoline,4 Cyl,Automatic,Blue,Black,None reported,Yes,"$19,320",carfax_rebrowser_sample_oneprice,2026-05-11,Sedan,34.0
Nissan,Versa,2024,"33,807 mi.",Gasoline,4 Cyl,Manual,Gray,Black,None reported,Yes,"$16,840",carfax_rebrowser_sample_oneprice,2026-05-11,Sedan,30.0
Kia,Forte LXS,2024,"105,444 mi.",Gasoline,4 Cyl,Automatic,Black,Black,None reported,Yes,"$14,060",carfax_rebrowser_sample_oneprice,2026-05-11,Sedan,32.0
Toyota,Corolla LE,2024,"30,676 mi.",Gasoline,4 Cyl,Automatic,Gray,Gray,None reported,Yes,"$12,540",carfax_rebrowser_sample_oneprice,2026-05-11,Sedan,35.0
Hyundai,Elantra SE,2024,"71,124 mi.",Gasoline,4 Cyl,Automatic,Gray,Unknown,None reported,Yes,"$16,830",carfax_rebrowser_sample_oneprice,2026-05-11,Sedan,34.0
Toyota,Corolla LE,2024,"57,907 mi.",Gasoline,4 Cyl,Automatic,Silver,Black,None reported,Yes,"$18,530",carfax_rebrowser_sample_oneprice,2026-05-11,Sedan,35.0
Nissan,Altima S,2024,"76,616 mi.",Gasoline,4 Cyl,Automatic,Gray,Black,None reported,Yes,"$16,590",carfax_rebrowser_sample_oneprice,2026-05-11,Sedan,31.0
Honda,Civic Sport,2024,"266,407 mi.",Gasoline,4 Cyl,Automatic,White,Black,None reported,Yes,"$21,620",carfax_rebrowser_sample_oneprice,2026-05-11,Sedan,33.0
Nissan,Versa SR,2024,"67,107 mi.",Gasoline,4 Cyl,Automatic,Black,Red,None reported,Yes,"$15,840",carfax_rebrowser_sample_oneprice,2026-05-11,Sedan,35.0
Kia,Forte LX,2024,"23,510 mi.",Gasoline,4 Cyl,Automatic,Gray,Black,None reported,Yes,"$15,730",carfax_rebrowser_sample_oneprice,2026-05-11,Sedan,32.0
Volkswagen,Jetta Sport,2024,"84,088 mi.",Gasoline,4 Cyl,Automatic,White,Black,None reported,Yes,"$17,220",carfax_rebrowser_sample_oneprice,2026-05-11,Sedan,33.0
Chevrolet,Malibu LT,2024,"84,864 mi.",Gasoline,4 Cyl,Automatic,Gray,Black,None reported,Yes,"$16,490",carfax_rebrowser_sample_oneprice,2026-05-11,Sedan,31.0
Nissan,Altima SV,2024,"60,268 mi.",Gasoline,4 Cyl,Automatic,Silver,Black,None reported,Yes,"$18,190",carfax_rebrowser_sample_oneprice,2026-05-11,Sedan,31.0
Nissan,Versa SR,2024,"92,330 mi.",Gasoline,4 Cyl,Automatic,Silver,Unknown,None reported,Yes,"$14,960",carfax_rebrowser_sample_oneprice,2026-05-11,Sedan,35.0
Hyundai,Sonata SEL,2024,"22,000 mi.",Gasoline,4 Cyl,Automatic,Black,Black,None reported,Yes,"$16,460",carfax_rebrowser_sample_oneprice,2026-05-11,Sedan,29.0
BMW,X1 xDrive28i,2024,"15,175 mi.",Gasoline,4 Cyl,Automatic,Blue,Black,None reported,Yes,"$37,450",carfax_rebrowser_sample_oneprice,2026-05-11,SUV,28.0
Toyota,Corolla LE,2024,"51,569 mi.",Gasoline,4 Cyl,Automatic,Silver,Black,None reported,Yes,"$21,710",carfax_rebrowser_sample_oneprice,2026-05-12,Sedan,35.0
Chevrolet,Silverado 2500HD LT,2025,"22,962 mi.",Diesel,8 Cyl,Automatic,White,Black,None reported,Yes,"$66,100",carfax_rebrowser_sample_oneprice,2026-05-12,Pickup,
Lincoln,Aviator Black Label,2025,"6,447 mi.",Gasoline,6 Cyl,Automatic,Black,Tan,None reported,Yes,"$76,430",carfax_rebrowser_sample_oneprice,2026-05-12,SUV,20.0
GMC,Yukon XL Denali,2025,"12,587 mi.",Gasoline,8 Cyl,Automatic,Black,Black,None reported,Yes,"$74,870",carfax_rebrowser_sample_oneprice,2026-05-12,SUV,16.0
Chevrolet,Tahoe High Country,2025,"18,383 mi.",Diesel,6 Cyl,Automatic,White,Unknown,None reported,Yes,"$77,040",carfax_rebrowser_sample_oneprice,2026-05-12,SUV,22.0
GMC,Yukon XL Denali,2025,"8,762 mi.",Gasoline,8 Cyl,Automatic,White,Black,None reported,Yes,"$80,090",carfax_rebrowser_sample_oneprice,2026-05-12,SUV,16.0
Mercedes-Benz,GLE 450,2025,"8,097 mi.",Gasoline,6 Cyl,Automatic,Unknown,Unknown,None reported,Yes,"$70,840",carfax_rebrowser_sample_oneprice,2026-05-12,SUV,21.0
GMC,Yukon AT4 Ultimate,2025,"16,728 mi.",Diesel,6 Cyl,Automatic,Black,Black,None reported,Yes,"$89,170",carfax_rebrowser_sample_oneprice,2026-05-12,SUV,22.0
BMW,X5 xDrive50e,2026,10 mi.,Hybrid,6 Cyl,Automatic,Black,Brown,None reported,Yes,"$79,280",carfax_rebrowser_sample_oneprice,2026-05-12,SUV,22.0
BMW,X5 xDrive50e,2026,100 mi.,Hybrid,6 Cyl,Automatic,White,Black,None reported,Yes,"$80,210",carfax_rebrowser_sample_oneprice,2026-05-12,SUV,22.0
BMW,X5 xDrive50e,2026,32 mi.,Hybrid,6 Cyl,Automatic,Gray,Gray,None reported,Yes,"$79,490",carfax_rebrowser_sample_oneprice,2026-05-12,SUV,22.0
BMW,iX xDrive60,2026,"6,869 mi.",Electric,Electric,Automatic,Gray,Black,None reported,Yes,"$82,600",carfax_rebrowser_sample_oneprice,2026-05-12,SUV,97.0
Ford,Expedition MAX Platinum,2026,16 mi.,Gasoline,6 Cyl,Automatic,White,Black,None reported,Yes,"$77,510",carfax_rebrowser_sample_oneprice,2026-05-12,SUV,
BMW,X7 xDrive40i,2026,"28,177 mi.",Gasoline,6 Cyl,Automatic,Black,Tan,None reported,Yes,"$71,820",carfax_rebrowser_sample_oneprice,2026-05-12,SUV,23.0
BMW,X5 M60i,2026,"4,357 mi.",Gasoline,8 Cyl,Automatic,Silver,Gray,None reported,Yes,"$84,460",carfax_rebrowser_sample_oneprice,2026-05-12,SUV,19.0
BMW,X7 xDrive40i,2026,"11,042 mi.",Gasoline,6 Cyl,Automatic,Black,Brown,None reported,Yes,"$80,260",carfax_rebrowser_sample_oneprice,2026-05-12,SUV,23.0
Chevrolet,Tahoe RST,2026,"2,445 mi.",Gasoline,8 Cyl,Automatic,Gray,Black,None reported,Yes,"$74,440",carfax_rebrowser_sample_oneprice,2026-05-12,SUV,17.0
Chevrolet,Suburban RST,2026,"4,889 mi.",Diesel,6 Cyl,Automatic,White,Black,None reported,Yes,"$78,900",carfax_rebrowser_sample_oneprice,2026-05-12,SUV,22.0
GMC,Yukon Elevation,2026,"2,651 mi.",Gasoline,8 Cyl,Automatic,Black,Black,None reported,Yes,"$72,510",carfax_rebrowser_sample_oneprice,2026-05-12,SUV,17.0
Mercedes-Benz,GLS 450,2026,"4,676 mi.",Gasoline,6 Cyl,Automatic,Black,Black,None reported,Yes,"$93,610",carfax_rebrowser_sample_oneprice,2026-05-12,SUV,21.0
BMW,X5 M60i,2026,"10,704 mi.",Gasoline,8 Cyl,Automatic,Black,Brown,None reported,Yes,"$80,010",carfax_rebrowser_sample_oneprice,2026-05-12,SUV,19.0
Toyota,Sequoia 1794 Edition,2026,"16,554 mi.",Hybrid,6 Cyl,Automatic,Silver,Tan,None reported,Yes,"$76,050",carfax_rebrowser_sample_oneprice,2026-05-12,SUV,
Lexus,TX 500h,2026,"4,412 mi.",Hybrid,4 Cyl,Automatic,Gray,Black,None reported,Yes,"$77,390",carfax_rebrowser_sample_oneprice,2026-05-12,SUV,27.0
BMW,X5 xDrive50e,2026,986 mi.,Hybrid,6 Cyl,Automatic,Gray,Black,None reported,Yes,"$78,540",carfax_rebrowser_sample_oneprice,2026-05-12,SUV,22.0
BMW,X7 xDrive40i,2026,"4,315 mi.",Gasoline,6 Cyl,Automatic,Black,Tan,None reported,Yes,"$85,280",carfax_rebrowser_sample_oneprice,2026-05-12,SUV,23.0
Mercedes-Benz,GLE 450,2026,"3,008 mi.",Gasoline,6 Cyl,Automatic,White,Brown,None reported,Yes,"$75,890",carfax_rebrowser_sample_oneprice,2026-05-12,SUV,21.0
Porsche,Macan,2026,"1,035 mi.",Gasoline,4 Cyl,Automatic,Red,Black,None reported,Yes,"$73,740",carfax_rebrowser_sample_oneprice,2026-05-12,SUV,21.0
Mercedes-Benz,GLS 450,2026,"1,865 mi.",Gasoline,6 Cyl,Automatic,Gray,Black,None reported,Yes,"$90,800",carfax_rebrowser_sample_oneprice,2026-05-12,SUV,21.0
BMW,iX xDrive45,2026,581 mi.,Electric,Electric,Automatic,Gray,Black,None reported,Yes,"$79,190",carfax_rebrowser_sample_oneprice,2026-05-12,SUV,94.0
Mercedes-Benz,GLS 450,2026,"1,761 mi.",Gasoline,6 Cyl,Automatic,Black,Tan,None reported,Yes,"$91,070",carfax_rebrowser_sample_oneprice,2026-05-12,SUV,21.0
BMW,X7 xDrive40i,2026,"11,337 mi.",Gasoline,6 Cyl,Automatic,Black,Black,None reported,Yes,"$82,570",carfax_rebrowser_sample_oneprice,2026-05-12,SUV,23.0
Audi,Q8 Prestige,2026,"5,643 mi.",Gasoline,6 Cyl,Automatic,White,Black,None reported,Yes,"$81,620",carfax_rebrowser_sample_oneprice,2026-05-12,SUV,19.0
Porsche,Macan T,2026,"2,534 mi.",Gasoline,4 Cyl,Automatic,White,Black,None reported,Yes,"$75,800",carfax_rebrowser_sample_oneprice,2026-05-12,SUV,21.0
BMW,X5 xDrive40i,2026,"1,296 mi.",Gasoline,6 Cyl,Automatic,White,Black,None reported,Yes,"$74,410",carfax_rebrowser_sample_oneprice,2026-05-12,SUV,25.0
Mercedes-Benz,GLS 450,2026,"3,275 mi.",Gasoline,6 Cyl,Automatic,Silver,Black,None reported,Yes,"$90,610",carfax_rebrowser_sample_oneprice,2026-05-12,SUV,21.0
BMW,X5 xDrive40i,2026,"5,706 mi.",Gasoline,6 Cyl,Automatic,Gray,Black,None reported,Yes,"$72,790",carfax_rebrowser_sample_oneprice,2026-05-12,SUV,25.0
Volvo,XC60 T8 Polestar,2026,"6,273 mi.",Hybrid,4 Cyl,Automatic,Black,Black,None reported,Yes,"$75,980",carfax_rebrowser_sample_oneprice,2026-05-12,SUV,28.0
Ford,Expedition MAX Platinum,2026,902 mi.,Gasoline,6 Cyl,Automatic,Black,Black,None reported,Yes,"$79,770",carfax_rebrowser_sample_oneprice,2026-05-12,SUV,
Audi,Q7 Prestige,2026,72 mi.,Gasoline,6 Cyl,Automatic,Gray,Black,None reported,Yes,"$78,980",carfax_rebrowser_sample_oneprice,2026-05-12,SUV,20.0
Chevrolet,Suburban High Country,2026,"9,852 mi.",Gasoline,8 Cyl,Automatic,Gray,Black,None reported,Yes,"$87,950",carfax_rebrowser_sample_oneprice,2026-05-12,SUV,16.0
BMW,X6 M60i,2026,"13,918 mi.",Gasoline,8 Cyl,Automatic,Gray,Black,None reported,Yes,"$91,850",carfax_rebrowser_sample_oneprice,2026-05-12,SUV,19.0
Audi,Q8 Premium Plus,2026,"3,197 mi.",Gasoline,6 Cyl,Automatic,Gray,Black,None reported,Yes,"$76,170",carfax_rebrowser_sample_oneprice,2026-05-12,SUV,19.0
Chevrolet,Tahoe High Country,2026,"8,249 mi.",Gasoline,8 Cyl,Automatic,Black,Black,None reported,Yes,"$81,770",carfax_rebrowser_sample_oneprice,2026-05-12,SUV,16.0
Toyota,Sequoia TRD Pro,2026,"4,323 mi.",Hybrid,6 Cyl,Automatic,Black,Black,None reported,Yes,"$78,800",carfax_rebrowser_sample_oneprice,2026-05-12,SUV,
Porsche,Macan,2026,"2,059 mi.",Gasoline,4 Cyl,Automatic,Gray,Black,None reported,Yes,"$73,140",carfax_rebrowser_sample_oneprice,2026-05-12,SUV,21.0
Chevrolet,Tahoe High Country,2026,"2,271 mi.",Gasoline,8 Cyl,Automatic,Black,Black,None reported,Yes,"$82,400",carfax_rebrowser_sample_oneprice,2026-05-12,SUV,16.0
BMW,X7 xDrive40i,2026,"9,055 mi.",Gasoline,6 Cyl,Automatic,Gray,Black,None reported,Yes,"$81,510",carfax_rebrowser_sample_oneprice,2026-05-12,SUV,23.0
Mercedes-Benz,GLS 450,2026,"5,894 mi.",Gasoline,6 Cyl,Automatic,Gray,Tan,None reported,Yes,"$92,050",carfax_rebrowser_sample_oneprice,2026-05-12,SUV,21.0
BMW,X7 xDrive40i,2026,"5,576 mi.",Gasoline,6 Cyl,Automatic,Red,Brown,None reported,Yes,"$84,730",carfax_rebrowser_sample_oneprice,2026-05-12,SUV,23.0
GMC,Yukon XL Elevation,2026,"15,179 mi.",Diesel,6 Cyl,Automatic,White,Gray,None reported,Yes,"$79,730",carfax_rebrowser_sample_oneprice,2026-05-12,SUV,22.0
Ford,Expedition MAX Active,2026,"1,435 mi.",Gasoline,6 Cyl,Automatic,White,Gray,None reported,Yes,"$74,620",carfax_rebrowser_sample_oneprice,2026-05-12,SUV,
BMW,X5 M60i,2024,"20,021 mi.",Gasoline,8 Cyl,Automatic,Gray,Black,None reported,Yes,"$79,450",carfax_rebrowser_sample_oneprice,2026-05-12,SUV,19.0
Chevrolet,Corvette,2024,"4,509 mi.",Gasoline,8 Cyl,Automatic,White,Black,None reported,Yes,"$75,290",carfax_rebrowser_sample_oneprice,2026-05-12,Convertible,19.0
Lexus,LX 600,2024,"63,876 mi.",Gasoline,6 Cyl,Automatic,White,Black,None reported,Yes,"$88,150",carfax_rebrowser_sample_oneprice,2026-05-12,SUV,19.0
Tesla,Model X Plaid,2024,"28,977 mi.",Electric,Electric,Automatic,Red,Unknown,None reported,Yes,"$84,220",carfax_rebrowser_sample_oneprice,2026-05-12,SUV,98.0
Cadillac,Escalade ESV,2024,"38,361 mi.",Gasoline,8 Cyl,Automatic,Black,Black,None reported,Yes,"$91,330",carfax_rebrowser_sample_oneprice,2026-05-12,SUV,16.0
Chevrolet,Tahoe High Country,2024,"15,003 mi.",Gasoline,8 Cyl,Automatic,Gray,Black,None reported,Yes,"$71,280",carfax_rebrowser_sample_oneprice,2026-05-12,SUV,16.0
GMC,Yukon XL Denali Ultimate,2024,"28,117 mi.",Gasoline,8 Cyl,Automatic,White,White,None reported,Yes,"$79,220",carfax_rebrowser_sample_oneprice,2026-05-12,SUV,16.0
Porsche,Cayenne,2024,"36,562 mi.",Hybrid,6 Cyl,Automatic,Black,Black,None reported,Yes,"$88,970",carfax_rebrowser_sample_oneprice,2026-05-12,SUV,
Chevrolet,Suburban High Country,2024,"1,013 mi.",Gasoline,8 Cyl,Automatic,Black,Black,None reported,Yes,"$78,060",carfax_rebrowser_sample_oneprice,2026-05-12,SUV,16.0
Cadillac,Escalade,2024,"42,576 mi.",Gasoline,8 Cyl,Automatic,Gray,Tan,None reported,Yes,"$80,360",carfax_rebrowser_sample_oneprice,2026-05-12,SUV,16.0
Tesla,Model X Plaid,2024,"43,454 mi.",Electric,Electric,Automatic,Black,White,None reported,Yes,"$77,610",carfax_rebrowser_sample_oneprice,2026-05-12,SUV,98.0
Porsche,Cayenne,2024,"10,703 mi.",Gasoline,6 Cyl,Automatic,Black,Black,None reported,Yes,"$76,870",carfax_rebrowser_sample_oneprice,2026-05-12,SUV,19.0
Lincoln,Navigator L Black Label,2024,"55,178 mi.",Gasoline,6 Cyl,Automatic,Blue,Unknown,None reported,Yes,"$68,150",carfax_rebrowser_sample_oneprice,2026-05-12,SUV,
Jeep,Wrangler Rubicon,2024,"15,669 mi.",Gasoline,8 Cyl,Automatic,Gray,Red,None reported,Yes,"$71,690",carfax_rebrowser_sample_oneprice,2026-05-12,SUV,14.0
Jeep,Grand Wagoneer Series III,2024,"31,413 mi.",Gasoline,6 Cyl,Automatic,Black,Black,None reported,Yes,"$69,940",carfax_rebrowser_sample_oneprice,2026-05-12,SUV,17.0
GMC,Hummer EV 3X,2024,"9,611 mi.",Electric,Electric,Automatic,Blue,Tan,None reported,Yes,"$71,600",carfax_rebrowser_sample_oneprice,2026-05-12,SUV,
BMW,X5 M60i,2024,"27,030 mi.",Gasoline,8 Cyl,Automatic,Black,Black,None reported,Yes,"$75,230",carfax_rebrowser_sample_oneprice,2026-05-12,SUV,19.0
Lexus,GX 550,2024,"11,052 mi.",Gasoline,6 Cyl,Automatic,Unknown,Unknown,None reported,Yes,"$85,690",carfax_rebrowser_sample_oneprice,2026-05-12,SUV,17.0
Lexus,GX 550,2024,"14,336 mi.",Gasoline,6 Cyl,Automatic,Unknown,Tan,None reported,Yes,"$87,800",carfax_rebrowser_sample_oneprice,2026-05-12,SUV,17.0
BMW,X7 M60i,2024,"25,934 mi.",Gasoline,8 Cyl,Automatic,Gray,Tan,None reported,Yes,"$82,750",carfax_rebrowser_sample_oneprice,2026-05-12,SUV,18.0
Maserati,Grecale Trofeo,2024,"6,109 mi.",Gasoline,6 Cyl,Automatic,Blue,Black,None reported,Yes,"$76,380",carfax_rebrowser_sample_oneprice,2026-05-12,SUV,20.0
GMC,Yukon XL Denali Ultimate,2024,"25,465 mi.",Gasoline,8 Cyl,Automatic,Red,White,None reported,Yes,"$80,910",carfax_rebrowser_sample_oneprice,2026-05-12,SUV,16.0
Cadillac,Escalade,2024,"28,522 mi.",Gasoline,8 Cyl,Automatic,Black,Black,None reported,Yes,"$81,200",carfax_rebrowser_sample_oneprice,2026-05-12,SUV,16.0
Cadillac,Escalade ESV,2024,"65,111 mi.",Gasoline,8 Cyl,Automatic,Black,Black,None reported,Yes,"$70,330",carfax_rebrowser_sample_oneprice,2026-05-12,SUV,16.0
Cadillac,Escalade,2024,"11,774 mi.",Gasoline,8 Cyl,Automatic,Black,Black,None reported,Yes,"$84,170",carfax_rebrowser_sample_oneprice,2026-05-12,SUV,16.0
Cadillac,Escalade ESV,2024,"41,064 mi.",Gasoline,8 Cyl,Automatic,White,Black,None reported,Yes,"$91,540",carfax_rebrowser_sample_oneprice,2026-05-12,SUV,16.0
Chevrolet,Colorado Z71,2026,158 mi.,Gasoline,4 Cyl,Automatic,Gray,Black,None reported,Yes,"$44,480",carfax_rebrowser_sample_oneprice,2026-05-12,Pickup,18.0
Cadillac,Escalade,2024,"31,115 mi.",Gasoline,8 Cyl,Automatic,Gray,Black,None reported,Yes,"$83,490",carfax_rebrowser_sample_oneprice,2026-05-12,SUV,16.0
Cadillac,Escalade ESV,2024,"32,169 mi.",Gasoline,8 Cyl,Automatic,Black,Black,None reported,Yes,"$82,400",carfax_rebrowser_sample_oneprice,2026-05-12,SUV,16.0
BMW,X7 M60i,2024,"29,432 mi.",Gasoline,8 Cyl,Automatic,Gray,Tan,None reported,Yes,"$81,230",carfax_rebrowser_sample_oneprice,2026-05-12,SUV,18.0
Land Rover,Range Rover Sport SE Dynamic,2024,"19,818 mi.",Gasoline,6 Cyl,Automatic,White,Black,None reported,Yes,"$71,850",carfax_rebrowser_sample_oneprice,2026-05-12,SUV,
Mercedes-Benz,GLE 53 AMG,2024,"23,743 mi.",Gasoline,6 Cyl,Automatic,Gray,Black,None reported,Yes,"$80,560",carfax_rebrowser_sample_oneprice,2026-05-12,SUV,20.0
GMC,Yukon XL Denali Ultimate,2024,"30,994 mi.",Diesel,6 Cyl,Automatic,White,White,None reported,Yes,"$82,750",carfax_rebrowser_sample_oneprice,2026-05-12,SUV,22.0
Lexus,GX 550,2024,"23,114 mi.",Gasoline,6 Cyl,Automatic,White,Black,None reported,Yes,"$81,780",carfax_rebrowser_sample_oneprice,2026-05-12,SUV,17.0
Mercedes-Benz,GLE 53 AMG,2024,"30,426 mi.",Gasoline,6 Cyl,Automatic,White,Black,None reported,Yes,"$77,620",carfax_rebrowser_sample_oneprice,2026-05-12,SUV,20.0
Land Rover,Range Rover Sport SE,2024,"13,165 mi.",Gasoline,6 Cyl,Automatic,Black,Unknown,None reported,Yes,"$76,150",carfax_rebrowser_sample_oneprice,2026-05-12,SUV,
GMC,Yukon Denali Ultimate,2024,"34,168 mi.",Gasoline,8 Cyl,Automatic,Black,White,None reported,Yes,"$80,850",carfax_rebrowser_sample_oneprice,2026-05-12,SUV,16.0
Land Rover,Range Rover Sport SE Dynamic,2024,"22,884 mi.",Gasoline,6 Cyl,Automatic,Gray,Red,None reported,Yes,"$74,840",carfax_rebrowser_sample_oneprice,2026-05-12,SUV,
Mercedes-Benz,GLE 53 AMG,2024,"17,119 mi.",Gasoline,6 Cyl,Automatic,Gray,Red,None reported,Yes,"$71,380",carfax_rebrowser_sample_oneprice,2026-05-12,SUV,20.0
Cadillac,Escalade,2024,"55,032 mi.",Gasoline,8 Cyl,Automatic,White,Black,None reported,Yes,"$75,150",carfax_rebrowser_sample_oneprice,2026-05-12,SUV,16.0
Lexus,GX 550,2024,"46,085 mi.",Gasoline,6 Cyl,Automatic,Black,Black,None reported,Yes,"$81,460",carfax_rebrowser_sample_oneprice,2026-05-12,SUV,17.0
Ford,Bronco Raptor,2024,"8,309 mi.",Gasoline,6 Cyl,Automatic,Green,Black,None reported,Yes,"$74,660",carfax_rebrowser_sample_oneprice,2026-05-12,SUV,15.0
Toyota,Sequoia Capstone,2024,"8,674 mi.",Hybrid,6 Cyl,Automatic,Black,Black,None reported,Yes,"$74,570",carfax_rebrowser_sample_oneprice,2026-05-12,SUV,
GMC,Yukon XL Denali,2024,"15,818 mi.",Gasoline,8 Cyl,Automatic,Red,Brown,None reported,Yes,"$76,020",carfax_rebrowser_sample_oneprice,2026-05-12,SUV,16.0
GMC,Yukon XL Denali Ultimate,2024,"20,002 mi.",Gasoline,8 Cyl,Automatic,White,White,None reported,Yes,"$84,390",carfax_rebrowser_sample_oneprice,2026-05-12,SUV,16.0
Lexus,GX 550,2024,"27,333 mi.",Gasoline,6 Cyl,Automatic,Brown,Black,None reported,Yes,"$81,780",carfax_rebrowser_sample_oneprice,2026-05-12,SUV,17.0
Toyota,Sequoia Limited Edition,2024,"9,902 mi.",Hybrid,6 Cyl,Automatic,Black,Black,None reported,Yes,"$70,680",carfax_rebrowser_sample_oneprice,2026-05-12,SUV,
Lexus,GX 550,2024,"18,353 mi.",Gasoline,6 Cyl,Automatic,White,Black,None reported,Yes,"$84,910",carfax_rebrowser_sample_oneprice,2026-05-12,SUV,17.0
Lexus,GX 550,2024,"29,425 mi.",Gasoline,6 Cyl,Automatic,Black,Tan,None reported,Yes,"$78,410",carfax_rebrowser_sample_oneprice,2026-05-12,SUV,17.0
Lincoln,Navigator Black Label,2024,"37,462 mi.",Gasoline,6 Cyl,Automatic,White,White,None reported,Yes,"$75,570",carfax_rebrowser_sample_oneprice,2026-05-12,SUV,18.0
Land Rover,Defender 110,2024,"36,101 mi.",Gasoline,8 Cyl,Automatic,Gray,Black,None reported,Yes,"$86,420",carfax_rebrowser_sample_oneprice,2026-05-12,SUV,16.0
Lexus,GX 550,2024,"10,636 mi.",Gasoline,6 Cyl,Automatic,Silver,Black,None reported,Yes,"$86,980",carfax_rebrowser_sample_oneprice,2026-05-12,SUV,17.0
Lexus,GX 550,2024,"31,938 mi.",Gasoline,6 Cyl,Automatic,Silver,Gray,None reported,Yes,"$85,940",carfax_rebrowser_sample_oneprice,2026-05-12,SUV,17.0
Mercedes-Benz,GLE 53 AMG,2024,"19,470 mi.",Gasoline,6 Cyl,Automatic,Unknown,Unknown,None reported,Yes,"$77,000",carfax_rebrowser_sample_oneprice,2026-05-12,SUV,20.0
Lexus,GX 550,2024,"10,434 mi.",Gasoline,6 Cyl,Automatic,White,Black,None reported,Yes,"$84,020",carfax_rebrowser_sample_oneprice,2026-05-12,SUV,17.0
GMC,Yukon Denali,2024,"20,599 mi.",Gasoline,8 Cyl,Automatic,White,Brown,None reported,Yes,"$75,290",carfax_rebrowser_sample_oneprice,2026-05-12,SUV,16.0
Lexus,GX 550,2024,"17,827 mi.",Gasoline,6 Cyl,Automatic,Gray,Black,None reported,Yes,"$81,100",carfax_rebrowser_sample_oneprice,2026-05-12,SUV,17.0
GMC,Yukon Denali Ultimate,2024,"36,405 mi.",Gasoline,8 Cyl,Automatic,Red,White,None reported,Yes,"$79,620",carfax_rebrowser_sample_oneprice,2026-05-12,SUV,16.0
Mercedes-Benz,GLE 53 AMG,2024,"13,199 mi.",Gasoline,6 Cyl,Automatic,Gray,Black,None reported,Yes,"$79,680",carfax_rebrowser_sample_oneprice,2026-05-12,SUV,20.0
Ford,Bronco Raptor,2024,"2,091 mi.",Gasoline,6 Cyl,Automatic,Black,Black,None reported,Yes,"$75,020",carfax_rebrowser_sample_oneprice,2026-05-12,SUV,15.0
Lincoln,Navigator L Black Label,2024,"26,111 mi.",Gasoline,6 Cyl,Automatic,White,Black,None reported,Yes,"$79,230",carfax_rebrowser_sample_oneprice,2026-05-12,SUV,
Land Rover,Range Rover Sport SE Dynamic,2024,"31,945 mi.",Gasoline,6 Cyl,Automatic,Black,Black,None reported,Yes,"$76,930",carfax_rebrowser_sample_oneprice,2026-05-12,SUV,
Cadillac,Escalade,2024,"23,780 mi.",Gasoline,8 Cyl,Automatic,Black,Black,None reported,Yes,"$79,970",carfax_rebrowser_sample_oneprice,2026-05-12,SUV,16.0
GMC,Yukon Denali Ultimate,2024,"27,076 mi.",Gasoline,8 Cyl,Automatic,White,White,None reported,Yes,"$83,050",carfax_rebrowser_sample_oneprice,2026-05-12,SUV,16.0
GMC,Yukon XL Denali,2024,"25,658 mi.",Gasoline,8 Cyl,Automatic,Gray,Unknown,None reported,Yes,"$72,980",carfax_rebrowser_sample_oneprice,2026-05-12,SUV,16.0
GMC,Yukon Denali,2024,"31,147 mi.",Diesel,6 Cyl,Automatic,White,Black,None reported,Yes,"$70,490",carfax_rebrowser_sample_oneprice,2026-05-12,SUV,22.0
Cadillac,Escalade ESV,2024,"18,260 mi.",Gasoline,8 Cyl,Automatic,White,Black,None reported,Yes,"$89,050",carfax_rebrowser_sample_oneprice,2026-05-12,SUV,16.0
Ford,Bronco Raptor,2024,"8,986 mi.",Gasoline,6 Cyl,Automatic,Green,Unknown,None reported,Yes,"$72,630",carfax_rebrowser_sample_oneprice,2026-05-12,SUV,15.0
Toyota,Sequoia TRD Pro,2024,"6,850 mi.",Hybrid,6 Cyl,Automatic,Gray,Unknown,None reported,Yes,"$74,040",carfax_rebrowser_sample_oneprice,2026-05-12,SUV,
Porsche,Cayenne,2024,"24,977 mi.",Gasoline,6 Cyl,Automatic,Blue,Black,None reported,Yes,"$81,500",carfax_rebrowser_sample_oneprice,2026-05-12,SUV,19.0
GMC,Hummer EV 3X,2024,"11,669 mi.",Electric,Electric,Automatic,Blue,Tan,None reported,Yes,"$73,790",carfax_rebrowser_sample_oneprice,2026-05-12,SUV,
BMW,X7 M60i,2024,"17,246 mi.",Gasoline,8 Cyl,Automatic,Gray,Black,None reported,Yes,"$83,770",carfax_rebrowser_sample_oneprice,2026-05-12,SUV,18.0
Cadillac,Escalade,2024,"34,957 mi.",Gasoline,8 Cyl,Automatic,Silver,Black,None reported,Yes,"$74,910",carfax_rebrowser_sample_oneprice,2026-05-12,SUV,16.0
Cadillac,Escalade,2024,"35,758 mi.",Gasoline,8 Cyl,Automatic,Black,Brown,None reported,Yes,"$85,640",carfax_rebrowser_sample_oneprice,2026-05-12,SUV,16.0
Lexus,GX 550,2024,"14,409 mi.",Gasoline,6 Cyl,Automatic,Gray,Black,None reported,Yes,"$78,410",carfax_rebrowser_sample_oneprice,2026-05-12,SUV,17.0
Tesla,Model X Plaid,2024,"39,881 mi.",Electric,Electric,Automatic,Black,Black,None reported,Yes,"$79,660",carfax_rebrowser_sample_oneprice,2026-05-12,SUV,98.0
GMC,Hummer EV 2X,2024,"10,947 mi.",Electric,Electric,Automatic,Black,Tan,None reported,Yes,"$69,430",carfax_rebrowser_sample_oneprice,2026-05-12,SUV,
GMC,Yukon Denali Ultimate,2024,"27,789 mi.",Gasoline,8 Cyl,Automatic,Beige,White,None reported,Yes,"$82,610",carfax_rebrowser_sample_oneprice,2026-05-12,SUV,16.0
GMC,Yukon XL Denali Ultimate,2024,"41,250 mi.",Gasoline,8 Cyl,Automatic,Silver,White,None reported,Yes,"$79,510",carfax_rebrowser_sample_oneprice,2026-05-12,SUV,16.0
Jeep,Grand Wagoneer Series III,2024,"13,266 mi.",Gasoline,6 Cyl,Automatic,White,Blue,None reported,Yes,"$78,060",carfax_rebrowser_sample_oneprice,2026-05-12,SUV,17.0
Tesla,Model X,2024,"23,164 mi.",Electric,Electric,Automatic,Black,Black,None reported,Yes,"$66,720",carfax_rebrowser_sample_oneprice,2026-05-12,SUV,100.0
Cadillac,Escalade,2024,"12,903 mi.",Gasoline,8 Cyl,Automatic,White,Brown,None reported,Yes,"$78,330",carfax_rebrowser_sample_oneprice,2026-05-12,SUV,16.0
Rivian,R1S Adventure,2024,"8,861 mi.",Electric,Electric,Automatic,White,Unknown,None reported,Yes,"$72,590",carfax_rebrowser_sample_oneprice,2026-05-12,SUV,
Lexus,GX 550,2024,"21,021 mi.",Gasoline,6 Cyl,Automatic,Black,Black,None reported,Yes,"$80,850",carfax_rebrowser_sample_oneprice,2026-05-12,SUV,17.0
Land Rover,Range Rover Sport SE Dynamic,2024,"10,213 mi.",Gasoline,6 Cyl,Automatic,White,Black,None reported,Yes,"$81,710",carfax_rebrowser_sample_oneprice,2026-05-12,SUV,
Land Rover,Range Rover Sport SE,2024,"12,149 mi.",Gasoline,6 Cyl,Automatic,Blue,White,None reported,Yes,"$73,360",carfax_rebrowser_sample_oneprice,2026-05-12,SUV,
Porsche,Cayenne S,2024,"31,085 mi.",Gasoline,8 Cyl,Automatic,Gray,Black,None reported,Yes,"$93,550",carfax_rebrowser_sample_oneprice,2026-05-12,SUV,17.0
Lexus,GX 550,2024,"18,443 mi.",Gasoline,6 Cyl,Automatic,White,Gray,None reported,Yes,"$79,590",carfax_rebrowser_sample_oneprice,2026-05-12,SUV,17.0
Mercedes-Benz,GLE 53 AMG,2024,"28,038 mi.",Gasoline,6 Cyl,Automatic,Blue,Black,None reported,Yes,"$77,070",carfax_rebrowser_sample_oneprice,2026-05-12,SUV,20.0
Porsche,Cayenne,2024,"16,323 mi.",Gasoline,6 Cyl,Automatic,Black,Unknown,None reported,Yes,"$79,100",carfax_rebrowser_sample_oneprice,2026-05-12,SUV,19.0
Mercedes-Benz,GLE 53 AMG,2024,"17,585 mi.",Gasoline,6 Cyl,Automatic,Black,Red,None reported,Yes,"$80,690",carfax_rebrowser_sample_oneprice,2026-05-12,SUV,20.0
BMW,X7 M60i,2024,"10,956 mi.",Gasoline,8 Cyl,Automatic,Black,Tan,None reported,Yes,"$89,970",carfax_rebrowser_sample_oneprice,2026-05-12,SUV,18.0
Porsche,Cayenne,2024,"3,881 mi.",Gasoline,6 Cyl,Automatic,White,Black,None reported,Yes,"$86,600",carfax_rebrowser_sample_oneprice,2026-05-12,SUV,19.0
Lexus,GX 550,2024,"4,486 mi.",Gasoline,6 Cyl,Automatic,Silver,Gray,None reported,Yes,"$88,360",carfax_rebrowser_sample_oneprice,2026-05-12,SUV,17.0
Porsche,Cayenne,2024,"23,765 mi.",Gasoline,6 Cyl,Automatic,Silver,Black,None reported,Yes,"$83,720",carfax_rebrowser_sample_oneprice,2026-05-12,SUV,19.0
Lexus,GX 550,2024,"36,166 mi.",Gasoline,6 Cyl,Automatic,Gray,Black,None reported,Yes,"$81,580",carfax_rebrowser_sample_oneprice,2026-05-12,SUV,17.0
Ford,Bronco Raptor,2024,"19,019 mi.",Gasoline,6 Cyl,Automatic,Gray,Black,None reported,Yes,"$76,020",carfax_rebrowser_sample_oneprice,2026-05-12,SUV,15.0
GMC,Yukon Denali Ultimate,2024,"30,083 mi.",Gasoline,8 Cyl,Automatic,White,White,None reported,Yes,"$83,690",carfax_rebrowser_sample_oneprice,2026-05-12,SUV,16.0
Land Rover,Defender 110,2024,"21,571 mi.",Gasoline,8 Cyl,Automatic,Gray,Black,None reported,Yes,"$90,580",carfax_rebrowser_sample_oneprice,2026-05-12,SUV,16.0
BMW,X3 xDrive30,2026,"6,649 mi.",Gasoline,4 Cyl,Automatic,Black,Black,None reported,Yes,"$51,700",carfax_rebrowser_sample_oneprice,2026-05-12,SUV,29.0
Chevrolet,Silverado 2500HD Custom,2026,"10,738 mi.",Gasoline,8 Cyl,Automatic,Beige,Black,None reported,Yes,"$49,950",carfax_rebrowser_sample_oneprice,2026-05-12,Pickup,
Ram,3500 Tradesman,2024,"17,263 mi.",Diesel,6 Cyl,Automatic,Black,Black,None reported,Yes,"$58,430",carfax_rebrowser_sample_oneprice,2026-05-12,Pickup,
GMC,Sierra 1500 AT4,2024,"53,504 mi.",Diesel,6 Cyl,Automatic,White,Black,None reported,Yes,"$55,030",carfax_rebrowser_sample_oneprice,2026-05-12,Pickup,24.0
BMW,X5 xDrive40i,2026,658 mi.,Gasoline,6 Cyl,Automatic,White,Tan,None reported,Yes,"$75,130",carfax_rebrowser_sample_oneprice,2026-05-12,SUV,25.0
Cadillac,Vistiq Sport,2026,"3,252 mi.",Electric,Electric,Automatic,Red,Black,None reported,Yes,"$74,890",carfax_rebrowser_sample_oneprice,2026-05-12,SUV,86.0
BMW,X5 xDrive40i,2026,"11,399 mi.",Gasoline,6 Cyl,Automatic,White,Black,None reported,Yes,"$67,310",carfax_rebrowser_sample_oneprice,2026-05-12,SUV,25.0
BMW,X5 xDrive40i,2026,"6,537 mi.",Gasoline,6 Cyl,Automatic,Black,Black,None reported,Yes,"$70,920",carfax_rebrowser_sample_oneprice,2026-05-12,SUV,25.0
Toyota,Land Cruiser,2026,"5,925 mi.",Hybrid,4 Cyl,Automatic,White,Black,None reported,Yes,"$72,300",carfax_rebrowser_sample_oneprice,2026-05-12,SUV,23.0
GMC,Yukon Denali,2024,"32,438 mi.",Gasoline,8 Cyl,Automatic,Silver,Black,None reported,Yes,"$72,390",carfax_rebrowser_sample_oneprice,2026-05-12,SUV,16.0
Chevrolet,Tahoe High Country,2024,"44,086 mi.",Gasoline,8 Cyl,Automatic,White,Black,None reported,Yes,"$65,750",carfax_rebrowser_sample_oneprice,2026-05-12,SUV,16.0
Toyota,Land Cruiser First Edition,2024,"26,278 mi.",Hybrid,4 Cyl,Automatic,Blue,Unknown,None reported,Yes,"$66,150",carfax_rebrowser_sample_oneprice,2026-05-12,SUV,23.0
GMC,Yukon Denali,2024,"69,381 mi.",Gasoline,8 Cyl,Automatic,Red,Tan,None reported,Yes,"$62,820",carfax_rebrowser_sample_oneprice,2026-05-12,SUV,16.0
Toyota,Land Cruiser,2024,"26,414 mi.",Hybrid,4 Cyl,Automatic,Unknown,Tan,None reported,Yes,"$65,350",carfax_rebrowser_sample_oneprice,2026-05-12,SUV,23.0
Chevrolet,Tahoe High Country,2024,"40,738 mi.",Gasoline,8 Cyl,Automatic,White,Black,None reported,Yes,"$65,340",carfax_rebrowser_sample_oneprice,2026-05-12,SUV,16.0
Toyota,Sequoia SR5,2024,"47,965 mi.",Hybrid,6 Cyl,Automatic,Gray,Unknown,None reported,Yes,"$60,060",carfax_rebrowser_sample_oneprice,2026-05-12,SUV,
Chevrolet,Tahoe Z71,2024,"12,298 mi.",Gasoline,8 Cyl,Automatic,Gray,Black,None reported,Yes,"$68,440",carfax_rebrowser_sample_oneprice,2026-05-12,SUV,16.0
Chevrolet,Tahoe Z71,2024,"3,458 mi.",Gasoline,8 Cyl,Automatic,Unknown,Unknown,None reported,Yes,"$70,070",carfax_rebrowser_sample_oneprice,2026-05-12,SUV,16.0
Ford,Bronco Raptor,2024,"8,414 mi.",Gasoline,6 Cyl,Automatic,Gray,Black,None reported,Yes,"$73,360",carfax_rebrowser_sample_oneprice,2026-05-12,SUV,15.0
Jeep,Grand Wagoneer Series II,2024,"34,289 mi.",Gasoline,6 Cyl,Automatic,White,Black,None reported,Yes,"$61,140",carfax_rebrowser_sample_oneprice,2026-05-12,SUV,17.0
Chevrolet,Tahoe Premier,2024,"24,941 mi.",Gasoline,8 Cyl,Automatic,Black,Black,None reported,Yes,"$61,410",carfax_rebrowser_sample_oneprice,2026-05-12,SUV,16.0
INEOS,Grenadier Fieldmaster Edition,2024,"14,753 mi.",Gasoline,6 Cyl,Automatic,Blue,Black,None reported,Yes,"$65,330",carfax_rebrowser_sample_oneprice,2026-05-12,SUV,15.0
Toyota,Sequoia Platinum,2024,"34,269 mi.",Hybrid,6 Cyl,Automatic,White,Black,None reported,Yes,"$69,170",carfax_rebrowser_sample_oneprice,2026-05-12,SUV,
GMC,Yukon XL SLT,2024,"31,829 mi.",Gasoline,8 Cyl,Automatic,White,Black,None reported,Yes,"$63,550",carfax_rebrowser_sample_oneprice,2026-05-12,SUV,16.0
GMC,Yukon Denali,2024,"82,054 mi.",Gasoline,8 Cyl,Automatic,White,Black,None reported,Yes,"$60,360",carfax_rebrowser_sample_oneprice,2026-05-12,SUV,16.0
Chevrolet,Suburban High Country,2024,"43,868 mi.",Gasoline,8 Cyl,Automatic,White,Black,None reported,Yes,"$70,540",carfax_rebrowser_sample_oneprice,2026-05-12,SUV,16.0
Ford,Expedition King Ranch,2024,"17,100 mi.",Gasoline,6 Cyl,Automatic,White,Tan,None reported,Yes,"$66,560",carfax_rebrowser_sample_oneprice,2026-05-12,SUV,19.0
Chevrolet,Tahoe Z71,2024,"37,018 mi.",Gasoline,8 Cyl,Automatic,Red,Gray,None reported,Yes,"$61,750",carfax_rebrowser_sample_oneprice,2026-05-12,SUV,16.0
GMC,Hummer EV 3X,2024,"13,800 mi.",Electric,Electric,Automatic,Unknown,Unknown,None reported,Yes,"$71,000",carfax_rebrowser_sample_oneprice,2026-05-12,SUV,
Dodge,Durango SRT,2024,"23,659 mi.",Gasoline,8 Cyl,Automatic,Gray,Black,None reported,Yes,"$60,500",carfax_rebrowser_sample_oneprice,2026-05-12,SUV,15.0
Land Rover,Defender 110,2024,"23,420 mi.",Gasoline,6 Cyl,Automatic,Gray,Black,None reported,Yes,"$76,930",carfax_rebrowser_sample_oneprice,2026-05-12,SUV,18.0
GMC,Yukon Denali,2024,"15,030 mi.",Gasoline,8 Cyl,Automatic,Gray,Black,None reported,Yes,"$71,920",carfax_rebrowser_sample_oneprice,2026-05-12,SUV,16.0
Mercedes-Benz,GLS 450,2024,"24,045 mi.",Gasoline,6 Cyl,Automatic,Gray,Black,None reported,Yes,"$68,820",carfax_rebrowser_sample_oneprice,2026-05-12,SUV,21.0
BMW,X7 M60i,2024,"64,153 mi.",Gasoline,8 Cyl,Automatic,Gray,Tan,None reported,Yes,"$68,350",carfax_rebrowser_sample_oneprice,2026-05-12,SUV,18.0
Chevrolet,Tahoe Premier,2024,"34,696 mi.",Gasoline,8 Cyl,Automatic,Gray,Black,None reported,Yes,"$61,710",carfax_rebrowser_sample_oneprice,2026-05-12,SUV,16.0
Mercedes-Benz,GLS 450,2024,"19,506 mi.",Gasoline,6 Cyl,Automatic,Green,Tan,None reported,Yes,"$71,480",carfax_rebrowser_sample_oneprice,2026-05-12,SUV,21.0
Jeep,Grand Wagoneer Series III,2024,"20,276 mi.",Gasoline,6 Cyl,Automatic,White,Tan,None reported,Yes,"$70,860",carfax_rebrowser_sample_oneprice,2026-05-12,SUV,17.0
Ford,Bronco Raptor,2024,"33,181 mi.",Gasoline,6 Cyl,Automatic,Silver,Black,None reported,Yes,"$67,000",carfax_rebrowser_sample_oneprice,2026-05-12,SUV,15.0
Mercedes-Benz,GLS 450,2024,"31,760 mi.",Gasoline,6 Cyl,Automatic,White,Tan,None reported,Yes,"$71,490",carfax_rebrowser_sample_oneprice,2026-05-12,SUV,21.0
Toyota,Sequoia Platinum,2024,"45,764 mi.",Hybrid,6 Cyl,Automatic,Unknown,Black,None reported,Yes,"$63,870",carfax_rebrowser_sample_oneprice,2026-05-12,SUV,
Lincoln,Aviator Reserve,2024,"20,838 mi.",Gasoline,6 Cyl,Automatic,White,Black,None reported,Yes,"$56,050",carfax_rebrowser_sample_oneprice,2026-05-12,SUV,20.0
BMW,X7 xDrive40i,2024,"36,442 mi.",Gasoline,6 Cyl,Automatic,Gray,Gray,None reported,Yes,"$61,230",carfax_rebrowser_sample_oneprice,2026-05-12,SUV,22.0
Ford,Expedition MAX Platinum,2024,"18,968 mi.",Gasoline,6 Cyl,Automatic,Black,Unknown,None reported,Yes,"$68,250",carfax_rebrowser_sample_oneprice,2026-05-12,SUV,
Chevrolet,Tahoe High Country,2024,"14,911 mi.",Gasoline,8 Cyl,Automatic,Black,Black,None reported,Yes,"$70,940",carfax_rebrowser_sample_oneprice,2026-05-12,SUV,16.0
Toyota,Sequoia TRD Pro,2024,"30,133 mi.",Hybrid,6 Cyl,Automatic,White,Black,None reported,Yes,"$66,610",carfax_rebrowser_sample_oneprice,2026-05-12,SUV,
GMC,Yukon Denali,2024,"19,011 mi.",Gasoline,8 Cyl,Automatic,Gray,Black,None reported,Yes,"$74,290",carfax_rebrowser_sample_oneprice,2026-05-12,SUV,16.0
GMC,Yukon AT4,2024,"30,457 mi.",Gasoline,8 Cyl,Automatic,White,Black,None reported,Yes,"$67,100",carfax_rebrowser_sample_oneprice,2026-05-12,SUV,17.0
BMW,X5 xDrive40i,2024,"16,074 mi.",Gasoline,6 Cyl,Automatic,Black,Unknown,None reported,Yes,"$60,540",carfax_rebrowser_sample_oneprice,2026-05-12,SUV,25.0
Ford,Expedition Platinum,2024,"50,925 mi.",Gasoline,6 Cyl,Automatic,White,Unknown,None reported,Yes,"$59,480",carfax_rebrowser_sample_oneprice,2026-05-12,SUV,18.0
Ford,Expedition Platinum,2024,"32,657 mi.",Gasoline,6 Cyl,Automatic,Black,Black,None reported,Yes,"$64,740",carfax_rebrowser_sample_oneprice,2026-05-12,SUV,18.0
Jeep,Grand Wagoneer Series II,2024,"30,589 mi.",Gasoline,6 Cyl,Automatic,White,Black,None reported,Yes,"$67,940",carfax_rebrowser_sample_oneprice,2026-05-12,SUV,17.0
Chevrolet,Tahoe Premier,2024,"45,810 mi.",Gasoline,8 Cyl,Automatic,Blue,Black,None reported,Yes,"$58,690",carfax_rebrowser_sample_oneprice,2026-05-12,SUV,16.0
Mercedes-Benz,GLE 580,2024,"26,352 mi.",Gasoline,8 Cyl,Automatic,Green,Brown,None reported,Yes,"$72,060",carfax_rebrowser_sample_oneprice,2026-05-12,SUV,
Chevrolet,Suburban RST,2024,"29,378 mi.",Diesel,6 Cyl,Automatic,White,Black,None reported,Yes,"$72,270",carfax_rebrowser_sample_oneprice,2026-05-12,SUV,22.0
Chevrolet,Tahoe Premier,2024,"18,779 mi.",Gasoline,8 Cyl,Automatic,Black,Black,None reported,Yes,"$64,500",carfax_rebrowser_sample_oneprice,2026-05-12,SUV,16.0
Chevrolet,Tahoe High Country,2024,"29,451 mi.",Diesel,6 Cyl,Automatic,White,Black,None reported,Yes,"$67,990",carfax_rebrowser_sample_oneprice,2026-05-12,SUV,22.0
Chevrolet,Tahoe Z71,2024,"17,113 mi.",Gasoline,8 Cyl,Automatic,Gray,Black,None reported,Yes,"$63,360",carfax_rebrowser_sample_oneprice,2026-05-12,SUV,16.0
BMW,X7 xDrive40i,2024,"28,434 mi.",Gasoline,6 Cyl,Automatic,White,Tan,None reported,Yes,"$62,640",carfax_rebrowser_sample_oneprice,2026-05-12,SUV,22.0
Toyota,4Runner TRD Pro,2024,"39,672 mi.",Gasoline,6 Cyl,Automatic,Brown,Black,None reported,Yes,"$57,710",carfax_rebrowser_sample_oneprice,2026-05-12,SUV,17.0
BMW,X7 xDrive40i,2024,"30,981 mi.",Gasoline,6 Cyl,Automatic,Black,Black,None reported,Yes,"$67,780",carfax_rebrowser_sample_oneprice,2026-05-12,SUV,22.0
BMW,X5 xDrive40i,2024,"46,810 mi.",Gasoline,6 Cyl,Automatic,White,Brown,None reported,Yes,"$56,930",carfax_rebrowser_sample_oneprice,2026-05-12,SUV,25.0
GMC,Yukon AT4,2024,"14,204 mi.",Gasoline,8 Cyl,Automatic,Black,Black,None reported,Yes,"$67,290",carfax_rebrowser_sample_oneprice,2026-05-12,SUV,17.0
BMW,X7 xDrive40i,2024,"29,014 mi.",Gasoline,6 Cyl,Automatic,Gray,Black,None reported,Yes,"$66,730",carfax_rebrowser_sample_oneprice,2026-05-12,SUV,22.0
Dodge,Durango SRT,2024,"15,651 mi.",Gasoline,8 Cyl,Automatic,White,Black,None reported,Yes,"$61,940",carfax_rebrowser_sample_oneprice,2026-05-12,SUV,15.0
Ford,Expedition Timberline,2024,"26,575 mi.",Gasoline,6 Cyl,Automatic,Green,Black,None reported,Yes,"$60,060",carfax_rebrowser_sample_oneprice,2026-05-12,SUV,17.0
Chevrolet,Suburban High Country,2024,"33,441 mi.",Gasoline,8 Cyl,Automatic,Black,Black,None reported,Yes,"$70,280",carfax_rebrowser_sample_oneprice,2026-05-12,SUV,16.0
GMC,Yukon Denali,2024,"32,623 mi.",Gasoline,8 Cyl,Automatic,White,Brown,None reported,Yes,"$68,920",carfax_rebrowser_sample_oneprice,2026-05-12,SUV,16.0
Toyota,Sequoia TRD Pro,2024,"35,743 mi.",Hybrid,6 Cyl,Automatic,White,Black,None reported,Yes,"$72,570",carfax_rebrowser_sample_oneprice,2026-05-12,SUV,
GMC,Yukon Denali,2024,"57,325 mi.",Gasoline,8 Cyl,Automatic,White,Black,None reported,Yes,"$65,250",carfax_rebrowser_sample_oneprice,2026-05-12,SUV,16.0
Chevrolet,Suburban RST,2024,"49,185 mi.",Gasoline,8 Cyl,Automatic,Green,Black,None reported,Yes,"$64,040",carfax_rebrowser_sample_oneprice,2026-05-12,SUV,16.0
GMC,Yukon Denali,2024,"27,811 mi.",Gasoline,8 Cyl,Automatic,Silver,Black,None reported,Yes,"$72,090",carfax_rebrowser_sample_oneprice,2026-05-12,SUV,16.0
Mercedes-Benz,GLE 350,2024,"7,187 mi.",Gasoline,4 Cyl,Automatic,Gray,Black,None reported,Yes,"$59,120",carfax_rebrowser_sample_oneprice,2026-05-12,SUV,23.0
GMC,Yukon Denali,2024,"16,749 mi.",Gasoline,8 Cyl,Automatic,Black,Black,None reported,Yes,"$72,240",carfax_rebrowser_sample_oneprice,2026-05-12,SUV,16.0
BMW,X7 xDrive40i,2024,"29,877 mi.",Gasoline,6 Cyl,Automatic,Gray,Brown,None reported,Yes,"$67,200",carfax_rebrowser_sample_oneprice,2026-05-12,SUV,22.0
Toyota,Land Cruiser,2024,"21,231 mi.",Hybrid,4 Cyl,Automatic,White,Tan,None reported,Yes,"$64,540",carfax_rebrowser_sample_oneprice,2026-05-12,SUV,23.0
BMW,X5 M60i,2024,"45,644 mi.",Gasoline,8 Cyl,Automatic,Black,Black,None reported,Yes,"$69,000",carfax_rebrowser_sample_oneprice,2026-05-12,SUV,19.0
Chevrolet,Tahoe Z71,2024,"20,351 mi.",Gasoline,8 Cyl,Automatic,White,Black,None reported,Yes,"$61,530",carfax_rebrowser_sample_oneprice,2026-05-12,SUV,16.0
BMW,X5 xDrive50e,2024,"2,843 mi.",Hybrid,6 Cyl,Automatic,Green,Tan,None reported,Yes,"$66,350",carfax_rebrowser_sample_oneprice,2026-05-12,SUV,
GMC,Yukon AT4,2024,"28,499 mi.",Gasoline,8 Cyl,Automatic,White,Black,None reported,Yes,"$68,580",carfax_rebrowser_sample_oneprice,2026-05-12,SUV,16.0
GMC,Hummer EV 3X,2024,"13,107 mi.",Electric,Electric,Automatic,Blue,Tan,None reported,Yes,"$68,870",carfax_rebrowser_sample_oneprice,2026-05-12,SUV,
Land Rover,Range Rover Sport SE,2024,"21,826 mi.",Gasoline,6 Cyl,Automatic,Blue,Unknown,None reported,Yes,"$75,100",carfax_rebrowser_sample_oneprice,2026-05-12,SUV,
GMC,Yukon Denali,2024,"36,743 mi.",Gasoline,8 Cyl,Automatic,Gray,Black,None reported,Yes,"$71,190",carfax_rebrowser_sample_oneprice,2026-05-12,SUV,16.0
Land Rover,Defender 110,2024,"31,490 mi.",Gasoline,6 Cyl,Automatic,Brown,Tan,None reported,Yes,"$63,920",carfax_rebrowser_sample_oneprice,2026-05-12,SUV,18.0
Chevrolet,Suburban RST,2024,"36,474 mi.",Gasoline,8 Cyl,Automatic,White,Black,None reported,Yes,"$69,960",carfax_rebrowser_sample_oneprice,2026-05-12,SUV,16.0
GMC,Hummer EV 3X,2024,"15,370 mi.",Electric,Electric,Automatic,White,Tan,None reported,Yes,"$65,120",carfax_rebrowser_sample_oneprice,2026-05-12,SUV,
GMC,Yukon XL Denali Ultimate,2024,"85,155 mi.",Gasoline,8 Cyl,Automatic,Black,White,None reported,Yes,"$70,420",carfax_rebrowser_sample_oneprice,2026-05-12,SUV,16.0
Chevrolet,Tahoe High Country,2024,"31,755 mi.",Gasoline,8 Cyl,Automatic,Gray,Black,None reported,Yes,"$64,090",carfax_rebrowser_sample_oneprice,2026-05-12,SUV,16.0
Jeep,Wagoneer Series III,2024,"25,517 mi.",Gasoline,6 Cyl,Automatic,Black,Black,None reported,Yes,"$58,420",carfax_rebrowser_sample_oneprice,2026-05-12,SUV,19.0
GMC,Yukon Denali,2024,"10,358 mi.",Diesel,6 Cyl,Automatic,White,Black,None reported,Yes,"$72,330",carfax_rebrowser_sample_oneprice,2026-05-12,SUV,22.0
BMW,X3 M40i,2024,"35,023 mi.",Gasoline,6 Cyl,Automatic,Gray,Black,None reported,Yes,"$55,490",carfax_rebrowser_sample_oneprice,2026-05-12,SUV,23.0
Toyota,Sequoia SR5,2024,"29,146 mi.",Hybrid,6 Cyl,Automatic,Blue,Black,None reported,Yes,"$68,720",carfax_rebrowser_sample_oneprice,2026-05-12,SUV,
Chevrolet,Tahoe RST,2024,"28,282 mi.",Gasoline,8 Cyl,Automatic,Black,Red,None reported,Yes,"$64,040",carfax_rebrowser_sample_oneprice,2026-05-12,SUV,16.0
Chevrolet,Tahoe Premier,2024,"23,165 mi.",Gasoline,8 Cyl,Automatic,Gray,Black,None reported,Yes,"$65,690",carfax_rebrowser_sample_oneprice,2026-05-12,SUV,16.0
Toyota,Sequoia Platinum,2024,"29,532 mi.",Hybrid,6 Cyl,Automatic,Black,Black,None reported,Yes,"$70,350",carfax_rebrowser_sample_oneprice,2026-05-12,SUV,
Dodge,Durango SRT,2024,"1,023 mi.",Gasoline,8 Cyl,Automatic,Silver,Red,None reported,Yes,"$65,810",carfax_rebrowser_sample_oneprice,2026-05-12,SUV,15.0
GMC,Yukon XL Denali,2024,"44,909 mi.",Gasoline,8 Cyl,Automatic,White,Black,None reported,Yes,"$67,560",carfax_rebrowser_sample_oneprice,2026-05-12,SUV,16.0
GMC,Hummer EV 3X,2024,"27,312 mi.",Electric,Electric,Automatic,Black,Tan,None reported,Yes,"$70,000",carfax_rebrowser_sample_oneprice,2026-05-12,SUV,
GMC,Yukon XL Denali,2024,"32,673 mi.",Gasoline,8 Cyl,Automatic,White,Black,None reported,Yes,"$72,010",carfax_rebrowser_sample_oneprice,2026-05-12,SUV,16.0
Chevrolet,Tahoe RST,2024,"16,647 mi.",Gasoline,8 Cyl,Automatic,Black,Black,None reported,Yes,"$66,640",carfax_rebrowser_sample_oneprice,2026-05-12,SUV,16.0
Chevrolet,Tahoe Z71,2024,"29,055 mi.",Gasoline,8 Cyl,Automatic,White,Black,None reported,Yes,"$63,910",carfax_rebrowser_sample_oneprice,2026-05-12,SUV,16.0
Jeep,Wrangler Rubicon,2024,"3,555 mi.",Gasoline,8 Cyl,Automatic,Black,Red,None reported,Yes,"$75,760",carfax_rebrowser_sample_oneprice,2026-05-12,SUV,14.0
BMW,X5 xDrive50e,2024,"16,873 mi.",Hybrid,6 Cyl,Automatic,White,Tan,None reported,Yes,"$67,490",carfax_rebrowser_sample_oneprice,2026-05-12,SUV,
Chevrolet,Tahoe Z71,2024,"41,018 mi.",Gasoline,8 Cyl,Automatic,Gray,Black,None reported,Yes,"$60,310",carfax_rebrowser_sample_oneprice,2026-05-12,SUV,16.0
Toyota,Sequoia Limited Edition,2024,"9,315 mi.",Hybrid,6 Cyl,Automatic,Unknown,Black,None reported,Yes,"$69,850",carfax_rebrowser_sample_oneprice,2026-05-12,SUV,
BMW,X6 xDrive40i,2024,"16,290 mi.",Gasoline,6 Cyl,Automatic,White,Red,None reported,Yes,"$72,450",carfax_rebrowser_sample_oneprice,2026-05-12,SUV,24.0
Toyota,Sequoia SR5,2024,"28,864 mi.",Hybrid,6 Cyl,Automatic,Silver,Black,None reported,Yes,"$66,160",carfax_rebrowser_sample_oneprice,2026-05-12,SUV,
Tesla,Model X,2024,"21,256 mi.",Electric,Electric,Automatic,Gray,Black,None reported,Yes,"$71,190",carfax_rebrowser_sample_oneprice,2026-05-12,SUV,100.0
Toyota,4Runner TRD Pro,2024,"15,895 mi.",Gasoline,6 Cyl,Automatic,Black,Black,None reported,Yes,"$60,690",carfax_rebrowser_sample_oneprice,2026-05-12,SUV,17.0
Ford,Expedition Limited,2024,"22,537 mi.",Gasoline,6 Cyl,Automatic,White,Black,None reported,Yes,"$62,770",carfax_rebrowser_sample_oneprice,2026-05-12,SUV,18.0
Jeep,Wagoneer Series II,2024,"13,460 mi.",Gasoline,6 Cyl,Automatic,Black,White,None reported,Yes,"$59,860",carfax_rebrowser_sample_oneprice,2026-05-12,SUV,19.0
Porsche,Cayenne,2024,"25,863 mi.",Gasoline,6 Cyl,Automatic,White,Black,None reported,Yes,"$74,260",carfax_rebrowser_sample_oneprice,2026-05-12,SUV,19.0
Lincoln,Nautilus Black Label,2024,"5,889 mi.",Gasoline,4 Cyl,Automatic,Gray,Tan,None reported,Yes,"$59,240",carfax_rebrowser_sample_oneprice,2026-05-12,SUV,24.0
BMW,X7 xDrive40i,2024,"36,192 mi.",Gasoline,6 Cyl,Automatic,Gray,Brown,None reported,Yes,"$65,600",carfax_rebrowser_sample_oneprice,2026-05-12,SUV,22.0
Ford,Expedition Limited,2024,"8,198 mi.",Gasoline,6 Cyl,Automatic,Red,Tan,None reported,Yes,"$63,130",carfax_rebrowser_sample_oneprice,2026-05-12,SUV,18.0
Chevrolet,Suburban High Country,2024,"49,173 mi.",Gasoline,8 Cyl,Automatic,White,Black,None reported,Yes,"$68,350",carfax_rebrowser_sample_oneprice,2026-05-12,SUV,16.0
Toyota,Sequoia Limited Edition,2024,"37,234 mi.",Hybrid,6 Cyl,Automatic,Green,Black,None reported,Yes,"$66,740",carfax_rebrowser_sample_oneprice,2026-05-12,SUV,
GMC,Yukon XL AT4,2024,"23,281 mi.",Gasoline,8 Cyl,Automatic,Gray,Black,None reported,Yes,"$73,070",carfax_rebrowser_sample_oneprice,2026-05-12,SUV,16.0
Lincoln,Navigator Reserve,2024,"31,807 mi.",Gasoline,6 Cyl,Automatic,White,Tan,None reported,Yes,"$68,710",carfax_rebrowser_sample_oneprice,2026-05-12,SUV,18.0
GMC,Yukon Denali,2024,"20,723 mi.",Gasoline,8 Cyl,Automatic,Red,Brown,None reported,Yes,"$75,180",carfax_rebrowser_sample_oneprice,2026-05-12,SUV,16.0
Toyota,Land Cruiser,2024,"12,273 mi.",Hybrid,4 Cyl,Automatic,White,Black,None reported,Yes,"$65,840",carfax_rebrowser_sample_oneprice,2026-05-12,SUV,23.0
Ford,Expedition Platinum,2024,"21,964 mi.",Gasoline,6 Cyl,Automatic,Black,Black,None reported,Yes,"$69,450",carfax_rebrowser_sample_oneprice,2026-05-12,SUV,18.0
BMW,X5 M60i,2024,"24,272 mi.",Gasoline,8 Cyl,Automatic,Black,Black,None reported,Yes,"$77,020",carfax_rebrowser_sample_oneprice,2026-05-12,SUV,19.0
Ford,Bronco Raptor,2024,"35,547 mi.",Gasoline,6 Cyl,Automatic,White,Black,None reported,Yes,"$68,370",carfax_rebrowser_sample_oneprice,2026-05-12,SUV,15.0
BMW,X5 M60i,2024,"21,924 mi.",Gasoline,8 Cyl,Automatic,Black,Black,None reported,Yes,"$76,090",carfax_rebrowser_sample_oneprice,2026-05-12,SUV,19.0
GMC,Yukon Denali,2024,"25,922 mi.",Gasoline,8 Cyl,Automatic,Black,Black,None reported,Yes,"$74,780",carfax_rebrowser_sample_oneprice,2026-05-12,SUV,16.0
GMC,Yukon XL AT4,2024,"28,340 mi.",Gasoline,8 Cyl,Automatic,White,Black,None reported,Yes,"$70,130",carfax_rebrowser_sample_oneprice,2026-05-12,SUV,16.0
Porsche,Cayenne,2024,"51,492 mi.",Gasoline,6 Cyl,Automatic,Black,Black,None reported,Yes,"$79,140",carfax_rebrowser_sample_oneprice,2026-05-12,SUV,19.0
Chevrolet,Tahoe Z71,2024,"31,826 mi.",Gasoline,8 Cyl,Automatic,White,Gray,None reported,Yes,"$64,360",carfax_rebrowser_sample_oneprice,2026-05-12,SUV,16.0
Chevrolet,Tahoe Premier,2024,"29,933 mi.",Gasoline,8 Cyl,Automatic,White,Black,None reported,Yes,"$62,930",carfax_rebrowser_sample_oneprice,2026-05-12,SUV,16.0
Lexus,RX 350h,2024,"14,796 mi.",Hybrid,4 Cyl,Automatic,Gray,Black,None reported,Yes,"$61,670",carfax_rebrowser_sample_oneprice,2026-05-12,SUV,
Toyota,Land Cruiser,2024,"14,411 mi.",Hybrid,4 Cyl,Automatic,Black,Black,None reported,Yes,"$66,230",carfax_rebrowser_sample_oneprice,2026-05-12,SUV,23.0
Chevrolet,Tahoe Z71,2024,"14,615 mi.",Gasoline,8 Cyl,Automatic,White,Black,None reported,Yes,"$67,770",carfax_rebrowser_sample_oneprice,2026-05-12,SUV,16.0
Chevrolet,Suburban Z71,2024,"13,210 mi.",Gasoline,8 Cyl,Automatic,Gray,Black,None reported,Yes,"$71,910",carfax_rebrowser_sample_oneprice,2026-05-12,SUV,16.0
Chevrolet,Suburban Z71,2024,"29,220 mi.",Gasoline,8 Cyl,Automatic,Black,Black,None reported,Yes,"$67,800",carfax_rebrowser_sample_oneprice,2026-05-12,SUV,16.0
Ford,Expedition Timberline,2024,"42,058 mi.",Gasoline,6 Cyl,Automatic,Gray,Black,None reported,Yes,"$60,340",carfax_rebrowser_sample_oneprice,2026-05-12,SUV,17.0
Chevrolet,Suburban Premier,2024,"43,923 mi.",Diesel,6 Cyl,Automatic,White,Black,None reported,Yes,"$66,540",carfax_rebrowser_sample_oneprice,2026-05-12,SUV,22.0
BMW,X5 xDrive40i,2024,"25,479 mi.",Gasoline,6 Cyl,Automatic,Gray,Black,None reported,Yes,"$63,260",carfax_rebrowser_sample_oneprice,2026-05-12,SUV,25.0
Jeep,Wagoneer Series II,2025,"12,330 mi.",Gasoline,6 Cyl,Automatic,White,Black,None reported,Yes,"$60,460",carfax_rebrowser_sample_oneprice,2026-05-12,SUV,19.0
Chevrolet,Suburban Z71,2025,"21,563 mi.",Gasoline,8 Cyl,Automatic,Gray,Black,None reported,Yes,"$69,640",carfax_rebrowser_sample_oneprice,2026-05-12,SUV,16.0
Ford,Expedition MAX Active,2025,"24,301 mi.",Gasoline,6 Cyl,Automatic,Black,Gray,None reported,Yes,"$65,080",carfax_rebrowser_sample_oneprice,2026-05-12,SUV,
Chevrolet,Suburban Z71,2025,"20,981 mi.",Gasoline,8 Cyl,Automatic,Gray,Black,None reported,Yes,"$67,200",carfax_rebrowser_sample_oneprice,2026-05-12,SUV,16.0
Ford,Expedition MAX Active,2025,"31,353 mi.",Gasoline,6 Cyl,Automatic,Silver,Gray,None reported,Yes,"$60,940",carfax_rebrowser_sample_oneprice,2026-05-12,SUV,
Ford,Expedition Active,2025,"13,513 mi.",Gasoline,6 Cyl,Automatic,White,Gray,None reported,Yes,"$63,910",carfax_rebrowser_sample_oneprice,2026-05-12,SUV,18.0
Toyota,Land Cruiser,2025,"14,769 mi.",Hybrid,4 Cyl,Automatic,Blue,Black,None reported,Yes,"$66,300",carfax_rebrowser_sample_oneprice,2026-05-12,SUV,23.0
GMC,Hummer EV 2X,2025,"11,252 mi.",Electric,Electric,Automatic,Black,Tan,None reported,Yes,"$70,850",carfax_rebrowser_sample_oneprice,2026-05-12,SUV,
Land Rover,Defender 110,2025,"7,274 mi.",Gasoline,4 Cyl,Automatic,Black,Gray,None reported,Yes,"$64,280",carfax_rebrowser_sample_oneprice,2026-05-12,SUV,19.0
Ford,Expedition Active,2025,"19,359 mi.",Gasoline,6 Cyl,Automatic,White,Gray,None reported,Yes,"$62,500",carfax_rebrowser_sample_oneprice,2026-05-12,SUV,18.0
Audi,Q8 Prestige,2025,"4,809 mi.",Gasoline,6 Cyl,Automatic,Gray,Black,None reported,Yes,"$74,990",carfax_rebrowser_sample_oneprice,2026-05-12,SUV,19.0
Chevrolet,Tahoe LT,2025,"18,129 mi.",Gasoline,8 Cyl,Automatic,White,Black,None reported,Yes,"$62,300",carfax_rebrowser_sample_oneprice,2026-05-12,SUV,16.0
Toyota,Sequoia SR5,2025,"27,332 mi.",Hybrid,6 Cyl,Automatic,Silver,Black,None reported,Yes,"$65,400",carfax_rebrowser_sample_oneprice,2026-05-12,SUV,
Ford,Expedition Active,2025,"18,514 mi.",Gasoline,6 Cyl,Automatic,Blue,Gray,None reported,Yes,"$62,220",carfax_rebrowser_sample_oneprice,2026-05-12,SUV,18.0
Chevrolet,Tahoe RST,2025,"6,761 mi.",Gasoline,8 Cyl,Automatic,Black,Black,None reported,Yes,"$72,140",carfax_rebrowser_sample_oneprice,2026-05-12,SUV,16.0
GMC,Yukon AT4,2025,"15,907 mi.",Gasoline,8 Cyl,Automatic,Black,Unknown,None reported,Yes,"$73,290",carfax_rebrowser_sample_oneprice,2026-05-12,SUV,17.0
Chevrolet,Suburban Z71,2025,"23,690 mi.",Gasoline,8 Cyl,Automatic,Black,Black,None reported,Yes,"$68,530",carfax_rebrowser_sample_oneprice,2026-05-12,SUV,16.0
Ford,Expedition MAX Active,2025,"15,948 mi.",Gasoline,6 Cyl,Automatic,White,Unknown,None reported,Yes,"$62,860",carfax_rebrowser_sample_oneprice,2026-05-12,SUV,
Rivian,R1S Adventure,2025,"20,981 mi.",Electric,Electric,Automatic,White,Unknown,None reported,Yes,"$71,040",carfax_rebrowser_sample_oneprice,2026-05-12,SUV,
BMW,X5 xDrive50e,2025,"9,256 mi.",Hybrid,6 Cyl,Automatic,Gray,Brown,None reported,Yes,"$72,040",carfax_rebrowser_sample_oneprice,2026-05-12,SUV,22.0
Chevrolet,Suburban Z71,2025,"37,184 mi.",Gasoline,8 Cyl,Automatic,Black,Black,None reported,Yes,"$63,780",carfax_rebrowser_sample_oneprice,2026-05-12,SUV,16.0
Chevrolet,Tahoe LT,2025,"33,949 mi.",Gasoline,8 Cyl,Automatic,Black,Black,None reported,Yes,"$56,740",carfax_rebrowser_sample_oneprice,2026-05-12,SUV,16.0
Chevrolet,Tahoe Premier,2025,"16,802 mi.",Gasoline,8 Cyl,Automatic,Gray,Black,None reported,Yes,"$62,430",carfax_rebrowser_sample_oneprice,2026-05-12,SUV,17.0
Land Rover,Defender 110,2025,"5,828 mi.",Gasoline,6 Cyl,Automatic,Gray,Unknown,None reported,Yes,"$69,130",carfax_rebrowser_sample_oneprice,2026-05-12,SUV,19.0
Chevrolet,Tahoe Premier,2025,"28,944 mi.",Gasoline,8 Cyl,Automatic,Blue,Black,None reported,Yes,"$59,210",carfax_rebrowser_sample_oneprice,2026-05-12,SUV,17.0
Ford,Expedition Platinum,2025,"20,780 mi.",Gasoline,6 Cyl,Automatic,Black,Black,None reported,Yes,"$66,940",carfax_rebrowser_sample_oneprice,2026-05-12,SUV,18.0
Ford,Expedition Platinum,2025,"30,160 mi.",Gasoline,6 Cyl,Automatic,Black,Black,None reported,Yes,"$65,670",carfax_rebrowser_sample_oneprice,2026-05-12,SUV,18.0
Chevrolet,Tahoe Premier,2025,"16,487 mi.",Gasoline,8 Cyl,Automatic,Gray,Black,None reported,Yes,"$61,160",carfax_rebrowser_sample_oneprice,2026-05-12,SUV,17.0
Chevrolet,Tahoe Z71,2025,"41,065 mi.",Gasoline,8 Cyl,Automatic,Gray,Black,None reported,Yes,"$60,800",carfax_rebrowser_sample_oneprice,2026-05-12,SUV,16.0
Chevrolet,Suburban Z71,2025,"24,054 mi.",Gasoline,8 Cyl,Automatic,White,Black,None reported,Yes,"$65,940",carfax_rebrowser_sample_oneprice,2026-05-12,SUV,16.0
Chevrolet,Tahoe Premier,2025,"20,893 mi.",Gasoline,8 Cyl,Automatic,Gray,Black,None reported,Yes,"$61,340",carfax_rebrowser_sample_oneprice,2026-05-12,SUV,17.0
Chevrolet,Tahoe Premier,2025,"27,367 mi.",Gasoline,8 Cyl,Automatic,Gray,Black,None reported,Yes,"$58,820",carfax_rebrowser_sample_oneprice,2026-05-12,SUV,17.0
Chevrolet,Tahoe Z71,2025,"35,827 mi.",Gasoline,8 Cyl,Automatic,White,Black,None reported,Yes,"$62,030",carfax_rebrowser_sample_oneprice,2026-05-12,SUV,16.0
Ford,Expedition Platinum,2025,"29,759 mi.",Gasoline,6 Cyl,Automatic,White,Black,None reported,Yes,"$64,980",carfax_rebrowser_sample_oneprice,2026-05-12,SUV,18.0
BMW,X7 xDrive40i,2025,"47,416 mi.",Gasoline,6 Cyl,Automatic,Silver,Unknown,None reported,Yes,"$57,570",carfax_rebrowser_sample_oneprice,2026-05-12,SUV,22.0
Lexus,TX 350,2025,"18,486 mi.",Gasoline,4 Cyl,Automatic,White,Gray,None reported,Yes,"$61,860",carfax_rebrowser_sample_oneprice,2026-05-12,SUV,23.0
Chevrolet,Tahoe RST,2025,"23,250 mi.",Gasoline,8 Cyl,Automatic,Gray,Red,None reported,Yes,"$65,050",carfax_rebrowser_sample_oneprice,2026-05-12,SUV,17.0
Chevrolet,Suburban LT,2025,"39,111 mi.",Gasoline,8 Cyl,Automatic,Gray,Gray,None reported,Yes,"$59,900",carfax_rebrowser_sample_oneprice,2026-05-12,SUV,16.0
GMC,Yukon Denali,2025,"24,992 mi.",Gasoline,8 Cyl,Automatic,White,Black,None reported,Yes,"$72,700",carfax_rebrowser_sample_oneprice,2026-05-12,SUV,16.0
GMC,Yukon Denali,2025,"21,949 mi.",Gasoline,8 Cyl,Automatic,Black,Black,None reported,Yes,"$70,070",carfax_rebrowser_sample_oneprice,2026-05-12,SUV,17.0
GMC,Yukon Denali,2025,"32,178 mi.",Gasoline,8 Cyl,Automatic,Black,Black,None reported,Yes,"$71,120",carfax_rebrowser_sample_oneprice,2026-05-12,SUV,16.0
Chevrolet,Suburban Z71,2025,"32,355 mi.",Gasoline,8 Cyl,Automatic,Black,Black,None reported,Yes,"$64,860",carfax_rebrowser_sample_oneprice,2026-05-12,SUV,16.0
Chevrolet,Suburban Z71,2025,"33,947 mi.",Gasoline,8 Cyl,Automatic,Black,Black,None reported,Yes,"$64,540",carfax_rebrowser_sample_oneprice,2026-05-12,SUV,16.0
GMC,Yukon Denali,2025,"29,452 mi.",Gasoline,8 Cyl,Automatic,Black,Black,None reported,Yes,"$68,540",carfax_rebrowser_sample_oneprice,2026-05-12,SUV,17.0
Lincoln,Aviator Reserve,2025,"8,458 mi.",Gasoline,6 Cyl,Automatic,Unknown,Unknown,None reported,Yes,"$63,000",carfax_rebrowser_sample_oneprice,2026-05-12,SUV,20.0
Ford,Expedition MAX Active,2025,"8,715 mi.",Gasoline,6 Cyl,Automatic,Unknown,Unknown,None reported,Yes,"$65,940",carfax_rebrowser_sample_oneprice,2026-05-12,SUV,
GMC,Yukon Denali,2025,"30,141 mi.",Gasoline,8 Cyl,Automatic,Black,Black,None reported,Yes,"$70,500",carfax_rebrowser_sample_oneprice,2026-05-12,SUV,16.0
GMC,Yukon Denali,2025,"36,869 mi.",Gasoline,8 Cyl,Automatic,Silver,Black,None reported,Yes,"$74,130",carfax_rebrowser_sample_oneprice,2026-05-12,SUV,16.0
GMC,Yukon Denali,2025,"24,329 mi.",Gasoline,8 Cyl,Automatic,White,Black,None reported,Yes,"$72,740",carfax_rebrowser_sample_oneprice,2026-05-12,SUV,16.0
GMC,Yukon Denali,2025,"30,856 mi.",Gasoline,8 Cyl,Automatic,White,Black,None reported,Yes,"$70,890",carfax_rebrowser_sample_oneprice,2026-05-12,SUV,16.0
Lincoln,Aviator Reserve,2025,"20,771 mi.",Gasoline,6 Cyl,Automatic,Unknown,Black,None reported,Yes,"$62,250",carfax_rebrowser_sample_oneprice,2026-05-12,SUV,20.0
Chevrolet,Suburban Z71,2025,"43,192 mi.",Gasoline,8 Cyl,Automatic,Black,Black,None reported,Yes,"$63,450",carfax_rebrowser_sample_oneprice,2026-05-12,SUV,16.0
Chevrolet,Suburban Z71,2025,"39,019 mi.",Gasoline,8 Cyl,Automatic,Black,Black,None reported,Yes,"$63,370",carfax_rebrowser_sample_oneprice,2026-05-12,SUV,16.0
Ford,Expedition Platinum,2025,"33,205 mi.",Gasoline,6 Cyl,Automatic,Silver,Black,None reported,Yes,"$67,410",carfax_rebrowser_sample_oneprice,2026-05-12,SUV,18.0
Chevrolet,Tahoe RST,2025,"21,014 mi.",Gasoline,8 Cyl,Automatic,Green,Red,None reported,Yes,"$64,440",carfax_rebrowser_sample_oneprice,2026-05-12,SUV,17.0
GMC,Yukon XL Denali,2025,"24,785 mi.",Gasoline,8 Cyl,Automatic,White,Black,None reported,Yes,"$73,840",carfax_rebrowser_sample_oneprice,2026-05-12,SUV,16.0
Ford,Bronco Badlands,2025,"1,636 mi.",Gasoline,6 Cyl,Automatic,Gray,Black,None reported,Yes,"$57,540",carfax_rebrowser_sample_oneprice,2026-05-12,SUV,18.0
Mercedes-Benz,GLE 450,2025,"7,666 mi.",Gasoline,6 Cyl,Automatic,White,Tan,None reported,Yes,"$70,460",carfax_rebrowser_sample_oneprice,2026-05-12,SUV,21.0
Mercedes-Benz,GLE 450e,2025,"13,318 mi.",Hybrid,4 Cyl,Automatic,White,Black,None reported,Yes,"$70,770",carfax_rebrowser_sample_oneprice,2026-05-12,SUV,23.0
Porsche,Macan,2025,"7,154 mi.",Electric,Electric,Automatic,Silver,Black,None reported,Yes,"$74,310",carfax_rebrowser_sample_oneprice,2026-05-12,SUV,99.0
Mercedes-Benz,GLC 43 AMG,2025,"11,373 mi.",Gasoline,4 Cyl,Automatic,Black,Black,None reported,Yes,"$65,290",carfax_rebrowser_sample_oneprice,2026-05-12,SUV,21.0
Ford,Expedition Platinum,2025,"21,819 mi.",Gasoline,6 Cyl,Automatic,Silver,Black,None reported,Yes,"$70,500",carfax_rebrowser_sample_oneprice,2026-05-12,SUV,18.0
Ford,Expedition MAX Platinum,2025,"18,548 mi.",Gasoline,6 Cyl,Automatic,Silver,Unknown,None reported,Yes,"$76,090",carfax_rebrowser_sample_oneprice,2026-05-12,SUV,
Toyota,Land Cruiser,2025,"13,330 mi.",Hybrid,4 Cyl,Automatic,Black,Black,None reported,Yes,"$68,950",carfax_rebrowser_sample_oneprice,2026-05-12,SUV,23.0
Ford,Expedition Platinum,2025,"23,677 mi.",Gasoline,6 Cyl,Automatic,White,Black,None reported,Yes,"$68,910",carfax_rebrowser_sample_oneprice,2026-05-12,SUV,18.0
BMW,iX M60,2025,"21,168 mi.",Electric,Electric,Automatic,Gray,Brown,None reported,Yes,"$80,510",carfax_rebrowser_sample_oneprice,2026-05-12,SUV,
Mercedes-Benz,GLE 450e,2025,"12,578 mi.",Hybrid,4 Cyl,Automatic,White,Tan,None reported,Yes,"$67,150",carfax_rebrowser_sample_oneprice,2026-05-12,SUV,23.0
Kia,Carnival SX Prestige,2025,"7,145 mi.",Gasoline,6 Cyl,Automatic,Blue,Black,None reported,Yes,"$45,690",carfax_rebrowser_sample_oneprice,2026-05-12,Minivan,21.0
Toyota,Sienna Platinum,2025,"8,212 mi.",Hybrid,4 Cyl,Automatic,Blue,Black,None reported,Yes,"$59,980",carfax_rebrowser_sample_oneprice,2026-05-12,Minivan,35.0
Kia,K4 LXS,2025,"18,086 mi.",Gasoline,4 Cyl,Automatic,Gray,Gray,None reported,Yes,"$21,530",carfax_rebrowser_sample_oneprice,2026-05-13,Sedan,33.0
BMW,X5 xDrive40i,2026,"192,205 mi.",Gasoline,6 Cyl,Automatic,Blue,Gray,None reported,Yes,"$57,410",carfax_rebrowser_sample_oneprice,2026-05-13,SUV,25.0
